submission_id,created_date,applicant_name,applicant_email,extracted_org_name,missing_reason,matched_existing_org_id,matched_existing_org_name
63b4c491-108c-400b-8f78-09ad6719af5c,2026-02-22T03:33:54.529+00:00,,,DOST EDUCATION,organization_id is NULL,,
cb3b642c-2a0a-4bfa-a973-b21a0c1d4224,2026-02-23T19:23:21.978+00:00,,,Mercy Education Support Center,organization_id is NULL,,
0e8cb51c-ec23-405a-8d6b-ff6cb88e28d5,2026-02-24T08:28:32.952+00:00,,,Parceiros da Educação,organization_id is NULL,,
89413d41-59f4-4d21-a157-ded8c16c1f71,2026-02-26T17:51:11.418+00:00,,,Matungu Community Development Charity (MCDC),organization_id is NULL,,
78b1effd-e220-46f6-ae6e-ce5a5ae66e48,2026-02-26T17:56:42.16+00:00,,,Toilets for All,organization_id is NULL,,
16929a36-02a0-44b4-aa71-4698c734a6e0,2026-02-28T10:12:36.467+00:00,,,Boltay Huroof,organization_id is NULL,,
8d455ce7-19c7-4008-8384-7e7364000eee,2026-03-01T06:29:36.224+00:00,,,Aasaman Nepal,organization_id is NULL,,
ea71e1b4-9511-486a-9814-3f8f57380c71,2026-03-02T16:41:58.155+00:00,,,Rural to Action,organization_id is NULL,,
598bf9d9-43e7-4756-9b0e-d9f8a677ade8,2026-03-02T18:11:27.949+00:00,,,Kach-up Learning Hub,organization_id is NULL,,
f8b9d93e-c5f9-4303-bd1c-fb96a1b5210f,2026-03-03T15:01:00.225+00:00,,,Social Growth And Education Aids (SOGEA-TANZANIA),organization_id is NULL,,
77b59c73-7434-451b-a211-bc6f0c3d12b4,2026-03-03T19:07:42.741+00:00,,,Phakamani Young Minds Academy,organization_id is NULL,,
d8058c80-e8d8-404b-b9fd-552483683abf,2026-03-04T14:13:23.83+00:00,,,ELIMU BORA INITIATIVE CBO,organization_id is NULL,,
884f5b92-f7b7-40f6-9da4-a8ddf492ae2c,2026-03-05T07:13:03.822+00:00,,,SECONDARY EDUCATION FOR GIRL'S ADVANCEMENT-SEGA,organization_id is NULL,,
0b764b5b-16f3-4a55-a5a0-2c4d9ef3eac7,2026-03-05T08:20:36.102+00:00,,,The Nucleus Center for Early Childhood Development,organization_id is NULL,,
2f4ca8bf-f6dd-4a9e-b0ae-9541c393ee5f,2026-03-05T08:23:43.098+00:00,,,CEEOINDIA,organization_id is NULL,,
4dc293ec-36ea-42aa-b4a0-db3e5a25bdeb,2026-03-05T08:35:01.025+00:00,,,OpenMind Publishing,organization_id is NULL,,
c1a64a4f-29eb-4662-925b-b72c131ae618,2026-03-05T09:07:52.271+00:00,,,Windle Trust International,organization_id is NULL,,
d26fbb95-a2a9-4866-83d0-87fc59cafd34,2026-03-05T21:03:58.962+00:00,,,OtherAI,organization_id is NULL,,
164c07d1-8204-4d4a-ab90-630674cbad92,2026-03-06T05:03:59.816+00:00,,,EDUCATION NETWORK,organization_id is NULL,,
264160cc-7bd1-4c89-92ef-426f5582243d,2026-03-06T07:19:58.74+00:00,,,Madad Foundation,organization_id is NULL,,
e7fb026f-9a24-4909-a9f4-6a6eac3910de,2026-03-06T12:16:21.089+00:00,,,TaRL Africa,organization_id is NULL,,
7655948c-e149-42e5-9f9d-8d9d712110d6,2026-03-06T19:37:55.902+00:00,,,Safe Society,organization_id is NULL,,
541fae72-0362-4402-8e45-17d6cbc0f40c,2026-03-08T03:47:15.631+00:00,,,Ssaku Senior Secondary School,organization_id is NULL,,
3c60d529-dcc6-41dc-8062-5c3421c45f6e,2026-03-09T05:48:36.517+00:00,,,Azahir,organization_id is NULL,,
ca41b925-f377-4a2f-8375-d5d19d3d9f75,2026-03-09T08:54:48.41+00:00,,,ABC,organization_id is NULL,,
83a6e52c-4abf-4f8f-a29a-17770c9e2488,2026-03-09T08:55:10.634+00:00,,,Wema Uganda,organization_id is NULL,,
88ba98c9-df2f-4b8d-947b-93d48607c61c,2026-03-09T20:20:13.097+00:00,,,MONTESSORI COMMUNITY OF TANZANIA (MCT),organization_id is NULL,,
60334387-e0b3-45ee-940f-9d2431e59dd6,2026-03-10T08:43:00.822+00:00,,,AlifLaila Kids Digital Library,organization_id is NULL,,
7b113ef9-983e-4e1a-ace9-060ec18df152,2026-03-10T13:35:43.186+00:00,,,nurtura Ltd,organization_id is NULL,,
163fc3fb-4fd1-4b0f-8c57-eb26bcb959f7,2026-03-11T05:25:12.83+00:00,,,Premier DLC (Beaconhouse Group),organization_id is NULL,,
a21154f1-ebba-472e-b273-8e9304436443,2026-03-11T07:43:45.273+00:00,,,"Children's Book Organisation, Tanzania",organization_id is NULL,,
5951346c-4149-4992-b6c6-6a10e8bdb922,2026-03-11T13:47:58.122+00:00,,,I am an individual,organization_id is NULL,,
afc22212-ecc6-4062-a6b9-b8f87f29c362,2026-03-12T09:14:02.477+00:00,,,Mouvement national pour l'education pour tous ( MoNEPT),organization_id is NULL,,
47b286e0-1d9e-457d-a952-12847017e31d,2026-03-13T02:23:43.891+00:00,,,Z & Z International School,organization_id is NULL,,
7613c27c-cbca-41d3-b25e-c27bfe8f0df5,2026-03-13T16:03:15.989+00:00,,,Turkish Philanthropy Funds,organization_id is NULL,,
c8c63b11-dc9e-472b-a448-16e2ff3f6507,2026-03-14T19:51:51.919+00:00,,,Alliance for Child Health Inclusive Learning and Development,organization_id is NULL,,
33abf0a0-5104-4b83-8207-32a40abc3290,2026-03-16T20:15:56.192+00:00,,,Peace One Day Mali,organization_id is NULL,,
13124ba8-5859-45c9-9e91-cc3f3b2a3d03,2026-03-16T20:34:52.11+00:00,,,World Vision International,organization_id is NULL,,
86b878d9-fd9a-4d5f-af6a-283d9f2dcc99,2026-03-16T21:49:34.963+00:00,,,Help Me To Learn Community School,organization_id is NULL,,
71a86f97-1172-49d4-acdb-69a920b0386d,2026-03-17T13:39:55.616+00:00,,,Fidel Educational consult,organization_id is NULL,,
7b20f9a5-783e-4c18-b209-f5a3d3e6fed8,2026-03-17T16:27:45.899+00:00,,,ramirezcomp66,organization_id is NULL,,
0df3e764-ff25-42b6-95ec-35f7ee97524b,2026-03-17T22:43:26.108+00:00,,,Notre Boîte A Livres,organization_id is NULL,,
484ed514-961c-4262-8875-b6c80858fede,2026-03-18T03:43:29.588+00:00,,,Head Start Education Technologies (Pty) Ltd,organization_id is NULL,,
39488b0b-d25c-49d1-b3e6-c18e0dc3f2d7,2026-03-18T06:54:36.387+00:00,,,Inspire Educate and Empower Rwanda,organization_id is NULL,,
8dad781d-31b3-4956-81c4-ab2920c639ba,2026-03-18T08:45:57.165+00:00,,,IDES Mozambique,organization_id is NULL,,
39dea4f8-d8c6-4d27-ab86-b51c55179cb2,2026-03-18T12:56:59.435+00:00,,,STREET CHILDREN EMPOWERMENT FOUNDATION,organization_id is NULL,,
5f4b8db8-ed2d-43cb-a04a-d9ae919597a9,2026-03-18T14:33:33.011+00:00,,,Aga khan Academy Maputo,organization_id is NULL,,
819ea59a-3201-49de-a9f8-4829a99ca702,2026-03-19T07:46:27.972+00:00,,,Bible Translation and Literacy E.A,organization_id is NULL,,
552555e8-4cde-4732-8b6f-6dc4c8264ecf,2026-03-19T08:40:33.697+00:00,,,Centre National de Recherche Agronomique (CNRA),organization_id is NULL,,
06bcae2b-5f7f-40e4-b987-6377136d3ca7,2026-03-19T09:14:57.728+00:00,,,University of Nairobi,organization_id is NULL,,
9ca1ed4f-893b-432b-8e60-58629640adb6,2026-03-19T14:44:13.852+00:00,,,Apostolic Voice Education Trust,organization_id is NULL,,
f43f967a-27b7-450e-abca-cbe4e461fada,2026-03-19T20:34:10.406+00:00,,,University of Embu,organization_id is NULL,,
99e26d38-75f5-414d-a2bd-8d9b23ef84a5,2026-03-19T20:41:29.385+00:00,,,Rays of Hope Ministries,organization_id is NULL,,
b8f9cbb8-d3fc-4311-96df-6a811ea44414,2026-03-20T09:54:48.845+00:00,,,Educational Initiatives Pvt. Ltd.,organization_id is NULL,,
e68773b7-afd5-4c84-910e-4b5b94f2c431,2026-03-20T11:21:42.45+00:00,,,RAJAPI COP SENEGAL,organization_id is NULL,,
c3eba49c-be14-4878-a26c-080533b7af47,2026-03-20T15:56:50.424+00:00,,,Faculté de Sciences et Technologies de l'Education et de la Formation Université Cheikh Anta Diop de Dakar,organization_id is NULL,,
30c4fcd7-76e8-4503-9855-b3ce1c5dc394,2026-03-20T18:56:57.405+00:00,,,RADED (Réseau Africain pour le Développement Durable),organization_id is NULL,,
b5f3cfdb-cb87-4c83-a6bb-aa520e1fb807,2026-03-21T17:26:32.593+00:00,,,Headstone Ministries Uganda,organization_id is NULL,,
4c144f6a-c424-495b-a569-297c503695d9,2026-03-22T07:50:10.133+00:00,,,Ubuntu Universe,organization_id is NULL,,
ae93c2a2-1599-4ed6-a4ae-cfc79ec7e23b,2026-03-22T14:38:26.449+00:00,,,Atekok Foundation Africa,organization_id is NULL,,
d8d7b8c3-f30b-480c-b76c-11554e4ce481,2026-03-22T15:17:51.327+00:00,,,Ananse Learning,organization_id is NULL,,
f6acf3a5-015a-40b9-b05a-d14e27079945,2026-03-22T19:53:27.98+00:00,,,BOKONZI,organization_id is NULL,,
418f97e1-fec2-4db7-b19a-59d2e3a0b05e,2026-03-23T13:43:24.648+00:00,,,Tangerine Central,organization_id is NULL,,
4d7610da-cb25-47b5-8eb4-11f70b36f94b,2026-03-23T22:11:41.781+00:00,,,DIMONGO — Associação para o Desenvolvimento Socioeconómico de Cabo Delgado,organization_id is NULL,,
82454143-0ed0-4fab-aca6-d1efe3640662,2026-03-24T10:51:13.951+00:00,,,Teach the World Foundation,organization_id is NULL,,
90c9aee6-3e22-455b-8918-8a51a3966b9d,2026-03-24T10:57:20.63+00:00,,,Youth Action for Sustainable Development Sierra Leone,organization_id is NULL,,
2a3d1d26-4d38-4a46-915e-de64e056225a,2026-03-24T14:52:41.526+00:00,,,The Aga Khan Academy,organization_id is NULL,,
2e6e81be-0a98-45b4-bb0f-badea9d894aa,2026-03-25T10:44:41.639+00:00,,,Camara Education,organization_id is NULL,,
e1fb7097-53a7-4c69-a723-4bd5a9cc6ce5,2026-03-25T13:06:53.602+00:00,,,EVEREST SCHOOL,organization_id is NULL,,
ee7f9694-9453-4f0b-b838-cd93571a2c98,2026-03-26T09:38:33.021+00:00,,,Tanzania Youth Espouse for Gender and Development (TYEGD),organization_id is NULL,,
1a5cdc11-8e7f-4c94-b600-b6975631c78d,2026-03-26T17:12:44.197+00:00,,,St. Anthony School Ltd,organization_id is NULL,,
8f029aab-64f0-4cbf-a6cd-f80653f6da8f,2026-03-26T20:06:26.107+00:00,,,Camry House Limited,organization_id is NULL,,
ef6ea948-e3c8-4ad1-8b02-45ff41767f10,2026-03-30T07:00:07.032+00:00,,,Children of Africa network,organization_id is NULL,,
056fefdc-c2d7-4890-8c16-09510678f871,2026-03-31T11:58:57.948+00:00,,,Happy Kiddies College,organization_id is NULL,,
19debe60-574c-4d43-b730-ec6b4275f7eb,2026-03-31T14:48:48.321+00:00,,,Acacia Sports Consultancy,organization_id is NULL,,
82c1f088-ded1-42da-bc78-099669f0967a,2026-04-01T05:10:47.089+00:00,,,Tanzania Youth and Children care Organization,organization_id is NULL,,
400b4292-0af8-4ae0-a786-55541c04a095,2026-04-01T05:55:50.618+00:00,,,UWEZO TANZANIA,organization_id is NULL,,
c9a52ae5-ca9a-464c-a2a0-95c27b0d017e,2026-04-02T17:36:59.881+00:00,,,Bens gender Preparatory and junior school,organization_id is NULL,,
8cce7fed-7d6e-4509-bda9-70494be5bc68,2026-04-05T09:37:53.995+00:00,,,Concerned Heart Foundation Ghana,organization_id is NULL,,
e5f61c2a-8dcc-42d3-a824-eda6df2daca2,2026-04-07T12:23:22.653+00:00,,,ChildFund International,organization_id is NULL,,
e159f0f7-d040-4de2-9dbd-f165b7ddbb08,2026-04-08T11:20:06.692+00:00,,,"PhET Interactive Simulations, University of Colorado Boulder",organization_id is NULL,,
24053928-fd20-4eac-88c2-4c20e3e9fb7c,2026-04-09T08:59:04.475+00:00,,,"Halal Global Nursery and Primary School, P.O BOX 341616,Arua, Uganda",organization_id is NULL,,
379fd450-9f2b-425f-be04-11d4d09e4a59,2026-04-09T09:27:01.272+00:00,,,TEST iConnect2.0,organization_id is NULL,,
333beb5d-0bb9-4f68-a452-0f2a53ed3794,2026-04-09T11:47:06.668+00:00,,,HopeBridge Innovation for Resilience & Empowerment (HIRE),organization_id is NULL,,
076236f7-2f7b-41d3-8a72-efe19747582f,2026-04-10T16:26:30.61+00:00,,,Tom Educacao,organization_id is NULL,,
a511e9cf-0572-4fd0-9beb-68d91bb08efd,2026-04-12T20:55:58.259+00:00,,,Faria Education Group,organization_id is NULL,,
ef65e814-ce23-48c8-ba2a-9a495f973fc7,2026-04-13T05:37:27.51+00:00,,,Somastars Enterprise,organization_id is NULL,,
c6827119-6ced-4175-8b1d-990e24652fad,2026-04-13T12:28:24.723+00:00,,,Partnership for Change,organization_id is NULL,,
638697f4-63ea-4a97-8d60-7518d946cfee,2026-04-13T15:13:37.68+00:00,,,Department of education and knowledge,organization_id is NULL,,
fdd616dc-1420-4244-9b40-ffacd4fd6a83,2026-04-14T05:11:03.256+00:00,,,ConveGenius Insights Private Limited,organization_id is NULL,,
c24b806d-7910-4612-86a9-5de3aa2e9527,2026-04-14T06:34:43.3+00:00,,,ConveGenius Edu Services Private Limited,organization_id is NULL,,
4b04f60e-3c65-4f17-8e1d-a06b559bde67,2026-04-16T00:46:55.723+00:00,,,LEARN Afghan,organization_id is NULL,,
74c1d713-e4b7-4f57-89b5-3b769805560a,2026-04-16T00:46:56.428+00:00,,,LEARN Afghan,organization_id is NULL,,
4bd923a3-f42d-46b9-ab05-8e4cedf3aef5,2026-04-17T08:38:45.72+00:00,,,yamanju,organization_id is NULL,,
4336e53e-762b-44de-a488-c40f3a4c1462,2026-04-20T17:56:46.053+00:00,,,Raiz do Futuro,organization_id is NULL,,
777384d0-ab40-40da-985e-fcc25c136ac4,2026-04-21T01:25:32.521+00:00,,,The Centre for Learning & Children’s Rights,organization_id is NULL,,
7fa11502-c8b0-4d37-9b51-d7d465e12079,2026-04-21T21:30:04.707+00:00,,,Rwamagana Leaders' School,organization_id is NULL,,
