Organisation,Domain
Atlantic Technological University,atu.ie
"Carlow College, St Patrick’s",carlowcollege.ie
Dublin City University,dcu.ie
Dundalk Institute of Technology,dkit.ie
"Institute of Art, Design and Technology, Dún Laoghaire",iadt.ie
Marino Institute of Education,mie.ie
Maynooth University,mu.ie
Munster Technological University,mtu.ie
National College of Art and Design,ncad.ie
National College of Ireland,ncirl.ie
Queen’s University Belfast,qub.ac.uk
Royal College of Surgeons in Ireland,rcsi.ie
South East Technological University,setu.ie
Technological University Dublin,tudublin.ie
Technological University of the Shannon: Midlands Midwest,tus.ie
The Open University,open.ac.uk
Trinity College Dublin,tcd.ie
Ulster University,ulster.ac.uk
University College Cork,ucc.ie
University College Dublin,ucd.ie
University of Galway,universityofgalway.ie
University of Limerick,ul.ie
