"Organisation Name","Organisation UUID","Department Name","Department UUID"
"Aberdeen Royal Infirmary","360fed97-5f44-4861-8229-35081662302a","Nuclear Medicine - Physics based","808e5174-bcba-47a7-83d9-d3fd31f5321a"
"Aberdeen Royal Infirmary","360fed97-5f44-4861-8229-35081662302a","PET Centre","c05ff267-6d09-4c8d-9768-79c451045864"
"Aberdeen Royal Infirmary","360fed97-5f44-4861-8229-35081662302a","Radiopharmacy","3c401e90-b1cb-4ece-abbe-5279e8a6bee0"
"Addenbrooke's Hospital","e5737658-2145-480c-a9b3-46135b90e732","PET Centre","cd83989f-9fe4-4c15-ae65-8b354bc224ef"
"Addenbrooke's Hospital","e5737658-2145-480c-a9b3-46135b90e732","Radiology based Nuclear Medicine","97083dfb-ab06-452a-8b48-3ff1170a214c"
"Addenbrooke's Hospital","e5737658-2145-480c-a9b3-46135b90e732","Radiopharmacy","9a8bae45-901c-481d-8ee5-8a0d5ba86d18"
"Aintree University Hospital","effbab92-66fe-41e0-8869-ebd2fbdae9a0","Radiology based Nuclear Medicine","dd5588fd-8349-4dde-9cd5-76c73347b698"
"Alder Hey Children's Hospital","9913f2a9-ff35-4e64-9c7e-78101e349c74","Nuclear Medicine Stand Alone","9671c845-e570-45fb-ae37-9e505d9769bb"
"Alliance Medical Guildford PET-CT Centre","0bd2cf5a-c28f-4338-be4f-421aa079f24f","PET Centre","f5668b73-e3c7-4348-8865-7d8bda604d13"
"Alliance Medical Portsmouth PET-CT Centre","f4939226-4ee9-42d3-8722-4376fbea6514","PET Centre","2c1993ce-80a4-4e64-b337-546e3257768e"
"Altnagelvin Area Hospital","96990ff0-fc1f-4ce7-bc40-7c7268616ef9","Radiology based Nuclear Medicine","8eb093e1-4fb1-4ec9-aad2-83a2af2b2eab"
"Altnagelvin Area Hospital","96990ff0-fc1f-4ce7-bc40-7c7268616ef9","Radiopharmacy","7e2f6621-2e6f-4c00-85f8-2b441c973d86"
"Alzaiem Alazhari University","5e24e75a-b3ea-44c4-bf55-5b928a085de1","",""
"Antrim Area Hospital","48aca279-1946-4ca2-8891-26fc7ee93576","Nuclear Medicine Stand Alone","8cfe8251-8586-48d4-8a34-212031de56f3"
"Bahçeşehir University","a8354966-b879-456a-a019-14ac0490599c","",""
"Barnet Hospital","e5d90e63-b748-40d8-90ba-2c63f8da9920","Radiology based Nuclear Medicine","a513d727-8d6c-4a5d-ae6a-a094ed71ba2d"
"Barnsley Hospital","98941bc0-726e-43f0-bac2-0693a2f4626a","Nuclear Medicine Stand Alone","22224ec1-b0c9-4e0e-ba6d-a6da4970a59f"
"Barnsley Hospital","98941bc0-726e-43f0-bac2-0693a2f4626a","Radiopharmacy","c3e8c658-b0f0-4119-b8da-b6df04de48fb"
"Basildon University Hospital","c3aee66a-3b05-4ff4-b6cd-3d6819243e92","Radiology based Nuclear Medicine","41c4ff5b-e589-4916-93d9-9c288b815470"
"Basingstoke and North Hampshire Hospital","6a3a810b-22c9-4a82-9afa-011e4c64e356","Nuclear Medicine Stand Alone","5d9091b1-32b1-4135-a2a0-b2e97fc43ad2"
"Bedford Hospital","acc526dc-c910-454c-b2c6-be5984fc1e45","Nuclear Medicine Stand Alone","c8c4dae8-fd2b-4854-8ebb-13f74111955c"
"Belfast City Hospital","3ff7db2b-5800-45a1-b2ba-f3fc9f52c625","Nuclear Medicine - Physics based","09765e79-5de9-4829-a7bf-009c6b08de23"
"Birmingham Children's Hospital","2c65efb1-32fe-468c-aa14-eb83c53f8ddf","Radiology based Nuclear Medicine","24c5547e-82c4-4eb9-bd05-fe72618df462"
"Birmingham City University","5bbd19b6-ca13-49ee-affb-a0d58e13d86b","",""
"Birmingham Heartlands Hospital","2bc3c7ea-287d-47f3-8c77-b7f13bb6349c","Nuclear Medicine Stand Alone","738537f0-b105-4f66-af25-f81e7b6dbbdb"
"Birmingham PET-CT Centre","f89eb62e-d005-4688-844d-587eb03132fa","PET Centre","1fe869a4-1930-4a68-9be4-74f841c71634"
"Blackpool Victoria Hospital","5302be61-f711-470a-bc71-b3049290eb69","Radiology based Nuclear Medicine","fe1111ee-2f75-4d9d-842b-ca277d74f7a8"
"BMI Mount Alvernia Hospital","b0d3c573-c818-4e3f-8fe5-ded2ed325670","Radiology based Nuclear Medicine","f56936c0-a706-4665-9d50-3f05c7dd430e"
"Bolan University of Medical and Health Sciences","39c53444-a7c3-4d23-9a96-e8a9e09915b1","",""
"Borders General Hospital","79587b69-f8e5-47e6-8de9-e0cd3e2b9a86","Radiology based Nuclear Medicine","db659acc-f731-4125-83b6-eff4fac39006"
"Bradford Royal Infirmary","c4e22b2f-668b-4b91-8535-176689ee8f1a","Nuclear Medicine - Physics based","4bdbe333-bce4-4c54-9474-224ff03cdcb0"
"Bradford Royal Infirmary","c4e22b2f-668b-4b91-8535-176689ee8f1a","Radiopharmacy","8bbbb2b8-2dad-4300-a314-de4731163c27"
"Brighton and Sussex Medical School","b0c10b23-2c57-476f-8e1b-2f647693bbbd","",""
"Brighton College","57acd1fa-6de2-4948-b9a8-59f588157bce","",""
"Bristol Royal Infirmary","7bd3943a-edb1-4d5a-b219-c9e9b7024ef3","Radiology based Nuclear Medicine","45d4652a-8b6c-411a-a359-799e5b375b8d"
"Bristol Royal Infirmary","7bd3943a-edb1-4d5a-b219-c9e9b7024ef3","Radiopharmacy","8755e71e-726e-4f78-a594-2771a45e373e"
"Broomfield Hospital","26dcc016-008e-4eac-bd9d-befa56473fd3","Nuclear Medicine Stand Alone","13b1d84a-1e1e-4b91-afd1-dc7a58dfd788"
"Cardiff Royal Infirmary","b84e036a-df02-44b7-bbe2-fdc8111722fe","Radiology based Nuclear Medicine","91694050-352b-49a6-b8fa-34272fe5b61b"
"Cardiff University","d2ac6e5d-a7dc-4639-a6c7-c8ab43770f25","",""
"Castle Hill Hospital","3c198270-af51-40d9-83f2-ecfd5dbf7067","Nuclear Medicine Stand Alone","163d4c47-3af7-4b43-85fe-bf9cc9ec96cb"
"Castle Hill Hospital","3c198270-af51-40d9-83f2-ecfd5dbf7067","PET Centre","e2bbeded-e197-4cec-b835-2cdcf8fa25b0"
"Charing Cross Hospital","e4817a7d-27f3-4d1b-9619-5daa7f5efa38","Nuclear Medicine Stand Alone","d38280a7-3e92-45f8-8e1f-6b5845b61d4f"
"Chelsea and Westminster Hospital","d2366cdb-7c3b-47a9-beae-8e1d031876cb","Nuclear Medicine Stand Alone","17a8342b-e9f8-4b93-a185-819b30fb0480"
"Cheltenham General Hospital","41fc84ec-b6da-4a4a-8c49-37537b7b96a8","Nuclear Medicine Stand Alone","14638070-91cb-4e88-b78e-7e3268acd669"
"Cheltenham General Hospital","41fc84ec-b6da-4a4a-8c49-37537b7b96a8","Radiopharmacy","200433b2-8a66-4f8a-9b26-1bff874b8b32"
"Chesterfield Royal Hospital","2ae3e12c-0287-4417-89f9-e76fcea0ff74","Radiology based Nuclear Medicine","42bf0355-c042-43a2-ad85-204d21778145"
"Chesterfield Royal Hospital","2ae3e12c-0287-4417-89f9-e76fcea0ff74","Radiopharmacy","28ecd3fa-188e-4a62-9211-fa560dba2096"
"Christchurch Hospital","27f8f87e-e47c-4ead-a201-e8cc03b4419c","Radiology based Nuclear Medicine","fdb93b8c-712a-4852-bdbf-25215279f072"
"Churchill Hospital","22813a71-ef75-497b-95a6-7616b2ba8bd2","Nuclear Medicine Stand Alone","a3a8ded3-2493-4b6c-9550-f454398bc8cd"
"Churchill Hospital","22813a71-ef75-497b-95a6-7616b2ba8bd2","PET Centre","c3ab9ee8-5392-4140-800d-e674fb2de6a7"
"Churchill Hospital","22813a71-ef75-497b-95a6-7616b2ba8bd2","Radiopharmacy","f294f444-e5f4-4f00-af12-597530d82096"
"Clatterbridge Cancer Centre","d80a0658-0275-4b1d-80a8-38d73f5da2a0","Nuclear Medicine Stand Alone","9c695a41-6873-4e66-99aa-9e428dd55651"
"Clatterbridge Hospital","1b7d188f-1986-4018-bf74-bfe4627394aa","Radiology based Nuclear Medicine","4320f0a0-524e-4db2-8275-ad6ef85c4e0c"
"Cobalt Imaging Centre","51235727-144e-4bb5-8f48-35e6c2c6d6d1","PET Centre","c0e7b56b-c639-4b29-b56c-495862bef4f8"
"Colchester Hospital","9bde0feb-734f-446b-9805-59111aec3633","Radiology based Nuclear Medicine","b0e7710b-bd47-44c5-a5b0-4cf67fce9b5b"
"Colchester Hospital","9bde0feb-734f-446b-9805-59111aec3633","Radiopharmacy","0e2849f9-87e2-4be9-94eb-1dc6fd125c39"
"Conquest Hospital","56b36b6b-c57f-4f0f-a92d-ef6e51987ba7","Radiology based Nuclear Medicine","b875b580-49ad-418a-aaf5-46c515dd559d"
"Countess of Chester Hospital","cd8aaac1-3e88-444a-8107-aca6c2f06de8","Radiology based Nuclear Medicine","16a9fe60-8b9b-4c78-915a-87c164ba2705"
"Craigavon Area Hospital","0cc860d7-ed62-44ef-b0a1-f35cd3f330bf","Radiology based Nuclear Medicine","536fb38e-034a-4018-a4c9-37013595896a"
"Cromwell Hospital","befcc132-fcac-440a-96af-51c77e0c87be","PET Centre","acb738c0-c335-480d-ad9a-df12c8c69e01"
"Crosshouse Hospital","fd2520d8-9c8d-408d-82ad-6028bc99712f","Nuclear Medicine - Physics based","48b41eea-59ba-4a5a-a085-96888d892c6d"
"Cumberland Infirmary","2d4d1f43-35cf-45f3-b83d-4aabc09efadd","Radiology based Nuclear Medicine","20b372f6-0987-422f-a85a-6e90d65dc411"
"Cumberland Infirmary","2d4d1f43-35cf-45f3-b83d-4aabc09efadd","Radiopharmacy","26ecfe47-5db9-4cc1-8209-34ead5effa54"
"Darent Valley Hospital","64a2317e-f62b-42c1-8cb3-e5a2d6bab2a4","Nuclear Medicine Stand Alone","24cc0002-770c-4e84-8ffb-d91859515266"
"Darlington Memorial Hospital","8260f133-56e0-4924-a98d-920d68040aee","Nuclear Medicine - Physics based","cd744770-5ef3-4a6f-9a4b-72cd3d107933"
"Darlington Memorial Hospital","8260f133-56e0-4924-a98d-920d68040aee","Radiopharmacy","0d159ef9-b7a8-41e2-b514-770e3e8c139c"
"Derriford Hospital","959243f8-f552-44e7-b447-1ceda4181c80","Nuclear Medicine Stand Alone","3dd51100-b514-491b-9c92-f618c2c67b49"
"Derriford Hospital","959243f8-f552-44e7-b447-1ceda4181c80","Radiopharmacy","b9b2efff-8fe0-404e-9c74-4953f7b978ff"
"Diana, Princess of Wales Hospital","6abe5a77-40c5-4e7f-892d-bb45dd755181","Nuclear Medicine Stand Alone","b6c0d546-ac17-41cc-a3fa-93c87e663009"
"Diana, Princess of Wales Hospital","6abe5a77-40c5-4e7f-892d-bb45dd755181","Radiopharmacy","9ef76a3b-d4b0-42c0-aef7-5882187b4eae"
"Doncaster Royal Infirmary","d0cf3998-a023-44c3-b1cd-f9a9bd86f738","Radiology based Nuclear Medicine","938b4829-bda4-414b-8201-c8c67f9d3c16"
"Dr Carol Davila Central Military Emergency University Hospital","2c5e5632-06b4-473c-9b8c-8238640591cb","",""
"East Surrey Hospital","2e29dda4-134e-4e00-b85b-7048734bcd1d","Radiology based Nuclear Medicine","4ea38a89-5605-4e7b-8894-c7d149269e96"
"Eastbourne District General Hospital","cf16656b-44a6-450b-88c9-ce15a65ac0b9","Radiology based Nuclear Medicine","f3dd293c-0f5c-45b8-a99b-cb3b7be9f423"
"Edinburgh Imaging Facility QMRI","761faa8f-0fae-43eb-a0bb-e3147fdc4c2e","PET Centre","a8ade5d4-52aa-4e4c-b773-21fd0f74e041"
"Forth Valley Royal Hospital","59f043a5-7a54-47d9-a637-3bfd40d3dbd8","Nuclear Medicine Stand Alone","3d8e352a-15d5-46ee-9f1d-1c7fe35c9a6e"
"Freeman Hospital","b41fad3f-42f6-406d-a50a-17c7a3809b69","Radiology based Nuclear Medicine","f9629759-cd53-499b-97b9-a94784536d18"
"Freeman Hospital","b41fad3f-42f6-406d-a50a-17c7a3809b69","Radiopharmacy","219e23f7-83aa-478f-8fab-336bcf35f94c"
"Frimley Park Hospital","97ca46dd-48af-443f-b396-af5908a2a984","Radiology based Nuclear Medicine","bff9eafd-5d9c-4acb-96ce-85aa62594ee6"
"Furness General Hospital","0d7b6d55-a69a-4fb7-9f66-e0ce4a88c2f6","Radiology based Nuclear Medicine","41264ea6-ad70-4eb1-9bc1-89b5079baafe"
"Furness General Hospital","0d7b6d55-a69a-4fb7-9f66-e0ce4a88c2f6","Radiopharmacy","3288420a-0fd4-43fb-a62a-8259c276ee68"
"Gartnavel General Hospital","d2a04c1b-8de7-402e-af4b-61ece4f7f71e","Nuclear Medicine - Physics based","1c7f36aa-9d78-47ce-84be-47fdce6c65f8"
"Glan Clwyd Hospital","f7f2e1be-f62b-46b9-b3fa-793f3c37986d","Radiology based Nuclear Medicine","de433674-b81f-41eb-99b9-20c4e246c475"
"Glasgow Caledonian University","a608d9b6-3ed6-4b83-a824-248487ccbfa3","",""
"Glasgow Royal Infirmary","474d6028-27c3-447d-afe2-7c9d8540e4ab","Nuclear Cardiology","e6eeef1a-cbb6-4471-977c-146673deae3e"
"Glasgow Royal Infirmary","474d6028-27c3-447d-afe2-7c9d8540e4ab","Nuclear Medicine - Physics based","b0d9c420-0aae-4af9-ba51-8c19697e7f56"
"Glenfield Hospital","b99c1308-2c5f-4ec6-8288-c576a2970071","Nuclear Medicine - Physics based","193c80ab-8e0b-4599-80bb-07bc46f0db80"
"Glenfield Hospital","b99c1308-2c5f-4ec6-8288-c576a2970071","Nuclear Medicine Stand Alone","c6e3d8ea-fc24-44c4-8202-28e0c2c0fd6e"
"Gloucestershire Royal Hospital","3a0d28db-1e80-47e6-9002-0885c9a5a334","Nuclear Medicine - Physics based","c9dc0ef2-675d-4000-bc95-4a354833360e"
"Good Hope Hospital","e1c8d402-7c52-4e9c-974f-d75b3c0d2198","Radiology based Nuclear Medicine","42866e4c-b51e-4072-b1fc-fe8a9dc61828"
"Grantham and District Hospital","794ad7f2-0af5-4a6b-abb9-226538640df1","Radiology based Nuclear Medicine","eb0010bc-a05b-43d3-982e-d4d496036b53"
"Great Ormond Street Hospital","9f046ddb-b480-4967-8a90-46f5d4c0b29b","Radiology based Nuclear Medicine","e5ab5b90-9a97-4565-9397-c03615edb074"
"Great Western Hospital","5ccc2767-6da6-4171-8630-ae63d81f8a10","Radiology based Nuclear Medicine","597ad4b9-23b3-4c21-bc91-e064c44c9420"
"Guy's Hospital","a5e0bd35-fcc0-4bab-9518-efb97fd1020e","Nuclear Medicine Stand Alone","8696a3d8-b80b-4d9f-890f-08aa24ded0d5"
"Guy's Hospital","a5e0bd35-fcc0-4bab-9518-efb97fd1020e","Radiopharmacy","4e70b24b-05cf-43d2-bad9-f3f6ffc3c8ed"
"Hammersmith Hospital","a3dcdce6-21e6-474d-bd38-d32e547cbb2f","Radiology based Nuclear Medicine","f2963e6b-7d26-4737-bee4-ac035d0c5796"
"Harefield Hospital","51711e8d-1371-4e1b-956e-3a936d3bb062","Nuclear Medicine Stand Alone","0b4f4ee5-9d62-4353-be9b-728b311f8507"
"Harrogate District Hospital","49c2560a-f705-4020-b442-e39fd34586fa","Radiology based Nuclear Medicine","6debb3a7-a9fa-4baf-81b7-9e369a5c3293"
"Hemel Hempstead Hospital","bb511364-8848-4728-b5e3-28c90e117abd","Radiology based Nuclear Medicine","124d9915-6ef0-4a2b-b75c-38121036f70e"
"Hereford County Hospital","0755f120-c74b-4ba3-b269-77a3acde5216","Nuclear Medicine Stand Alone","cb0bf2d8-3c9e-4751-b1c2-8bf695251182"
"Hillingdon Hospital","61e4109a-00f4-4921-b031-dc4cc37e68d7","Radiology based Nuclear Medicine","9cb63489-7b8e-47e5-bbbe-965d0834ea97"
"Huddersfield Royal Infirmary","aec84f48-5b26-43a1-8f6b-dd9f3ae5e0ac","Radiology based Nuclear Medicine","cc9b5253-369e-400c-bb53-2d9fccda1715"
"Huddersfield Royal Infirmary","aec84f48-5b26-43a1-8f6b-dd9f3ae5e0ac","Radiopharmacy","e8aef3a8-2c56-418b-9bbe-90e935e31207"
"Hull Royal Infirmary","6c0ab51a-5889-4788-aaa4-0f4dd9db0823","Radiopharmacy","c25ac777-2e13-43a0-b670-1fd7dc616888"
"Imperial College London","33c22428-af0a-4e6e-a9db-114733073764","",""
"InHealth Nottingham PETCT Centre","c2d9ef73-5ee0-4c7b-95b2-0af852e97bd9","PET Centre","8ed94cb1-6618-48bb-8cc5-203ead59d13e"
"Inverclyde Royal Hospital","06eceb62-d0cd-4592-b99c-2a8777758866","PET Centre","26b7310f-d87c-4030-a5c1-12d7e4e35a03"
"Ipswich Hospital","662246be-8586-4ee6-9082-18b592e276ff","Radiology based Nuclear Medicine","763730e2-0f7b-4fbb-acfd-910d87cbdfe1"
"Ipswich Hospital","662246be-8586-4ee6-9082-18b592e276ff","Radiopharmacy","67cc7c73-bfbc-46c6-8814-24ab2e87d063"
"Iqra Institute of Health Sciences, Quetta","d2bd0dc2-b644-49c6-a3df-810712be1c62","",""
"Jack Brignall PET-CE Centre","e5dfef21-fbb5-437e-a4b4-d2720440dec7","PET Centre","bb6a9b5b-ccd4-4677-8ad6-a7a015d7d3ee"
"John Mallard PET Centre","6895d932-8894-4bf5-82a9-877e5d15911d","PET Centre","9d6e98f9-734b-4b4d-b476-da803378759c"
"John Radcliffe Hospital","0ce1098b-42e4-4056-ab89-ac28a06ac34c","Nuclear Medicine Stand Alone","44a331f4-7cff-4c12-ad3e-a699a37a153d"
"Jomo Kenyatta University of Agriculture and Technology","c955fd44-716b-407e-aeef-898b98bd39f9","",""
"Kent & Canterbury Hospital","c13546d9-a8ae-46fc-9370-57c9c811f914","Nuclear Medicine Stand Alone","e629e712-2068-45aa-bc23-fca21599ff31"
"Kent & Canterbury Hospital","c13546d9-a8ae-46fc-9370-57c9c811f914","Radiopharmacy","40c48446-7b1e-4813-a13b-c73a8b569d67"
"Kettering General Hospital","9ba3693f-ed39-4a70-a5ed-ee455ba809f9","Nuclear Medicine Stand Alone","9ea7aa66-e117-4532-8b35-1d7ddb641954"
"Khyber Medical University","1a408071-d6f8-4df7-9515-20d6c4d3ae0a","",""
"King's College Hospital","79381b52-eaf0-4a73-9893-684d3267eea3","Nuclear Medicine Stand Alone","cb330777-3f9e-4e0d-a20c-7ded89a5333f"
"King's College Hospital","79381b52-eaf0-4a73-9893-684d3267eea3","PET Centre","3fa4bfea-ae68-40ac-be80-a7f7a5fc7c34"
"King's Mill Hospital","43bbce5d-f2ff-473d-875a-d8d3d63b28c3","Nuclear Medicine Stand Alone","63ce65d2-7a9c-4629-8132-cf24b8845c0e"
"Kingston Hospital","d3a19eef-f71c-4079-81ca-bfc6bb3fa71d","Radiology based Nuclear Medicine","b54a94f3-6ab9-42aa-ad8a-e23ed86f8cca"
"Lancaster University","c4bd1f91-0704-40b7-a914-468f8928b74e","",""
"Leceister Royal Infirmary","08fcc1f7-f2e2-41d6-8dbc-bf5c07b4b841","Nuclear Medicine - Physics based","315f6c85-00d3-4415-8787-aa1b5344f4ec"
"Leeds General Infirmary","a97a6d95-e578-44f7-9002-033af0ca4ee8","Radiology based Nuclear Medicine","6b79e44c-e9ac-4ba0-9f02-27d735ee752d"
"Lincoln County Hospital","a923f6fd-e3ec-4324-877f-5567650d26eb","Nuclear Medicine - Physics based","86fcc4d8-b6e0-4464-bbb8-bc3c2fff5f43"
"Lincoln County Hospital","a923f6fd-e3ec-4324-877f-5567650d26eb","Radiopharmacy","85c35d07-23dc-4a7c-901f-15c8ce8ff350"
"Lister Hospital","763fd21d-a9e9-4153-b143-958a0dcf5cff","Radiology based Nuclear Medicine","190ebd39-d354-449f-b0b2-7401e6701653"
"London Bridge Hospital","a6f386bd-3821-4a56-84ab-97c7d46c5f68","Radiology based Nuclear Medicine","dfc38fc3-62af-4ff3-aa97-94fbaa75def1"
"Luton and Dunstable Hospital","11237f87-9b4c-4567-b7e5-7287c8e08546","Radiology based Nuclear Medicine","850a386b-c39a-4280-b4ea-edf14be7a214"
"Maidstone Hospital","83b9c5ca-79a3-4bc0-bed3-f705cd1b5759","Radiology based Nuclear Medicine","106b4f39-db6a-4194-9ec7-b90dbc357bab"
"Manchester Royal Infirmary","1b533469-2582-4b92-a86b-812b2d7d41bf","Nuclear Medicine Stand Alone","607cda26-bf27-429a-964d-762a2b864782"
"Manchester Royal Infirmary","1b533469-2582-4b92-a86b-812b2d7d41bf","Radiology based Nuclear Medicine","1496986e-6ee8-474c-a1ff-353261826ee3"
"Manor Hospital Walsall","c0a1200e-c752-4966-9c70-34017273ab9c","Radiology based Nuclear Medicine","90730491-d619-41c2-a501-a9e44236352b"
"Medway Maritime Hospital","2a7910a2-42d5-4dc3-82ce-d98a4cfe5a81","Nuclear Medicine Stand Alone","46d5d396-6d31-4c20-9f1f-8da5dbe851de"
"Medway Maritime Hospital","2a7910a2-42d5-4dc3-82ce-d98a4cfe5a81","Radiopharmacy","a5852f5d-4d63-4b3a-83a6-6b216e4fb7ca"
"Midland Metropolitan University Hospital","9c6835b0-c3be-4aa9-bbba-c8408eea6ab2","Radiopharmacy","591efcf1-6561-45ba-a78e-d93976319283"
"Midland Metropolitan University Hospital (MMUH)","fe456102-23a8-4cd5-b6ce-6d5ab078d75a","Radiology based Nuclear Medicine","197b6854-fdc8-4ea0-b78d-e61d346bd1fc"
"Molecular Imaging Centre","cce4fdcd-bf7b-41cc-8903-4c9bd1395dd0","PET Centre","7ceb69e2-741d-47b1-b3e1-3e7bb6cd4f90"
"Morriston Hospital Swansea","18d46505-865b-4c3d-898e-1691b797688a","Radiology based Nuclear Medicine","8d771f15-02d4-4895-9e27-ced44f438c78"
"Mount Vernon Cancer Centre","68408876-931b-4306-bdf2-c5b79a6690b3","Radiopharmacy","05184011-0d5e-4ba8-82af-beab61b437a9"
"Mount Vernon Hospital","c59f6ae5-c7e5-49a9-b94c-e3e044cc55b5","Nuclear Medicine Stand Alone","478c448e-3b67-4dac-bdbc-9dc40189fa09"
"Musgrove Park Hospital","cbc2dc44-ac46-4459-b7f0-2c6c9ce8b9c9","Nuclear Medicine - Physics based","6553ec38-f4e8-4877-91e9-94defc639fb0"
"Musgrove Park Hospital","cbc2dc44-ac46-4459-b7f0-2c6c9ce8b9c9","Radiopharmacy","a384ebf4-1968-4cb5-bba3-8453f9bff462"
"Nevill Hall Hospital Abergavenny","81a12845-581d-4487-b117-1d031bd3c25b","Radiology based Nuclear Medicine","1edc5ea0-f97b-4642-91e9-4dd117d54c48"
"New Cross Hospital","59c029cd-c466-478c-b4d0-36fcbfc9ecb2","Nuclear Medicine - Physics based","f06a49b7-3e33-44cf-8631-0383f17c9178"
"New Cross Hospital","59c029cd-c466-478c-b4d0-36fcbfc9ecb2","Radiopharmacy","7d38a8d3-9848-4021-9584-4cd6a762302c"
"Newham Hospital","f6c10aaf-0c0a-47fd-b208-0a2def7cdee0","Radiology based Nuclear Medicine","eed52f2a-20d3-489f-8146-bb1e7742263c"
"Ninewells Hospital","40fe310b-015c-4570-ae13-0f3b54a0329c","Nuclear Medicine Stand Alone","26327362-f80e-4180-89ae-0e019da63d63"
"Ninewells Hospital","40fe310b-015c-4570-ae13-0f3b54a0329c","Radiopharmacy","a996c109-2b7e-4269-9460-9b1ea71bb614"
"Noble's Hospital","5b40de14-85d4-49e4-9ba4-5c51489323d7","Radiology based Nuclear Medicine","6ad3668e-50e7-4f68-bab4-2e61784b5b78"
"Noble's Hospital","5b40de14-85d4-49e4-9ba4-5c51489323d7","Radiopharmacy","e4f642c7-3e8d-48ee-bf2d-741d8ab2e44c"
"Norfolk & Norwich University Hospital","27bf2b55-b8d8-4044-8daf-7576e1c46811","Radiopharmacy","7a084f8e-3672-40ab-bb94-d52fa3226110"
"Norfolk and Norwich University Hospital","df4cdbb6-5445-4aa8-b8a1-66b55f444cf2","Nuclear Medicine Stand Alone","a7377637-c683-461e-80c4-a0d62fa7ecaa"
"North Manchester General Hospital","416743d6-1cc0-47cb-96cd-c4a88534c41c","Radiology based Nuclear Medicine","94296436-87cf-4198-a53b-62db95cd735e"
"North Middlesex University Hospital","6a1ba72a-6607-4931-aa3a-ee6c1e612c98","Nuclear Medicine Stand Alone","c1d03f4b-db80-4f60-8d9a-fde47a973b4e"
"Northampton General Hospital","dc0b184a-5281-4ba7-99f4-3472ff1f24cd","Nuclear Medicine Stand Alone","0aa5e702-1240-4aac-a4f3-f5d0aff4c1d2"
"Northampton General Hospital","dc0b184a-5281-4ba7-99f4-3472ff1f24cd","Radiopharmacy","5379efa6-4e5f-4fba-8c5a-fac0679566d4"
"Northern General Hospital","530b06c6-2642-486a-9733-ec28ed08d825","Nuclear Medicine - Physics based","42ff2358-a27e-4abd-92df-6f6a3f406819"
"Northern General Hospital","530b06c6-2642-486a-9733-ec28ed08d825","Radiopharmacy","cff206cf-93fb-4aa8-9884-8730673b60d2"
"Northern Ireland Cancer Centre","2f95a188-81db-40da-a375-bf24acff707b","Nuclear Medicine - Physics based","c97d2a31-2bed-453c-abc4-644bc0898bf7"
"Northern Ireland Cancer Centre","2f95a188-81db-40da-a375-bf24acff707b","PET Centre","12fb0601-2d8b-4444-a17d-ddca2613135b"
"Northwick Park Hospital","07ecdf5e-beea-4dea-a397-c9b9f1229f0b","Radiology based Nuclear Medicine","24130a8e-1a60-4cc4-b4e6-cf5280bfa245"
"Northwick Park Hospital","07ecdf5e-beea-4dea-a397-c9b9f1229f0b","Radiopharmacy","9cad0de3-343a-4054-ab0e-27ef5b213f49"
"Nottingham City Hospital","2805f4d0-7beb-40b5-b7a4-b87d951ee693","Nuclear Medicine - Physics based","ec0fa664-e48b-43c6-af05-51bef7a623d4"
"Osun State University","9a14d41c-7004-418b-af71-d4bc5ca53b02","",""
"Parkside Hospital","5d37f624-1883-473e-afd2-39f43cf533af","Nuclear Medicine Stand Alone","1acceeb8-3bd8-4aaf-a562-e8641d55eefb"
"Perceptive Discovery – London Imaging Centre","b1ab2cdf-15cb-4ec8-9911-fc2caffd8273","PET Centre","7abf9a4c-ea1c-4648-8b17-6accdde64b69"
"Perth Royal Infirmary","bfcc3f1d-09fb-4f08-abcd-31030173c187","Nuclear Medicine Stand Alone","f3cb59b2-cde3-4ec9-acec-5965ded6f97b"
"Peterborough City Hospital","f244e3e8-3de0-4b74-ac3e-d4b151b166cf","Nuclear Medicine Stand Alone","8959439d-52b0-49b7-97c0-0d60113f3e63"
"Poole Hospital","d07d0e2c-a8a0-435c-8c1f-be275a05bc7d","Nuclear Medicine Stand Alone","84188c83-b53c-45e6-abfe-67a45d2ea77b"
"Princess Alexandra Hospital Harlow","8aff56ec-015e-4a9f-ad32-4abdab21d4b6","Radiology based Nuclear Medicine","a20c76d4-f6bd-4959-8f29-6c7545eabd1b"
"Princess of Wales Hospital Bridgend","3f6bcee1-f5b2-43c4-8ab1-f4745756a13f","Radiology based Nuclear Medicine","4defc862-c378-4bbf-aca2-c3511060a38f"
"Princess Royal Hospital","62de487e-25db-4099-899b-64f2824fdf09","Radiology based Nuclear Medicine","b21e7412-3b42-42d3-9668-59022e685413"
"Princess Royal University Hospital","e125792a-bd34-4b2b-83ad-595001fb08d1","Radiology based Nuclear Medicine","9243504a-b34d-4ef9-8827-2b90d68c8593"
"Queen Alexandra Hospital","ae4a1735-b727-45fe-b718-556cca0d97d9","Radiology based Nuclear Medicine","a1828a09-8040-4927-b4ce-c492544b958f"
"Queen Elizabeth Hospital","1d65c6c3-18e7-46da-8538-ee1ce2e1caea","Radiopharmacy","e9b9d4bf-ec9d-4c53-87a2-5d691f936868"
"Queen Elizabeth Hospital (Woolwich)","b12d5bf8-a469-46d9-933f-fc948c28170f","Radiology based Nuclear Medicine","30ffba61-6800-4090-8a2a-e386b344263b"
"Queen Elizabeth Hospital Birmingham","987ecf99-2f58-4c0d-9f88-ea6d170c60aa","Nuclear Medicine - Physics based","196331b7-31fe-4f1a-8b9f-ee391e33f8c8"
"Queen Elizabeth Hospital Birmingham","987ecf99-2f58-4c0d-9f88-ea6d170c60aa","PET Centre","7d3dc0d2-3458-49ba-aaea-025b0e36b2d5"
"Queen Elizabeth Hospital Birmingham","987ecf99-2f58-4c0d-9f88-ea6d170c60aa","Radiopharmacy","f5d997ae-d13a-49d6-a1bf-4651d9f42c3e"
"Queen Elizabeth Hospital Gateshead","346d7094-4da6-48aa-91af-10e4ac0cf0b4","Nuclear Medicine Stand Alone","6beff018-bad5-42a5-bdc4-e206ad7bd2f7"
"Queen Elizabeth Hospital King's Lynn","a666407c-e476-451f-9679-a8e3a1f06128","Radiology based Nuclear Medicine","40fc4d3d-2ad5-41b1-8aea-b3f453440328"
"Queen Elizabeth University Hospital","a2203eac-b1c8-4134-970c-943eafea3315","Nuclear Medicine Stand Alone","00db11e8-dcf6-407c-a24f-99428fe3c3ce"
"Queen Elizabeth University Hospital","a2203eac-b1c8-4134-970c-943eafea3315","Radiopharmacy","19530035-11f3-4d8c-bcf8-6b93f58cab34"
"Queen's Hospital","9532bab7-3f99-4a4c-bd1b-780312591dd9","Nuclear Medicine Stand Alone","d33387fe-cd3e-4e0f-98b7-0f7501b8eba0"
"Queen's Hospital","9532bab7-3f99-4a4c-bd1b-780312591dd9","Radiopharmacy","aea9e070-48c9-40fc-b190-25424f45713e"
"Queen's Medical Centre","640961b5-6520-4295-b582-7142dd326850","Nuclear Medicine - Physics based","d79b782a-eef2-4b32-a865-d1b44384ceef"
"Queen's Medical Centre","640961b5-6520-4295-b582-7142dd326850","Radiopharmacy","907bacc2-733f-4ae3-9140-680b895d8063"
"Queen's Medical Research Institute","7b7b39bf-500c-45a3-9c4d-20651e008d64","PET Centre","dc3a3fa0-8e42-460f-998c-141296be75cc"
"Queen's University Belfast","9644277c-34ae-4574-b3a4-4ea2f1f1d032","",""
"Raigmore Hospital","5dc9ee93-2306-4070-b1b6-2c12218bf3d7","Nuclear Medicine Stand Alone","4104c4c9-2328-493b-9b8b-2c8ac5f2c102"
"Raigmore Hospital","5dc9ee93-2306-4070-b1b6-2c12218bf3d7","Radiopharmacy","33c31ccb-9081-401c-a98d-4a2e1f922f1a"
"Rotherham Hospital","96678185-0e0f-49e5-8896-29c551192e10","Nuclear Medicine - Physics based","b2440b77-51ef-4c70-b270-f969e9fb44c9"
"Rotherham Hospital","96678185-0e0f-49e5-8896-29c551192e10","Radiopharmacy","51a4e2a5-4832-4138-bde8-d6ef429426d3"
"Royal Albert Edward Infirmary Wigan","dec3c12f-1149-4c2a-ba8f-d578e78360c5","Nuclear Medicine Stand Alone","b7cae21b-8bdf-436f-baa3-88c8a753e798"
"Royal Alexandra Hospital","c6ec8b54-a026-49ef-8797-cbdce4b8c0b5","Nuclear Medicine - Physics based","0243228c-0eac-472e-84f9-ff18f0639751"
"Royal Belfast Hospital for Sick Children","ea9159ab-7524-4c10-b674-4551f5e39c8b","Nuclear Medicine Stand Alone","55f69338-bb94-4a97-91e6-3bea3410a707"
"Royal Berkshire Hospital","ba8ef7be-17d0-4200-a2f7-dfd4d273b3d1","Nuclear Medicine - Physics based","b0eae3f2-b9fd-4ac8-9275-b5e1cbe7c13d"
"Royal Blackburn Hospital","f9944d3d-823c-411a-bc41-d31d2b75684a","Nuclear Medicine Stand Alone","045f3eb2-34f2-4267-ae9d-64402b161bb9"
"Royal Bolton Hospital","d532a037-aa98-4d0b-8f05-e36c9bca837a","Nuclear Medicine Stand Alone","6b19d8ec-be51-4cb1-83c2-4bc09e22ae5c"
"Royal Brompton Hospital","25f7addb-2d57-44f7-ae85-f643fa77131f","Nuclear Medicine Stand Alone","c15a4e36-43e4-4213-ad21-d1f11692f5bc"
"Royal Cornwall Hospital","b2831e2c-0dfb-4089-838d-268cef32299f","Radiology based Nuclear Medicine","c6d567b0-d4f7-48a6-bfd5-8917bfb2e88f"
"Royal Cornwall Hospital","b2831e2c-0dfb-4089-838d-268cef32299f","Radiopharmacy","96180d37-ff00-49c6-a878-86147f278dec"
"Royal Derby Hospital","70d60ce9-14cb-4f8a-8d76-15d5fbc19142","Nuclear Medicine Stand Alone","b0e8f25d-452e-422d-aa34-f92920a18616"
"Royal Derby Hospital","70d60ce9-14cb-4f8a-8d76-15d5fbc19142","Radiopharmacy","e5597565-4186-4730-a321-bcc104a8e4b5"
"Royal Devon and Exeter Hospital (Wonford)","43d50448-ab10-4735-ba7f-10910d9f7469","Radiology based Nuclear Medicine","04110cda-8682-4d31-b8b3-6592259bb65c"
"Royal Devon and Exeter Hospital (Wonford)","43d50448-ab10-4735-ba7f-10910d9f7469","Radiopharmacy","caa42065-9d63-4ab9-a20e-44603a937830"
"Royal Free Hospital","ca985841-fc7a-457c-9a85-ce7eb8d9cc61","PET Centre","74301813-97fe-447c-aef0-91260b08cec1"
"Royal Free Hospital","ca985841-fc7a-457c-9a85-ce7eb8d9cc61","Radiopharmacy","9bdeef75-ef29-4e71-8453-0ef1669888c6"
"Royal Glamorgan Hospital","d7ae9a91-d9e9-4cad-8ded-b5a341f022ba","Radiology based Nuclear Medicine","e4264d51-2c20-4fb9-b316-f52e6afb15db"
"Royal Gwent Hospital","72dede8e-3d4d-4b2a-9a98-a29a7c8b3f85","Radiology based Nuclear Medicine","fa109997-28d5-462e-b27f-a13c4a7c552f"
"Royal Hospital for Children and Young People","3f1324d9-e1b7-4936-a8e6-a0157e6356e6","Nuclear Medicine Stand Alone","464b579d-b25d-4a13-9463-9a4d50d766e1"
"Royal Hospital for Children Glasgow","795aaf82-8670-4565-a8b1-a55195d3f766","Nuclear Medicine Stand Alone","f11023c5-9ab8-4479-a3e2-9283fee04ace"
"Royal Infirmary of Edinburgh","998ee353-f67e-4dd3-a457-f80b5f8f75e6","Nuclear Medicine Stand Alone","7f215990-e1bd-45b2-bf7f-c0ee074daea8"
"Royal Infirmary of Edinburgh","998ee353-f67e-4dd3-a457-f80b5f8f75e6","Radiopharmacy","d8fb9d5a-a6c7-409e-9281-48f5be0c7da0"
"Royal Lancaster Infirmary","f9aa9734-6006-49dd-8d10-1a19779ce72a","Radiology based Nuclear Medicine","8a1a5689-df92-4199-8b67-72c85c8c9bcb"
"Royal Liverpool University Hospital","344d2c03-124e-4b52-9cb1-c0da9a69e594","Nuclear Medicine Stand Alone","5f04092b-615d-43e4-9e0f-5d9c78841785"
"Royal Liverpool University Hospital","344d2c03-124e-4b52-9cb1-c0da9a69e594","PET Centre","6a111a71-4374-49d2-bccf-b0e15fbc8623"
"Royal Liverpool University Hospital","344d2c03-124e-4b52-9cb1-c0da9a69e594","Radiopharmacy","322d6749-373f-49f9-b254-35caff98a5f1"
"Royal Manchester Children's Hospital","79455630-e4c3-44ec-aa64-454f4b288161","Nuclear Medicine - Physics based","5cf9c371-e4de-4a74-bd42-6e26bb724884"
"Royal National Orthopaedic Hospital","190af422-1acb-40bd-b838-68dc5640093d","Nuclear Medicine Stand Alone","ae23f96d-91cf-4545-b4ea-7c1b23b59f74"
"Royal Papworth Hospital","87cc3280-2b42-4579-b57f-c4aa2a49c8db","Radiology based Nuclear Medicine","d6cb3208-672c-496f-b519-c3cbf50602cb"
"Royal Preston Hospital","b1437051-564b-4237-94cc-aedc2ac4354d","Nuclear Medicine Stand Alone","4ae089ec-172c-4fed-8c9d-2da38a6c5058"
"Royal Preston Hospital","b1437051-564b-4237-94cc-aedc2ac4354d","PET Centre","5ab68dbe-4da2-4ff0-b75a-d5422c8ff32b"
"Royal Preston Hospital","b1437051-564b-4237-94cc-aedc2ac4354d","Radiopharmacy","562f5b69-dd4f-4042-b76b-87629f6f26bc"
"Royal Shrewsbury Hospital","8fb9cefa-13c6-4633-84cf-54c1ba3fa8b5","Radiology based Nuclear Medicine","0b6f3187-973b-4c53-9dc0-5cb548721700"
"Royal Shrewsbury Hospital","8fb9cefa-13c6-4633-84cf-54c1ba3fa8b5","Radiopharmacy","6fc1c8bd-eec0-49dd-8413-ed71511da3f8"
"Royal Stoke Hospital","54b0a9cc-4484-454e-9090-3c0f364cfc55","Radiology based Nuclear Medicine","f62ebfe6-64a8-4ea6-8b0f-96e213494c53"
"Royal Surrey County Hospital","e7f4f792-48da-4d7b-8918-526e7227f450","Nuclear Medicine Stand Alone","521d3f68-07fb-407a-8961-63015fa37442"
"Royal Sussex County Hospital","8c6b7161-ea4b-4e29-8438-99fa7f362a8f","Nuclear Medicine Stand Alone","0d3f9ff3-8b1a-4db9-b906-57b786664dbe"
"Royal Sussex County Hospital","8c6b7161-ea4b-4e29-8438-99fa7f362a8f","Radiopharmacy","16f0be08-0105-4b1f-9bee-dd6dfe619362"
"Royal United Hospital","e6840819-4d9f-41c8-b2e4-189de51f8e68","Radiopharmacy","5fbce29c-213a-48bc-8a8c-e2d891e42c95"
"Royal United Hospital Bath","52d1c8db-95ef-44a2-b499-fe0532e48de5","Nuclear Medicine - Physics based","e2633069-3409-4146-b28c-148263acb7b3"
"Royal Victoria Hospital","84a86e0f-e6b3-4303-adb9-aa3418383677","Nuclear Medicine Stand Alone","7696ba9c-dc20-48d0-84a8-c63d70f1a86a"
"Royal Victoria Hospital","84a86e0f-e6b3-4303-adb9-aa3418383677","Radiopharmacy","d5f83907-93db-4caf-84e6-f55887603881"
"Russells Hall Hospital","195f3e64-8e3b-4621-b4be-45a6e45a0e11","Radiology based Nuclear Medicine","346ec7c6-4b82-492d-bf22-7f6e92fbb79a"
"Salford Royal Hospital","04422e5c-095d-4b3b-b025-6c38261d87d5","Nuclear Medicine Stand Alone","b291c95e-142c-463f-b9c5-e41ed8b149a0"
"Salford Royal Hospital","04422e5c-095d-4b3b-b025-6c38261d87d5","Radiopharmacy","103cb9fc-b83b-4ce5-99e9-f2d808698da4"
"Salisbury District Hospital","7e6a074c-33c2-44bb-b923-ed337d45d798","Radiology based Nuclear Medicine","8a13beeb-cafb-4818-9fea-b2a0096d5639"
"Scarborough General Hospital","c76225a5-ec2c-438e-8779-3e67a202f426","Nuclear Medicine Stand Alone","ad731b3d-c4bb-4f21-a58d-9ef85800a3ff"
"Scarborough Hospital","17b1300a-e17a-41a7-bd87-c9b53deedb32","Radiopharmacy","fc381e7b-5eb5-4d05-8dcb-ede8ba50e271"
"Sheffield Children's Hospital","11b4eef3-43f1-4724-94cb-b7baeb27bbcf","Radiology based Nuclear Medicine","09f6f695-7773-4d27-8938-d526bfa83615"
"Simbec-Orion Clinical Pharmacology Unit","0ed5d4bc-4309-4dd5-95d7-a3c9d300166f","Nuclear Medicine Stand Alone","301fb8dd-08fc-4e72-98d5-b1efbf3e1e9f"
"Simon Langton Girls' Grammar School","0f36d22f-5494-49c2-8c8f-b4954dd08d7f","",""
"Sindh Institute of Urology and Transplantation (SIUT)","038f1d14-5b6b-4268-930f-00fa9aa10259","",""
"Singleton Hospital","802c59c2-6d44-4ee2-a22b-39045ae2c7f4","Nuclear Medicine - Physics based","f5e51cc5-d52e-40e2-b3ca-ec4ff1a946c5"
"South Tyneside District Hospital","e3606f21-9bc2-44aa-b7b5-6de7c427a859","Radiology based Nuclear Medicine","0af9fa59-350a-45c7-a585-1764e37935e2"
"South Tyneside District Hospital","e3606f21-9bc2-44aa-b7b5-6de7c427a859","Radiopharmacy","ef4d27a3-14d6-44b4-853c-a20d22c58e02"
"Southampton General Hospital","26fde922-6cef-42d9-99ee-a0fdc29d72a1","Nuclear Medicine Stand Alone","a744f9a8-a504-48f5-ad5f-9b9591561842"
"Southampton General Hospital","26fde922-6cef-42d9-99ee-a0fdc29d72a1","Radiopharmacy","a161f139-ab00-4492-ab6a-865892eea5a1"
"Southend University Hospital","eb007411-7cfa-463b-a085-0b6ee8b9fdf5","Nuclear Medicine Stand Alone","43ac3e61-7f75-4fb0-8da3-2bc3991cc127"
"Southend University Hospital","eb007411-7cfa-463b-a085-0b6ee8b9fdf5","Radiopharmacy","d79eea9d-85ec-47c7-a72d-169de2c0f6da"
"Southmead Hospital","592b3af9-b805-422e-ad95-5bf28d8cde4a","Nuclear Medicine Stand Alone","5e6c0755-3e40-4de6-82b7-74f96dd76389"
"Spire Edinburgh Hospitals","ca11daf9-c57e-4939-8b02-d6774ba9c7e6","Nuclear Medicine Stand Alone","78f1a6a9-e0d1-4773-9549-08d83a66bc2b"
"St Bartholomew's Hospital","1194b295-a383-402b-a637-b7c9aadd1cf5","Nuclear Medicine Stand Alone","5e32819e-67ee-4c31-8542-0c827332679f"
"St Bartholomew's Hospital","1194b295-a383-402b-a637-b7c9aadd1cf5","PET Centre","7e3ef7db-42af-44ca-97fc-8972b4b66c13"
"St Bartholomew's Hospital","1194b295-a383-402b-a637-b7c9aadd1cf5","Radiopharmacy","a3fc6746-460b-4a3b-a871-83cd8f7e243b"
"St David's Hospital","f925057f-2474-4c87-ad94-5983e79f3ed5","Radiology based Nuclear Medicine","05c225db-0383-4a7f-a999-40a6c5ffe64b"
"St George's Hospital","9d400268-bedb-4f32-8616-8d2e21e344ec","Radiology based Nuclear Medicine","a23cb64f-5bbe-4728-90a0-0b3cae3ee960"
"St George's Hospital","9d400268-bedb-4f32-8616-8d2e21e344ec","Radiopharmacy","c3125b87-f9c9-45eb-87d3-9f4a12a841be"
"St Helier Hospital","9370c7c8-d994-4fb2-b1b6-89f721c155f3","Nuclear Medicine Stand Alone","c730192c-7a43-4d3a-9fe0-df1514abb134"
"St James's University Hospital","4c006135-241d-4b7f-b755-10d7066b9d20","Radiology based Nuclear Medicine","b3589bdf-9fab-4d68-b1c7-bf0dcd26f573"
"St James's University Hospital","4c006135-241d-4b7f-b755-10d7066b9d20","Radiopharmacy","0c8f1d26-9030-48d5-8f04-5f2307add4e0"
"St Mary's Hospital","88c8afed-c201-4d59-967d-1ab25c2d363d","Nuclear Medicine Stand Alone","d261eb94-b36a-4610-adb2-f51da18b8a58"
"St Mary's Hospital (London)","efabeb87-8759-4243-8bc3-5d5c9cdb11b7","Radiopharmacy","34f7a2ca-3432-43d9-bf02-56f93f504bc3"
"St Richard's Hospital Chichester","56b21482-c150-4f2f-9d3e-767012209714","Radiology based Nuclear Medicine","168bd772-c4f9-40ef-a4fc-f0c3eea0ab34"
"St Thomas' Hospital","f607f226-9fd1-43b7-8340-0d2d8a1f20e9","Nuclear Medicine Stand Alone","f29e5907-2e86-4798-8a91-2170f83ffae2"
"Stepping Hill Hospital Stockport","008fefce-6b2b-46b1-b42f-b4af60236fe4","Radiology based Nuclear Medicine","4df71cb4-e01d-4603-8be1-b196a4a9926b"
"Stobhill Hospital Glasgow","ac5589e4-8c34-4151-8175-adca5b18c916","Nuclear Medicine - Physics based","79726fd8-8e0d-4d03-88bb-d4bee47cc91f"
"Sunderland Royal Hospital","a60488ac-8fec-4751-9aaa-5a8e67488b5b","Radiology based Nuclear Medicine","63cae3ed-cfd1-4957-a486-1a8ca0f6bc9a"
"Sunderland Royal Hospital","a60488ac-8fec-4751-9aaa-5a8e67488b5b","Radiopharmacy","ffa33dad-94db-4c34-922a-b24facee62b2"
"Swansea University","90d8e904-3c69-4b8a-86c2-bd2745c5b6ef","",""
"Tameside General Hospital","dec09e0f-3823-4944-beaf-de77231228c2","Nuclear Medicine Stand Alone","721d5d20-01f5-402a-b46a-f2f553427a31"
"The Alexandra Hospital","69a1a5ff-0ff8-4921-8e11-7604430f7b80","Nuclear Medicine Stand Alone","9a2bc833-afb0-41f8-a260-ac0fa703bdbf"
"The Cancer Centre Wimbledon","227af740-d474-4d1f-b3c0-d2f4671beb04","Radiology based Nuclear Medicine","3dcfecb8-37b3-4a3a-86e0-5aef3734e30a"
"The Christie Hospital","75df674e-5202-43e3-bf9f-d380a3caafab","Nuclear Medicine Stand Alone","94633fb2-19ee-42f8-be94-98a69f556ad1"
"The Christie Hospital","75df674e-5202-43e3-bf9f-d380a3caafab","Radiopharmacy","e02f0526-7323-485c-a148-ba28fb33791f"
"The Harley Street Clinic","7f037648-d1d6-48fd-b5c7-fa15596ba48e","Radiology based Nuclear Medicine","341dd89e-ce14-4445-b89b-d923cec1683f"
"The James Cook University Hospital","ab14f948-f1f7-4317-8ad4-f3bcdd14fe10","Nuclear Medicine - Physics based","1874a218-ecdc-42e4-98b3-87f4e7ac6761"
"The James Cook University Hospital","ab14f948-f1f7-4317-8ad4-f3bcdd14fe10","Radiopharmacy","2bd8bebd-d195-4159-94d3-1e98479fea14"
"The London Independent Hospital","bae078c5-f669-4ec1-8863-75145a4f14aa","Nuclear Medicine Stand Alone","a1381eb2-9cb4-4230-824d-1086453d82aa"
"The Royal London Hospital","6b3b683a-fba0-4865-b8fc-60994ae69bf2","Radiology based Nuclear Medicine","b13edc45-7c9a-4510-b193-0d180b121451"
"The Royal Marsden, Chelsea","0f0ee8ec-2323-44e9-9677-74737df5931f","PET Centre","2ec95556-0147-4964-b5da-902a5865ef77"
"The Royal Marsden, Sutton","c15cd6bd-ca8c-49c0-b7e5-58a0ff80dd3d","PET Centre","146c2712-3faa-4296-9bc8-54d808fe01c7"
"The Royal Marsden, Sutton","c15cd6bd-ca8c-49c0-b7e5-58a0ff80dd3d","Radiopharmacy","f2ef82c4-de57-4241-813d-461814d1f857"
"The University of Lahore","3303605c-2dbd-4b7c-8d8d-f7b0c90b19d7","",""
"The Wellington Hospital","d5b992ed-c486-4b02-9ac6-e7bc0270d28d","Radiology based Nuclear Medicine","fff7b6ae-6584-4d21-80df-6e749f6ac9b3"
"Torbay Hospital","c23ee6aa-a09a-474c-8f66-cdc5b2103886","Nuclear Medicine Stand Alone","36f60835-cb8e-428f-8dd0-c1dfe5e37d11"
"Torbay Hospital","c23ee6aa-a09a-474c-8f66-cdc5b2103886","Radiopharmacy","95d8e042-e104-4716-9584-b7497601afa7"
"Tunbridge Wells Hospital","0178e432-c01e-46f3-aa22-0b61d5068a31","Radiology based Nuclear Medicine","715654cf-44b7-4893-885c-1dddd707a4fe"
"Universidad de la República","14012902-4b71-4dec-bfb4-1f4882bf6f3c","",""
"Universirty of Oxford","55b65591-6a02-4370-9805-c0c720924d79","",""
"Universitas Gadjah Mada","c12bbae4-203d-4926-b6e4-8dff6576c1dc","",""
"University College Hospital","044ec481-4314-436a-908f-f716d864c139","PET Centre","4b87d12c-af1a-40c7-a5b6-b240a60ecca7"
"University College Hospital","044ec481-4314-436a-908f-f716d864c139","Radiopharmacy","4c3ac5b2-bc34-4c79-85fa-437b7a106a86"
"University College London (UCL)","899d7d5a-4df1-4462-abc0-ceeaae93fb75","",""
"University Hospital Ayr","8b37a6c3-66c0-4937-8b50-8c91c6d23d88","Nuclear Medicine - Physics based","fd830413-cea6-4276-9c9a-25dcd8b08f1f"
"University Hospital Coventry","bd2b845b-a8b7-49f8-ad1b-17c466c94f2f","Nuclear Medicine Stand Alone","4cd68788-5333-45d5-ab3e-88fcea4b9293"
"University Hospital Coventry","bd2b845b-a8b7-49f8-ad1b-17c466c94f2f","PET Centre","ad920974-8272-435e-af15-4a1c5631c6fc"
"University Hospital Coventry","bd2b845b-a8b7-49f8-ad1b-17c466c94f2f","Radiopharmacy","6cab6cb9-2a26-4a1f-9292-b5112fc71e54"
"University Hospital Lewisham","6aed68a4-28c7-42ac-9747-ab530570611d","Radiology based Nuclear Medicine","77fa1f5a-7af0-44e4-ad29-55b390f0f0ef"
"University Hospital Llandough","703e038c-a211-45b7-a60b-be3225c51d9c","Radiology based Nuclear Medicine","df43a675-4bc3-4295-80de-bc0d8af9e7e3"
"University Hospital Monklands","5cd15c91-5dd5-45cf-acf6-bcf4663c8dfe","Nuclear Medicine Stand Alone","790c3adf-0bb8-4279-8cc7-e001215c9041"
"University Hospital North Durham","305de5da-03ac-48a3-9a3e-328821a3fa06","Nuclear Medicine - Physics based","3fcf77c9-7f9e-44f7-a9e0-5fe5297fba59"
"University Hospital of Hartlepool","41d6fa27-b04e-45be-b002-afe9ae14d798","Nuclear Medicine - Physics based","f861f963-a29f-4789-a470-c8affdd40672"
"University Hospital of Hartlepool","41d6fa27-b04e-45be-b002-afe9ae14d798","Radiopharmacy","3951038a-a53c-4ef2-9e02-dfbb21043ae2"
"University Hospital of Wales","740557c7-ceb7-4aab-aa8a-4966bab0c216","Nuclear Medicine - Physics based","a10b3d9a-51ec-44b4-b0bc-22ad38e25825"
"University Hospital of Wales","740557c7-ceb7-4aab-aa8a-4966bab0c216","PET Centre","694b5272-a2b0-42b2-984c-d7016c508a00"
"University Hospital of Wales","740557c7-ceb7-4aab-aa8a-4966bab0c216","Radiology based Nuclear Medicine","8b862069-0a07-4556-a26d-6832c94665ac"
"University Hospital of Wales","740557c7-ceb7-4aab-aa8a-4966bab0c216","Radiopharmacy","99acb0a5-45d6-49ef-8e83-481b5e6df774"
"University of Benin","72f7b3ab-04d7-449c-87d1-7d8bc7659a94","",""
"University of Birmingham","7233350f-33a9-4b5f-b9cf-7fe0d8e4502a","",""
"University of Brighton","6aff7505-6755-41aa-8d6b-4c5552146e36","",""
"University of Bristol","37bcdab2-3f7d-4a21-85f9-2844953aa7f4","",""
"University of Exeter","75e5c0c9-24db-417f-9f4a-90fb47b38fbb","",""
"University of Glasgow","fb09d179-becf-4709-9949-fde1e8e42dbd","",""
"University of Gloucestershire","fcb3bd39-76a1-48d1-b4c5-be4f88638a82","",""
"University of Liverpool","1e9a9480-d517-46a9-83be-df5ec067a090","",""
"University of Manchester","9366dc64-767b-42d9-9127-236c61d4a5c4","",""
"University of Nottingham","2223aee9-8540-434c-b330-325371af95c7","",""
"University of Oxford","7d3b98f7-2a1e-4f40-8dd1-99ac620b9eae","",""
"University of Salford","f14f1e33-e569-4185-8239-e7f721c690d2","",""
"University of the West of England, Bristol (UWE Bristol)","0b74f512-0375-4e30-8064-a0bd8d36ac69","",""
"Velindre Hospital","f71d54b8-dea1-403c-ac7c-032c0c8e9141","Nuclear Medicine - Physics based","08174792-e727-474f-b0a9-932844c4a1de"
"Victoria Hospital Kirkcaldy","9a51a25b-6d42-47f2-b7a5-174db3c98e77","Nuclear Medicine Stand Alone","7a622e90-0397-45c9-ad66-ac80c5a74108"
"Wales Research & Diagnostic PET Imaging Centre","44507250-4ee5-4773-8b39-d786a91b937c","PET Centre","1e4ff7a8-4907-4fb2-a7b2-03685a9aa7a3"
"West Cumberland Hospital","336b1a93-d973-45b7-913f-c40f7932f67a","Radiology based Nuclear Medicine","f093fbd2-8781-4a1d-930d-794985bb097b"
"West Glasgow Ambulatory Care Hospital","85ca50c0-b614-41a8-a6e2-f8128a0e92da","PET Centre","d50e4df5-3ed0-4a69-bb9c-e8df6ee7d879"
"West Suffolk Hospital","3eef5c87-60c6-48c7-9291-c9899bda4622","Radiology based Nuclear Medicine","600732a9-08ae-409d-af71-7ada750e671e"
"Western General Hospital","d6cefdc2-435c-472a-a785-1320188a0747","Radiology based Nuclear Medicine","f84b55b0-9641-4395-81d5-f3786381b08e"
"Weston Park Cancer Centre","b9bf914b-d3c4-45af-8adc-7d4532b6ffde","Nuclear Medicine - Physics based","8054fa8a-78c5-453b-a528-0785a371ca07"
"Whipps Cross University Hospital","7c2a04f0-9740-46d8-a2fb-c28c3f18ade5","Radiology based Nuclear Medicine","b7ef3d21-cc0d-48ba-9e22-17e4395e21e6"
"Whiston Hospital","f85a9bf4-044c-48db-89f7-10878f6cd3f3","Radiology based Nuclear Medicine","77ef6c83-d0de-4af4-9a52-8d84f5234a19"
"Whittington Hospital","267546f2-c55c-4909-93ab-dbafa74db3bc","Nuclear Medicine Stand Alone","907541b9-d8b7-4aee-9c26-6ed91f9a11b1"
"William Harvey Hospital","da46fe5f-5ee6-49f5-a340-8e6990c80448","Nuclear Medicine Stand Alone","fa05d50d-a29a-43e0-9f83-cb32169529d8"
"Withybush General Hospital","40ba22e6-a485-4fc0-8346-167053f91be0","Radiology based Nuclear Medicine","ecfd9ace-5197-4913-a0e3-c773e28e619a"
"Wolfson Brain Imaging Centre","b91949e7-087f-4e55-bb3d-c290721b598c","PET Centre","5639f8fc-7fd8-422d-b16b-46e634c95f4d"
"Wolfson Molecular Imaging Centre","2a96c61c-0222-43ad-95f4-56c3b64bf3d5","PET Centre","bcc748b8-81b9-4e55-9c38-bda228992f49"
"Worcestershire Royal Hospital","9ef4aa85-f117-4e17-b712-98ccc81e20d8","Radiology based Nuclear Medicine","94015172-df64-49e1-a693-fb6c90711683"
"Wrexham Maelor Hospital","88ae52a9-e43c-4e60-b966-84ae16c7ece0","Radiology based Nuclear Medicine","7cc3774f-aaa4-44bd-a50a-9c8acb8e554a"
"Wrexham Maelor Hospital","88ae52a9-e43c-4e60-b966-84ae16c7ece0","Radiopharmacy","761b60e1-389d-4997-a03f-440dfe89f9a2"
"Wycombe Hospital","758b2370-c539-4738-8ffa-8965f4bd0194","Radiology based Nuclear Medicine","c4eb53a5-a052-421d-a9bc-e281445468e4"
"Wythenshawe Hospital","5c16940d-cfc5-4457-8973-91edafd2f057","Radiology based Nuclear Medicine","82361c78-bd8c-4ca7-9d7b-4a00479ac03b"
"York Hospital","24d9562c-ebaa-4afe-a4ae-d6224dbb80c1","Radiology based Nuclear Medicine","37398088-08fa-41a4-bd9b-04d95782736e"
"York Hospital","24d9562c-ebaa-4afe-a4ae-d6224dbb80c1","Radiopharmacy","f1f246e3-16a4-45ab-9ff8-ee357d55b552"
"Ysbyty Gwynedd","4ea2c885-d96f-40ef-8099-8b6febc6ebdb","Nuclear Medicine Stand Alone","0c9c264e-9056-43f5-be51-8d584af94368"
