Video URL;Title;Brief Description;Date uploaded;Member Only;Collection;Resource Type;Bone;Cardiovascular;Careers;Coding & HRGs;Diagnostics;Educational;Endocrinology;Equipment;Gastro;Haematology;Infection;Lung;Management;Management and Workforce;Molecular Radiotherapy;Neurology;Oncology;Paediatrics;PET and PET-CT;Physics – dosimetry;Physics – imaging science;Physics – radiation protection;Radiopharmaceutical Development;Radiopharmacy;Renal;Therapeutic;Thyroid;Training;Working in NM
https://www.youtube.com/watch?v=S4fBE1bUaNE;CCK2-Based Theragnostics: Insights from Prof. Irene Virgolini;"Join Prof. Irene Virgolini from the Medical University of Innsbruck as she explores the latest developments in CCK2-based theragnostics.

This presentation was recorded during the BNMS Spring Meeting 2025 in Glasgow, where leading experts gathered to discuss the expanding role of nuclear medicine in cancer diagnosis, treatment planning, and personalised patient care.

This session is particularly valuable for professionals working in oncology, nuclear medicine, theragnostics, and multidisciplinary cancer management.";11-Dec-25;No;Events;Videos;;;;;;;;;;;;;;;;;X;;;;;;;;;;;;
https://www.youtube.com/watch?v=pjuXz04JBeY&list=PLjFEVVfFws0S1fjfdbDYqnEZoWvmPNm9Z;What Treating Physicians Expect from Nuclear Medicine — Prof. Anthony Chalmers;"Join Prof. Anthony Chalmers from University of Glasgow,  as he shares an oncologist’s perspective on what treating physicians expect from Nuclear Medicine.
This talk was recorded during the Spring Meeting 2025 in Glasgow, where leading experts gathered to discuss the evolving role of NM in cancer diagnosis, treatment planning, and patient care.";  2 Dec 2025;No;Events;Videos;;;;;;;;;;;;;;;;;X;;;;;;;;;;;;
https://www.youtube.com/watch?v=P7cO0QvbiQw&list=PLjFEVVfFws0S1fjfdbDYqnEZoWvmPNm9Z&index=3;Novel Theragnostic Imaging Agents in Brain Tumours | Dr David Lilburn | BNMS Spring Meeting 2025;"Dr David Lilburn from King's College London presents on Novel Theragnostic Imaging Agents in Brain Tumours at the BNMS Spring Meeting 2025 in Glasgow.

In this talk, Dr Lilburn explores the latest advances in theragnostic imaging, highlighting innovative agents that combine diagnostic and therapeutic capabilities for brain tumour management. Learn about cutting-edge research, clinical applications, and the future of personalised imaging in neuro-oncology.
";25-Nov-25;No;Events;Videos;;;;;;;;;;;;;;;;X;;;;;;;;;;;;;
https://www.youtube.com/watch?v=hR0QQj_kABY&list=PLjFEVVfFws0S1fjfdbDYqnEZoWvmPNm9Z&index=4;Spring Meeting 2025 Poster Highlights: Robin McCade Interview | BNMS Insights;"Join Mariana Pinto (Belfast Health and Social Care Trust) as she sits down with Robin McCade (Glasgow Royal Infirmary) to discuss his expectations and highlights to be presented during the BNMS Spring Meeting 2025 in Glasgow.
In this interview, Robin shares his insights on the meeting, key points from the poster presentations, and why you should attend future BNMS events.";Nov-25;No;Events;Videos;;;;;;;;;;;;;;;;;;;;;;;;;;;;;X
https://www.youtube.com/watch?v=ZbvL31MQRyw&list=PLjFEVVfFws0S1fjfdbDYqnEZoWvmPNm9Z&index=5;What is the Best Tracer for Molecular Brain Tumor Imaging? | Prof. Francesco Fraioli | BNMS 2025;"Join Prof. Francesco Fraioli from University College Hospital at the Spring Meeting 2025 in Glasgow as he delves into the cutting-edge advancements in molecular brain tumor imaging. In this session, Prof. Fraioli highlights the tracers that offer the most precise insights for diagnosis, treatment monitoring, and therapy planning.

Don’t forget to like, comment, and subscribe for more updates from leading experts in nuclear medicine and molecular imaging!"; 19 Nov 2025;No;Events;Videos;;;;;;;;;;;;;;;;X;;;;;;;;;;;;;
https://www.youtube.com/watch?v=nIzgglyaLa8&list=PLjFEVVfFws0S1fjfdbDYqnEZoWvmPNm9Z&index=6;Beyond 177Lu PSMA: Alpha and Combination Treatments – Dr Partha Choudhary | BNMS Spring Meeting 2025;"Join Dr Partha Choudhary from the Rajiv Gandhi Cancer Institute and Research Centre as he explores the evolving landscape of 177Lu PSMA therapies, delving into alpha and combination treatments that are shaping the future of nuclear medicine.

Recorded at the BNMS Spring Meeting 2025 in Glasgow, this insightful presentation offers:

Practical guidance on implementing emerging therapies
Clinical perspectives from real-world practice
Service development insights to advance patient care";5/11/25;No;Events;Videos;;;;;;;;;;;;;;;;;;;X;;;;;;;;;;
https://www.youtube.com/watch?v=DnaZd1Q3f04&list=PLjFEVVfFws0S1fjfdbDYqnEZoWvmPNm9Z&index=6;Delivering a Radiolabelled PSMA Therapy Service: A UK Perspective | Dr Stefan Voo;Join Dr Stefan Voo from University College Hospital as he explores the delivery of a radiolabelled PSMA therapy service in the UK. Recorded at the BNMS Spring Meeting 2025 in Glasgow, this presentation provides practical guidance, service implementation insights, and clinical perspectives to support advancements in nuclear medicine practice.;Oct-25;No;Events;Videos;;;;;;;;;;;;;;;;;;;X;;;;;;;;;;
https://www.youtube.com/watch?v=V_8G5I2qLOM&list=PLjFEVVfFws0S1fjfdbDYqnEZoWvmPNm9Z&index=7;Inspiring Journey into Nuclear Medicine | Elizabeth Comber Interview | BNMS Spring Meeting 2025;At the BNMS Spring Meeting 2025, we had the pleasure of speaking with Elizabeth Comber, Technologist at Coventry and Warwickshire Partnership NHS Trust, about her journey into nuclear medicine.; 17 Nov 2025;No;Events;Videos;;;;;;;;;;;;;;;;;;;;;;;;;;;;;X
https://www.youtube.com/watch?v=8icvtKTKlys&list=PLjFEVVfFws0S1fjfdbDYqnEZoWvmPNm9Z&index=8;Carolina Rodrigues: Journey into Nuclear Medicine | BNMS Spring Meeting 2025;At the Spring Meeting 2025, we had the pleasure of sitting down with Carolina Rodrigues, Technologist at Imperial College Healthcare NHS Trust, to hear about her inspiring journey into nuclear medicine.; 3 Nov 2025 ;No;Events;Videos;;;;;;;;;;;;;;;;;;;;;;;;;;;;;X
https://www.youtube.com/watch?v=OvWa7OtF0MM&list=PLjFEVVfFws0S1fjfdbDYqnEZoWvmPNm9Z&index=9;Spring Meeting 2025 | PET vs. SPECT: Technical & Business Planning Insights with Giorgio Testanera;"Join us for highlights from the BNMS Spring Meeting 2025 in Glasgow, where Mr Giorgio Testanera, Clinical and Research PET Service Manager at King's College London and Guy's and St Thomas' PET Centre, shares his expertise on the ""Technical and business planning aspects of PET vs. SPECT";16-Sep-25;No;Events;Videos;;;;;;;;;;;;;;;;;;;X;;;;;;;;;;
https://www.youtube.com/watch?v=LRwb9DfDF0Y&list=PLjFEVVfFws0S1fjfdbDYqnEZoWvmPNm9Z&index=10;An Interview with Christina Siakalli at the Spring Meeting 2025;At the Spring Meeting 2025, we sat down with Christina, PhD in Chemistry Research at Imperial College London, to hear about her journey into nuclear medicine, why she chose this exciting field, and her perspective on the value of this year’s meeting.; 15 Sept 2025;No;Events;Videos;;;;;;;;;;;;;;;;;;;;;;;;;;;;;X
https://www.youtube.com/watch?v=8Ble_jbXACk&list=PLjFEVVfFws0S1fjfdbDYqnEZoWvmPNm9Z&index=11;Hannah Chandler on Nuclear Medicine | BNMS Spring Meeting 2025;"In this interview, Hannah Chandler, Radiographer at London North West University Healthcare NHS Trust, shares her experience in Nuclear Medicine, her professional background, and her thoughts on the BNMS Spring Meeting 2025 and future. 
";Sep-25;No;Events;Videos;;;;;;;;;;;;;;;;;;;;;;;;;;;;;X
https://www.youtube.com/watch?v=PVPOgO92PEo&list=PLjFEVVfFws0S1fjfdbDYqnEZoWvmPNm9Z&index=12;BNMS Spring Meeting 2025 | Prof Richard Underwood – Myocardial Perfusion Scintigraphy SPECT;"Recording from the BNMS Spring Meeting 2025 in Glasgow.
In this session, Prof Richard Underwood (Imperial College London) discusses why Myocardial Perfusion Scintigraphy (SPECT) continues to be the workhorse for ischaemia testing, exploring its role, value, and future in clinical practice."; 10 Sept 2025 ;No;Events;Videos;;X;;;;;;;;;;;;;;;;;;;;;;;;;;;
https://www.youtube.com/watch?v=BRaEhPWgM3g&list=PLjFEVVfFws0S1fjfdbDYqnEZoWvmPNm9Z&index=13;BNMS Spring 2025 Highlights | Glasgow ;"We are bringing you the best moments from BNMS Spring 2025 in Glasgow!
From the Cardiac Session, Prostate Cancer Theragnostics, and “What is the Best Tracer for Molecular Brain Tumour Imaging?” to Cutting Edge Research — and so much more still to come.";Sep-25;No;Events;Videos;;X;;;;;;;;;;;;;;;;;;;;;;;;;;;
https://www.youtube.com/watch?v=S7j788aGvRs&list=PLjFEVVfFws0S1fjfdbDYqnEZoWvmPNm9Z&index=14;Dr. Ian Armstrong: My Journey in Nuclear Medicine | BNMS Spring Meeting 2025;"In this insightful session from the BNMS Annual Spring Meeting 2025, Dr. Ian Armstrong, Consultant Physicist at Manchester Royal Infirmary and Co-Chair of the BNMS Scientific and Educational Committee, shares his inspiring journey in the field of Nuclear Medicine.

Dr. Armstrong reflects on the evolution of his career, the advancements in medical physics, and the importance of education and collaboration in shaping the future of the specialty.
";  8 Sept 2025;No;Events;Videos;;;;;;;;;;;;;;;;;;;;;;;;;;;;;X
https://www.youtube.com/watch?v=8x7ZXcbH7Bc&list=PLjFEVVfFws0S1fjfdbDYqnEZoWvmPNm9Z&index=15;Poster Highlights: Spring Meeting 2025 with Mr Robin McDade;Join Mr Robin McDade, Technologist at Glasgow Royal Infirmary, as he shares the key poster highlights from the BNMS Spring Meeting 2025. Explore the latest innovations and insights shaping the future of nuclear medicine, and stay tuned for more exclusive videos from the event.;Sep-25;No;Events;Videos;;;;;;;;;;;;;;;;;;;;;;;;;;;;;
https://www.youtube.com/watch?v=lCabLvovHXY&list=PLjFEVVfFws0S1fjfdbDYqnEZoWvmPNm9Z&index=16;Highlights RTN from BNMS Spring Meeting 2025 – Monica Martins;Monica Martins, Clinical Team Lead in Nuclear Medicine (NM) and IR(ME)R Practitioner for DXA at Singleton Hospital, presents the key highlights from the BNMS Spring Meeting 2025, focusing on the RTN. In this session, she explores strategies to improve pediatric PET-CT services, advances in fluoromethylcholine parathyroid imaging, and shares important cross-cutting themes and recommendations for clinical practice.;Sep-25;No;Events;Videos;;;;;;;;;;;;;;;;;;;X;;;;;;;;;;
https://www.youtube.com/watch?v=xjQUVDSENZQ&list=PLjFEVVfFws0S1fjfdbDYqnEZoWvmPNm9Z&index=17;Carla Abreu Shares Her Journey in Nuclear Medicine | BNMS Annual Spring Meeting 2025;Join Carla Abreu, site setup specialist at Perceptive, as she shares her experience from the BNMS Annual Spring Meeting. In this video, Carla reflects on her career in Nuclear Medicine, highlights the latest developments in the field, and offers insights into what inspires her work. Whether you’re a fellow professional or simply curious about the world of Nuclear Medicine, Carla’s story is both informative and inspiring.;  1 Sept 2025;No;Events;Videos;;;;;;;;;;;;;;;;;;;;;;;;;;;;;X
https://www.youtube.com/watch?v=11nGO8sli9A&list=PLjFEVVfFws0S1fjfdbDYqnEZoWvmPNm9Z&index=18;Highlights from the Spring Meeting 2025 | Prof Richard Graham|Clinical;"Discover the clinical highlights from the Spring Meeting 2025 in Glasgow (19–21 May 2025).
In this session, Prof Richard Graham (Royal United Hospital Bath) shares the latest clinical updates and key insights from the field, offering valuable perspectives for advancing practice and research.

This recording is particularly relevant for clinical scientists, medical researchers, and healthcare professionals aiming to stay at the forefront of emerging trends, innovation, and clinical applications.";  28 Aug 2025 ;No;Events;Videos;;;;;;;;;;;;;;;;;;;;;;;;;;;;;
https://www.youtube.com/watch?v=2Br6EqOSUUM&list=PLjFEVVfFws0S1fjfdbDYqnEZoWvmPNm9Z&index=19;Highlights from the Spring Meeting 2025 | Dr Alice Nicol | Scientific;"Discover the scientific highlights from the Spring Meeting 2025 held in Glasgow (19–21 May 2025).
In this recording, Dr Alice Nicol, Consultant Clinical Scientist at NHS Greater Glasgow and Clyde, presents the latest scientific updates and key insights.
";Aug-25;No;Events;Videos;;;;;;;;;;;;;;;;;;;;;;;;;;;;;X
https://youtu.be/ovhiksQZ5vI;Nuclear medicine in cardiac amyloidosis: an update and future directions - Prof Dragana Saranovic;"Join Professor Dragana Sobic-Saranovic, Centre of Serbia, School of Medicine, University of Belgrade, for an insightful presentation on “Nuclear Medicine in Cardiac Amyloidosis: An Update and Future Directions.”

In this talk, Professor Sobic-Saranovic explores the latest advances in nuclear medicine imaging for cardiac amyloidosis, including current clinical applications, emerging techniques, and future research directions that may further improve diagnosis and patient management.
";Jan-26;No;Events;Videos;;X;;;;;;;;;;;;;;;;;;;;;;;;;;;
https://youtu.be/S4fBE1bUaNE;CCK2-Based Theragnostics: Insights from Prof. Irene Virgolini;"Join Prof. Irene Virgolini from the Medical University of Innsbruck as she explores the latest developments in CCK2-based theragnostics.

This presentation was recorded during the BNMS Spring Meeting 2025 in Glasgow, where leading experts gathered to discuss the expanding role of nuclear medicine in cancer diagnosis, treatment planning, and personalised patient care.

This session is particularly valuable for professionals working in oncology, nuclear medicine, theragnostics, and multidisciplinary cancer management";Dec-25;No;Events;Videos;;X;;;;;;;;;;;;;;;;;;;;;;;;;;;
https://youtu.be/bmVS5Vv7g00;BNMS Multidisciplinary Reporting Webinar – Implementation of REALM in Nuclear Medicine;"We are especially grateful to our speakers, Dr David Little (Royal United Hospital) and Dr Emma Owens (Eastbourne District General Hospital), as well as our panel and all attendees, for making the session such a success.

This session focused on “Implementation of REALM in Nuclear Medicine” with the following objectives:
";Dec-25;Yes;Events;Videos;;;;;;;;;;;;;;;;;;;;;;;;;;;;;
https://youtu.be/IEj-WA6Y0PA;Spotlight Interview: Richard Graham & Robin McCade – BNMS Spring Meeting 2025;"Join us for an exclusive interview with Richard Graham (Royal United Hospital) and Robin McCade (Glasgow Royal Infirmary), discussing the clinical and poster highlights at the BNMS Spring Meeting 2025.

";Nov-25;No;Events;Videos;;;;;;;;;;;;;;;;;;;;;;;;;;;;;X
https://youtu.be/1hiZOfL6mow;Dr. Kshama Wechalekar | Insights from BNMS Spring Meetings & Favourite Isotopes;"Join Dr. Kshama Wechalekar from the Department of Nuclear Medicine at Royal Brompton Hospital as she shares her expert insights, experiences, and thoughts from the BNMS Spring Meetings. She also talks about her favourite isotopes and highlights key trends in nuclear medicine.
";28/10/25;No;Events;Videos;;X;;;;;;;;;;;;;;;;;;;;;;;;;;;
https://youtube.com/live/X4ER-jDggZ4;BNMS Annual Spring Meeting - AGM live stream;"Exciting News: First-Ever Live Stream of the AGM at the Spring Meeting 2025 in Glasgow!
For the first time in our history, we are thrilled to announce that members will be able to watch the Annual General Meeting (AGM) live from anywhere in the world! This milestone marks a new era of accessibility and engagement, allowing all members to stay informed and participate in real-time, no matter where they are located.
The AGM will take place during the Spring Meeting 2025 in Glasgow and will be streamed live on YouTube, making it easier than ever to tune in and be part of this important event.";May-25;Yes;Events;Videos;;;;;;;;;;;;;;;;;;;;;;;;;;;;;
https://youtu.be/pYH2X8v3tG4;Dr Panithaya Chareonthaitawee ASNC President | Insights on Nuclear Cardiology & More;Join us for an exclusive conversation with Dr Panithaya Chareonthaitawee, newly installed 2025 President of the American Society of Nuclear Cardiology (ASNC) and esteemed consultant from the Mayo Clinic.;Jul-25;Yes;Events;Videos;;X;;;;;;;;;;;;;;;;;;;;;;;;;;;
https://youtube.com/shorts/HwISH8aOlEA;BNMS 2025 | Glasgow;"Mariana Pinto (PET chief Technologist at the Belfast Trust and secretary to the BNMS RTN committee) would like to Welcome you all to  Glasgow for the BNMS Spring Meeting in May 2025. 

";Mar-25;No;Events;Videos;;;;;;;;;;;;;;;;;;;;;;;;;;;;;
https://youtube.com/shorts/jpyHwZA-4vc;Welcome to the Spring Meeting 2025 in Glasgow;"

In this Short, Dr. Simon and Dr. Ian explore the venue, share their excitement, and give you a glimpse of what to expect at this year’s Spring Meeting. Whether it is insightful talks, networking opportunities, or exciting new developments in the field, they can not wait to see you there!
";Apr-25;No;Events;Videos;;;;;;;;;;;;;;;;;;;;;;;;;;;;;
https://youtube.com/shorts/MvsaxELUr8w;BNMS Spring Meeting 2025;This highlights video captures the energy and excitement of the event—from the dynamic Exhibition Hall, where industry leaders and innovators connect, to the engaging Social Media Area, buzzing with real-time updates, interviews, and photo ops. Get a front-row seat to insightful scientific sessions, thought-provoking discussions, and networking moments that define the spirit of collaboration. Whether you attended in person or are catching up from afar, this is your chance to relive the best of the Spring Meeting experience.;May-25;No;Events;Videos;;;;;;;;;;;;;;;;;;;;;;;;;;;;;
https://youtu.be/zoz9nLeL7FI;AI In Nuclear Medicine – Current State And Future Trends;"AI in Nuclear Medicine: Current Landscape and Emerging Trends
Presented by Mr. Richard Meades, Royal Free London NHS Foundation Trust

Explore how artificial intelligence is transforming nuclear medicine—from enhancing diagnostic accuracy and image interpretation to streamlining workflows and personalizing patient care. This session will provide an overview of the current applications of AI in clinical practice, examine cutting-edge developments, and discuss future trends poised to redefine the field. Join Mr. Richard Meades as he offers expert insights into the integration of AI technologies within nuclear medicine and their potential to revolutionize patient outcomes.";Jun-25;Yes;Events;Videos;;;;;;;;;;;;;;;;;;;;;;;;;;;;;
https://youtu.be/VA6nKTCWyz8;Neuromuscular Gastric Dysfunction and Enteric Dysmotility;"Neuromuscular Gastric Dysfunction and Enteric Dysmotility: The Role of Scintigraphy and Management Challenges
Presented by Dr. John Frost, The Dudley Group NHS Foundation Trust

This session delves into the complex realm of gastric and enteric motility disorders, highlighting the critical role of scintigraphy in diagnosis. Dr. John Frost will explore how neuromuscular dysfunction affects gastrointestinal transit, discuss key diagnostic insights provided by nuclear medicine, and examine common pitfalls and challenges in clinical management. The presentation aims to enhance understanding of these difficult-to-manage conditions and guide more accurate, effective patient care.";Jun-25;Yes;Events;Videos;;;;;;;;;;;;;;;;X;;;;;;;;;;;;;
https://youtu.be/pmGBXZ2f2C0;BNMS Spring Meeting 2025 Highlights | Insights from the Scientific Committee;"Join Simon, Carla, and Ian — the Scientific Committee Chairs — as they share key highlights and reflections from the BNMS Annual Spring Meeting 2025, held in vibrant Glasgow. From groundbreaking sessions to networking events, discover what made this year's meeting truly special.
";Jul-25;No;Events;Videos;;;;;;;;;;;;;;;;;;;;;;;;;;;;;X
https://youtu.be/C2Aaskbri6s;Meet Chinny Mercado – Technologist at Sheffield Teaching Hospital!;"In this video, Chinny Mercado, a skilled technologist specializing in nuclear medicine, shares her valuable insights into the profession. Discover what drew her to nuclear medicine, her thoughts on the future of the field, and her perspective on the BNMS (British Nuclear Medicine Society) organization.

";Jul-25;No;Events;Videos;;;;;;;;;;;;;;;;;;;;;;;;;;;;;X
https://youtu.be/xymX96B89aU;Lauren Stevenson on the Future of Nuclear Medicine and the BNMS Legacy;We spoke with Lauren Stevenson (Gartnavel General Hospital) about her journey into the field of Nuclear Medicine and what inspired her to pursue it as a career. She shared her impressions of the recent BNMS Convention in Glasgow and reflected on the enduring success of the British Nuclear Medicine Society—what has contributed to its achievements over the years and what lies ahead for the future of the field. As a fun bonus, we asked Lauren to name her favorite isotope and explain why it stands out to her.;Jul-25;No;Events;Videos;;;;;;;;;;;;;;;;;;;;;;;;;;;;;X
https://youtu.be/Yc-0KFvr4JY;Lucy’s Journey: Choosing Nuclear Medicine & Insights from the BNMS Spring Meeting in Glasgow;Lucy works as a Nuclear Medicine Technologist at Sheffield Teaching Hospital. In this interview, she shares her reasons for choosing nuclear medicine as a profession and her thoughts on the future of the field. Lucy also discusses her impressions of the recently concluded BNMS Spring Meeting in Glasgow and the evolving landscape of nuclear medicine.;Aug-25;No;Events;Videos;;;;;;;;;;;;;;;;;;;;;;;;;;;;;X
https://youtu.be/DMbwApaW498;From Leadership to Legacy: BNMS Presidential Handover;"Ms. Jilly Croasdale, Past President of the British Nuclear Medicine Society (2023–2025) and Head of the Radiopharmacy Section at Birmingham City Hospital, has led the Society through a period of growth, innovation, and strengthened collaboration. Under her guidance, the Council made significant strides in advancing the Society’s mission and shaping its future.

Now, she passes the leadership baton to Professor Sabina Dizdarevic of Royal Sussex County Hospital, who steps in as the new President. With her vision and expertise, Professor Dizdarevic aims to elevate BNMS to new heights as a leading force in global nuclear medicine.";12/8/25;No;Events;Videos;;;;;;;;;;;;;;;;;;;;;;;;;;;;;X
https://youtu.be/BRaEhPWgM3g;BNMS Spring 2025 Highlights | Glasgow;"
From the Cardiac Session, Prostate Cancer Theragnostics, and “What is the Best Tracer for Molecular Brain Tumour Imaging?” to Cutting Edge Research — and so much more still to come.
";Sep-25;No;Events;Videos;;X;;;;;;;;;;;;;;;;;;;;;;;;;;;
https://youtu.be/WW46wm9nPnw;Dr Arum Parthipun on His Nuclear Medicine Career | Spring Meeting 2025 Interview;Join us for an insightful interview with Dr. Arum Parthipun, Consultant Radiologist at the Royal Free London, BNMS Council member, and PSC Committee member. Recorded during the Spring Meeting 2025, Dr. Parthipun shares his background, journey in nuclear medicine, and what makes the Spring Meeting a highlight for him each year. Perfect for anyone interested in nuclear medicine, radiology, and professional development in the field.;2/10/25;No;Events;Videos;;;;;;;;;;;;;;;;;;;;;;;;;;;;;X
https://youtu.be/NOPEwPZNn_M;Yamini Mathur on Her Nuclear Medicine Journey | Spring Meeting 2025;"Join us for an insightful interview with Yamini Mathur, Nuclear Medicine Doctor at University College London Hospital. Recorded during the Spring Meeting 2025, Yamini shares her journey in nuclear medicine, what inspires her in the field, and her thoughts on the Spring Meeting.
";22/9/25;No;Events;Videos;;;;;;;;;;;;;;;;;;;;;;;;;;;;;X
https://youtu.be/9WAaQRSxUSs;Creating opportunities for collaboration in clinical research including BNMS initiatives;In this insightful session, Dr. Jennifer Young recaps key highlights from previous seminars in the BNMS Research Series and introduces the BNMS Research Champions Network. The webinar focuses on fostering collaboration in clinical research and outlines current and future BNMS initiatives aimed at supporting research engagement across the nuclear medicine community.;11/12/25;No;Events;Videos;;;;;;;;;;;;;;;;;;;;;;;;;;;;;X
https://youtu.be/bmVS5Vv7g00;BNMS Multidisciplinary Reporting Webinar – Implementation of REALM in Nuclear Medicine;We are especially grateful to our speakers, Dr David Little (Royal United Hospital) and Dr Emma Owens (Eastbourne District General Hospital), as well as our panel and all attendees, for making the session such a success.;3/12/25;Yes;Events;Videos;;;;;;;;;;;;;;;;;;;;;;;;;;;;;
https://youtu.be/ErcXJpjPKWk;Experience of leading a multi-centre MRT trial - Prof Jonathan Wadsley;Prof Jonathan Wadsley | Experience of Leading a Multi-Centre MRT Trial Tuesday, 13th May 2025In this insightful presentation, Prof Jonathan Wadsley shares his experience of leading a multi-centre UK clinical trial involving molecular radiotherapy (MRT) dosimetry. Using the SELIMETRY trial as a case study, he explores the challenges, key learnings, and practical considerations in standardising dosimetry across multiple centres.;27/11/25;No;Events;Videos;;;;;;;;;;;;;;;X;;;;;;;;;;;;;;
https://youtu.be/fCj_ML87Rrw;Multidisciplinary Reporting Webinar Series – Radiographer Experiences of Nuclear Medicine Reporting;In this insightful session from the BNMS Multidisciplinary Reporting Webinar Series, our expert speakers share their experiences and reflections on radiographer-led nuclear medicine reporting. Through real-world case studies, error review discussions, and practical competency insights, the webinar aims to enhance confidence and accuracy in nuclear medicine reporting practice.;5/11/25;Yes;Events;Videos;;;;;;;;;;;;;;;;;;;;;;;;;;;;;
https://youtu.be/ZMIbC97HY_c;Dr. Juliana Maynard – Working Strategically Across Research Councils;In this insightful webinar, Dr. Juliana Maynard explores the importance of cross-council collaboration in research, highlighting the benefits of partnership working at a national level. She discusses strategies to enhance collaboration effectiveness, the role of evaluation in improving partnerships, and how coordinated efforts across research councils can drive impactful outcomes.;15/9/25;No;Events;Videos;;;;;;;;;;;;;;;;;;;;;;;;;;;;;X
https://youtu.be/vBBFPLaAmdk;New Opportunities in Cardiac Molecular Imaging | Dr Richard Southworth | BNMS Webinar 9 Sept 2025;"In this session, Dr Richard Southworth explores new opportunities for cardiac molecular imaging in the era of Total Body PET. The webinar covers the thought processes and practicalities involved in:
";Sep-25;No;Events;Videos;;X;;;;;;;;;;;;;;;;;;;;;;;;;;;
https://youtu.be/2SOpelNo9RI;NIHR Funding for Clinical Trials and Studies in MRT - Dr Ian Newington;"Tuesday 11th February 2025 - Dr Ian Newington, NIHR Funding for Clinical Trials and Studies in MRT
Aim: To provide an overview of the funding and support available from NIHR that could support research studies in MRT.";20/8/25;No;Events;Videos;;;;;;;;;;;;;;;X;;;;;;;;;;;;;;
https://youtu.be/cz_218qYxSs;Implementation of new radionuclides in clinical trials in the UK - Prof Jane Sosabowski;"An overview of the steps required to bring novel targeted alpha therapies into clinical practice.
Challenges and opportunities in advancing radionuclide-based treatments.
Insights into the regulatory and logistical aspects of clinical trials in the UK.
This talk is a must-watch for researchers, clinicians, and anyone interested in the future of targeted alpha therapies in medicine.";Jul-25;No;Events;Videos;;;;;;;;;;;;;;;;;;;;;;;;;;;;;
https://youtu.be/S6F8EqBVEN4;The Challenges of Producing Radiopharmaceuticals for Research Trials - Dr. Maggie Cooper;Join Dr. Maggie Cooper as she explores the critical challenges involved in producing radiopharmaceuticals for research trials. In this session, Dr. Cooper provides valuable insights into the validation processes required to enable a new radiopharmaceutical to be manufactured for clinical trials;Jun-25;No;Events;Videos;;;;;;;;;;;;;;;;;;;;;;;;X;;;;;
https://youtu.be/yx5QNGiLr18;BNMS Research webinar -  Navigating the Regulatory Requirements to Imaging Research- Prof Gary Cook;"BNMS Research webinar series- Tuesday 12th November 2024 - Prof Gary Cook, Navigating the Regulatory Requirements to Imaging Research
Aim: To provide a roadmap for navigating nuclear medicine imaging research regulatory applications in England";27/5/25;No;Events;Videos;;;;;;;;;;;;;X;;;;;;;;;;;;;;;;
https://www.youtube.com/watch?v=bSTrHmdaisI&list=PLjFEVVfFws0SqTGofqlqN13V4Q91W7luR;BNMS Talk - Lungs;Internationally renowned teacher and practitioner, Professor John Buscombe from Cambridge, gives an extensive and modern overview of nuclear medicine pulmonary imaging, including the findings and utility of nuclear medicine imaging in COVID-19 imaging;15-Feb-21;No;Working in NM;Videos;;;;;;;;;;;;X;;;;;;;;;;;;;;;;;
https://www.youtube.com/watch?v=9nKbfVDP-8U&list=PLjFEVVfFws0RM55Ey-Uo1mIqwXNGH_6na;BNMS CT Anatomy Primer for PET CT and SPECT CT;This is the introductory talk for the CT Anatomy section of the BNMS YouTube channel from Dr Simon Hughes. This talk takes 37 mins and quickly reviews the way CT acquisitions are acquired by the scanner and reconstructed;Feb-21;No;Working in NM;Videos;;;;;;;;;;;;;;;;;;;;;;;;;;;;;
https://www.youtube.com/watch?v=OX4dZm3WinU&list=PLjFEVVfFws0RM55Ey-Uo1mIqwXNGH_6na&index=2;BNMS The Brain - Part 2;This BNMS talk is part 2 of the applied anatomy of the brain. This is part of the applied anatomy course for PETCT and SPECTCT reporting from Dr Simon Hughes; 9 Feb 2021;No;Working in NM;Videos;;;;;;;;;;;;;;;;X;;;;;;;;;;;;;
https://www.youtube.com/watch?v=fjquMFbiLvk&list=PLjFEVVfFws0RM55Ey-Uo1mIqwXNGH_6na&index=3;BNMS The Brain - Part 1;This BNMS talk is the first part of the brain applied anatomy course for PETCT and SPECTCT reporting from Dr Simon Hughes.;  8 Feb 2021;No;Working in NM;Videos;;;;;;;;;;;;;;;;X;;;;;;;;;;;;;
https://www.youtube.com/watch?v=0MbJcfVIrTs&list=PLjFEVVfFws0RM55Ey-Uo1mIqwXNGH_6na&index=5;Base of the Skull: cranial nerves foramina orbit inner ear - Part 1;Video provided by Dr Simon Hughes, University Hospitals Birmingham;Feb-22;No;Working in NM;Videos;;;;;;;;;;;;;;;;;;;;;;;;;;;;;X
https://www.youtube.com/watch?v=sNctsyoAbPQ&list=PLjFEVVfFws0QqfRrpSUsBn0cQGM-Yds_M;Vox Pops Miss Cate Gascoigne, Clinical Scientist, Nuclear Medicine/Medical Physics and Clinical Eng.;"We asked members of staff from Singleton Hospital, Swansea ""How has Covid-19 affected you professionally and personally?""
Thank you to Dr Victoria Trainer, Cate Cascoigne, Tanya Silva and Andreia Amaro.
Also to Swansea Bay University Healthboard, the staff at Singleton Hospital and Mr John Lewis, Chief Clinical Technologist, cameraman, director and interviewer."; 9 Dec 2020;No;Working in NM;Videos;;;;;;;;;;;;;;;;;;;;;;;;;;;;;X
https://www.youtube.com/watch?v=gxpzQz_6Uiw&list=PLjFEVVfFws0QqfRrpSUsBn0cQGM-Yds_M&index=3;Vox Pops Dr Victoria Trainer, Consultant Radiologist, Nuclear Med./Medical Physics and Clinical Eng;"We asked members of staff from Singleton Hospital, Swansea ""How has Covid-19 affected you professionally and personally?""
Thank you to Dr Victoria Trainer, Cate Cascoigne, Tanya Silva and Andreia Amaro.
Also to Swansea Bay University Healthboard, the staff at Singleton Hospital and Mr John Lewis, Chief Clinical Technologist, cameraman, director and interviewer.
If you would like your nuclear medicine department to take part in a Voxpop please contact SEC@bnms.org.uk"; 9 Dec 2020;No;Working in NM;Videos;;;;;;;;;;;;;;;;;;;;;;;;;;;;;X
youtube.com/watch?v=AAh6CujIMVo&list=PLjFEVVfFws0QqfRrpSUsBn0cQGM-Yds_M&index=3&pp=gAQBiAQB0gcJCZEKAYcqIYzvsAgC;Vox Pops Miss Andreia Amaro and Miss Tania Silva;"Miss Andreia Amaro, Chief Clinical Technologist and Miss Tania Silva, Senior Clinical Technologist, Nuclear Medicine/Medical Physics and Clinical Engineering.
We asked members of staff from Singleton Hospital, Swansea ""How has Covid-19 affected you professionally and personally?""
Thank you to Dr Victoria Trainer, Cate Cascoigne, Tanya Silva and Andreia Amaro.
Also to Swansea Bay University Healthboard, the staff at Singleton Hospital and Mr John Lewis, Chief Clinical Technologist, cameraman, director and interviewer.
If you would like your nuclear medicine department to take part in a Voxpop please contact SEC@bnms.org.uk";Dec-20;No;Working in NM;Videos;;;;;;;;;;;;;;;;;;;;;;;;;;;;;X
https://www.youtube.com/watch?v=4nPxiTOfcK0&list=PLjFEVVfFws0TTBASQU6kV_96r4UqTNqfA;BNMS - Bones 1;Internationally renowned teacher and practitioner, Professor John Buscombe from Cambridge, gives his first talk on bone scintigraphy. This is part of an overall introduction to the clinical utility of modern bone scanning, showing excellent clinical cases and reviewing up to date scientific data which underpins high quality imaging;15-Feb-21;No;Working in NM;Videos;X;;;;;;;;;;;;;;;;;;;;;;;;;;;;
https://www.youtube.com/watch?v=zmUIMg4beXY&list=PLjFEVVfFws0TTBASQU6kV_96r4UqTNqfA&index=3;BNMS Talk - Bones 2;Internationally renowned teacher and practitioner, Professor John Buscombe from Cambridge, gives his second talk on bone scintigraphy. This is part of an overall introduction to the clinical utility of modern bone scanning, showing excellent clinical cases and reviewing up to date scientific data which underpins high quality imaging.;Feb-21;No ;Working in NM;Videos;X;;;;;;;;;;;;;;;;;;;;;;;;;;;;
https://www.youtube.com/watch?v=AfppkSYFgYg&list=PLjFEVVfFws0TTBASQU6kV_96r4UqTNqfA&index=3;Bone Scan;This video shows what people may experience when they are having a bones scan;Jun-15;No ;Working in NM;Videos;X;;;;;;;;;;;;;;;;;;;;;;;;;;;;
https://www.youtube.com/watch?v=vcCzgodegyE&list=PLjFEVVfFws0TUHKL0u-5E6zxcdxksSQn0&index=2;BNMS - FDG Brain positioning;A small presentation from Dr Simon Hughes on simple implementable standards for PETCT scanning staff acquiring FDG brain imaging. Four quality standards are proposed to check if the brain scan needs to be repeated by this experienced team from the UK.;Jun-21;No ;Working in NM;Videos;X;;;;;;;;;;;;;;;;;;;;;;;;;;;;
https://www.youtube.com/watch?v=Zg8r5UCKsx4&list=PLjFEVVfFws0TshdBQ1exGgvT3rMCJDxaj&index=2;BNMS Talk - Oncology 2;This BNMS talk is presented by Dr John Buscombe, BNMS President.;Feb-21;No ;Working in NM;Videos;;;;;;;;;;;;;;;;;X;;;;;;;;;;;;
https://www.youtube.com/watch?v=ov6JPzpXSRw&list=PLjFEVVfFws0TshdBQ1exGgvT3rMCJDxaj&index=3;BNMS Talk - Oncology 1;This BNMS talk is presented by Dr John Buscombe, BNMS President.;Feb-21;No ;Working in NM;Videos;;;;;;;;;;;;;;;;;X;;;;;;;;;;;;
https://www.youtube.com/watch?v=lVGwgFoggXk&list=PLjFEVVfFws0TshdBQ1exGgvT3rMCJDxaj&index=4;Prof John Buscombe - SPECT-CT tumour;In this talk we review the use of SPECT-CT in tumour imaging including somatostatin receptor imaging, thyroid cancer, sentinel mode localisation and Tc-99m PSMA and Bombesin in prostate cancer;20-Dec-21;No ;Working in NM;Videos;;;;;;;;;;;;;;;;;X;;;;;;;;;;;;
https://www.youtube.com/watch?v=7pjtQmiTHCM&list=PLjFEVVfFws0TshdBQ1exGgvT3rMCJDxaj&index=5;Prof John Buscombe - PET and cancer cell function;In this lecture we look at what are the key factors in controlling cancer cell function and how this can be interrogated with different PET agents;20-Dec-21;No ;Working in NM;Videos;;;;;;;;;;;;;;;;;X;;;;;;;;;;;;
https://www.youtube.com/watch?v=VXvtxs0jA-0&list=PLjFEVVfFws0TshdBQ1exGgvT3rMCJDxaj&index=6;Prof John Buscombe - PET imaging in NET;In this lecture we look primarily at DOTATATE PET with some information on the use FDG imaging PET and DOPAmine PET; 20 Dec 2021;No ;Working in NM;Videos;;;;;;;;;;;;;;;;;X;;;;;;;;;;;;
https://www.youtube.com/watch?v=oGzSJqWJevA&list=PLjFEVVfFws0TshdBQ1exGgvT3rMCJDxaj&index=7;Prof John Buscombe - Prostate PET;Though PET imaging is thought to be just PSMA PET, there are other agents used including sodium fluoride, choline PET and fluciclovine; 20 Dec 2021;No ;Working in NM;Videos;;;;;;;;;;;;;;;;;X;;;;;;;;;;;;
https://www.youtube.com/watch?v=XmReanOIhL4&list=PLjFEVVfFws0TshdBQ1exGgvT3rMCJDxaj&index=8;Prof John Buscombe - SPECT-CT;A review of the uses of SPECT-CT in a range of nuclear medicine scans;  20 Dec 2021;No ;Working in NM;Videos;;;;;;;;;;;;;;;;;X;;;;;;;;;;;;
https://www.youtube.com/watch?v=1vnHd26UgO4&list=PLjFEVVfFws0SbDQE3vvbJ2CNOLQNnIZwc;Prof John Buscombe - SPECT- CT MSK;We look at the uses of SPECT-CT in bone and joint disease from head to toe literally and loom at new advances such as XSPECT; 20 Dec 2021;No ;Working in NM;Videos;;;;;;;;;;;;;;;;;;;;;;;;;;;;;
https://www.youtube.com/watch?v=4njp7m8RZXU&list=PLjFEVVfFws0SYLsFs2iYBzRQ6vw-EwlSb;BNMS Talk - Cardiac 1;This BNMS talk is presented by Dr John Buscombe, BNMS President.;Feb-21;No ;Working in NM;Videos;;X;;;;;;;;;;;;;;;;;;;;;;;;;;;
https://www.youtube.com/watch?v=gL4b1UsAjHA&list=PLjFEVVfFws0SYLsFs2iYBzRQ6vw-EwlSb&index=3;BNMS Talk - Cardiac 2;This BNMS talk is presented by Dr John Buscombe, BNMS President.;Feb-21;No ;Working in NM;Videos;;;;;;;;;;;;;;;;;;;;;;;;;;;;;
youtube.com/watch?v=F0PRrn9RLEg&list=PLjFEVVfFws0Qw0l0fDwGB4frsaSZWMB4W&pp=gAQBsAgC;BNMS Talk - Renal;This BNMS talk is presented by Dr John Buscombe, BNMS President.;Feb-21;No ;Working in NM;Videos;;;;;;;;;;;;;;;;;;;;;;;;;X;;;;
https://www.youtube.com/watch?v=lRlqbYZ_tfQ&list=PLjFEVVfFws0TwPgeXpMorAQXnSHNbLIxy;Prof John Buscombe - Imaging Epilepsy and degenerative brain disease;In this talk we review the use of brain perfusion SPECT in epilepsy and then look at PET in dementia concentrating on the patterns seen with FDG and the use of tau, amyloid and TSPO imaging in dementia. The last session looks at Parkinson's plus diseases;Dec-21;No ;Working in NM;Videos;;;;;;;;;;;;;;;;X;;;;;;;;;;;;;
youtube.com/watch?v=mw0nUldo0Tg&list=PLjFEVVfFws0SlnJJoWgwNKf9dhCIGeDpA&pp=gAQBsAgC;BNMS Talk - GIT;This BNMS talk is presented by Dr John Buscombe, BNMS President.;Feb-21;No ;Working in NM;Videos;;;;;;;;;X;;;;;;;;;;;;;;;;;;;;
https://www.youtube.com/watch?v=5JnQhR-VIXA&list=PLjFEVVfFws0Toh0YVorx6fy9XHXnaZ1tP;BNMS Talk - Endocrinology;This BNMS talk is presented by Dr John Buscombe, BNMS President.;Feb-21;No ;Working in NM;Videos;;;;;;;X;;;;;;;;;;;;;;;;;;;;;;
https://www.youtube.com/watch?v=kSZrU-TCpaU&list=PLjFEVVfFws0Toh0YVorx6fy9XHXnaZ1tP&index=2;Prof John Buscombe - Hybrid imaging of endocrine disease;"Looks at the use of SPECT-CT and PET-CT in parathyroid disease
PET-CT in adrenal tumours and pituitary tumours";Dec-21;No ;Working in NM;Videos;;;;;;;X;;;;X;;;;;;;;;;;;;;;;;;
https://www.youtube.com/watch?v=HKkgIIv1SJ4&list=PLjFEVVfFws0QTOQDjhquOiAp-ZpbDXNaH&index=1&pp=gAQBiAQBsAgC;BNMS Talk - Infection;This BNMS talk is presented by Dr John Buscombe, BNMS President.;Feb-21;No ;Working in NM;Videos;;;;;;;;;;;X;;;;;;;;;;;;;;;;;;
https://www.youtube.com/watch?v=RTyN6ur3_bE&list=PLjFEVVfFws0QTOQDjhquOiAp-ZpbDXNaH&index=4;Prof John Buscombe - Alphas and skin treatment;In this lecture we look at the emerging field of therapies with alpha emitters including Radium-223 and Ac-225 PSMA. The last section concerns the use of Rhenium pasts in non-,melanoma skin cancers;Dec-21;No ;Working in NM;Videos;;;;;;;;;;;X;;;;;;;;;;;;;;;;;;
https://www.youtube.com/watch?v=0WVFt4-4W1I&list=PLjFEVVfFws0R61IYPhnlSDFMZB89LbekO;BNMS Talk - Paediatric NM;This BNMS talk is presented by Dr John Buscombe, BNMS President.;Feb-21;Yes ;Events;Videos;;;;;;;;;;;;;;;;;;X;;;;;;;;;;;
https://www.youtube.com/watch?v=9NLAJq2XNiI&list=PLjFEVVfFws0RKxtZSvxsJ_PvDWVfyCLGU;From design to radiolabelling - understanding the radiochemistry;"Dr Julia Blower and Ms Joana Do Mar Machado, King's College London
From the BNMS Virtual Spring Meeting 2021 on 18th & 19th May";Feb-22;Yes ;Events;Videos;;;;;;;;;;;;;;;;;;;;;;;;;;;;;
https://www.youtube.com/watch?v=UtM7hxFIuZk&list=PLjFEVVfFws0RKxtZSvxsJ_PvDWVfyCLGU&index=2;From radiochemistry to first images - in vitro and in vivo testing;"Ms Ines Costa and Dr Jennifer Young, School of Biomedical Engineering and
Imaging Sciences, King's College London
From the BNMS Virtual Spring Meeting 2021 on 18th & 19th May";Feb-22;Yes ;Events;Videos;;;;;;;;;;;;;;;;;;;;;;;;;;;;;
https://www.youtube.com/watch?v=Uqe8B5SuXWc&list=PLjFEVVfFws0RKxtZSvxsJ_PvDWVfyCLGU&index=3;From lab to radiopharmacy - translating to the clinic;"Mrs Victoria Gibson, Guy's & St Thomas NHS Foundation Trust, London and Ms Pei-San Chan, Royal Free London NHS Foundation Trust
From the BNMS Virtual Spring Meeting 2021 on 18th & 19th May"; 4 Feb 2022;Yes ;Events;Videos;;;;;;;;;;;;;;;;;;;;;;;;;;;;;
https://www.youtube.com/watch?v=TIFhWS86UDU&list=PLjFEVVfFws0RKxtZSvxsJ_PvDWVfyCLGU&index=4;Overcoming the challenges of reaching the bedside;Dr Jane Sosabowski, Barts Cancer Institute, Queen Mary University of London and Dr Maggie Cooper, School of Biomedical Engineering and Imaging Sciences, King's College London; 4 Feb 2022;Yes ;Events;Videos;;;;;;;;;;;;;;;;;;;;;;;;;;;;;
https://www.youtube.com/watch?v=a2Zv391fAR4&list=PLjFEVVfFws0T-DgL-i2RzOQla2cSs95T9;Welcome to BNMS Spring Meeting 2022 - From Dr Brent Drake and Prof Richard Graham;"This is a welcome video for the BNMS Spring Meeting 2022 taking place in Glasgow from the 16th - 18th May 2022.
Find out more below
https://www.bnms.org.uk/page/BNMSSpri.."; 21 Mar 2022;Yes ;Events;Videos;;;;;;;;;;;;;;;;;;;;;;;;;;;;;
https://www.youtube.com/watch?v=Xm0FbjrfVwo&list=PLjFEVVfFws0T-DgL-i2RzOQla2cSs95T9&index=2;FDG PET in uncommon lymphomas - Dr Simon Hughes;Dr Simon Hughes gives a recording of his lecture from the BNMS Spring Meeting in Glasgow in 2022 on the recent data of FDG PET scanning in more uncommon lymphomas - including Burkitt’s lymphoma, Mantle cell lymphoma (MCL), Post transplant lymphoproliferative disorder (PTLD), Peripheral T cell lymphoma (PTCL), Cutaneous T cell lymphoma (CTCL). This was a lecture given as part of the excellent lymphoma session at this conference. ;Sep-22;No ;Events;Videos;;;;;;;;;;;;;;;;;;;;;;;;;;;;;
https://www.youtube.com/watch?v=NMhHcalzRy8&list=PLjFEVVfFws0T-DgL-i2RzOQla2cSs95T9&index=3;BNMS Highlights Lecture, Dr Charlotte Fowler and Prof Phil Blower final;"This is the BNMS Highlights Lecture given by Dr Charlotte Fowler from Guy’s and St Thomas NHS FT and Prof Phil Blower from St Thomas' Hospital at the BNMS Annual Spring Meeting 2022 held at the SEC Glasgow
Visit the BNMS website to find out more";8-Jul-22;No ;Events;Videos;;;;;;;;;;;;;;;;;;;;;;;;;;;;;
https://www.youtube.com/watch?v=a0gi3iH-qsQ&list=PLjFEVVfFws0T-DgL-i2RzOQla2cSs95T9&index=4;BNMS Annual Lecture, Prof Valerie Lewington;"This is the BNMS Annual Lecture on the subject of 'Molecular radiotherapy: Thinking allowed' given by Prof Valerie Lewington, King’s College London at the BNMS Annual Spring Meeting 2022 held at the SEC, Glasgow
Visit the BNMS website to find out more"; 20 Jun 2022;No ;Events;Videos;;;;;;;;;;;;;;;;;;;;;;;;;;;;;
https://www.youtube.com/watch?v=yR5DUiLMnXQ&list=PLjFEVVfFws0T-DgL-i2RzOQla2cSs95T9&index=5;Theranostics for Cancer Imaging & Therapy - Prof Jason Lewis;"This talk was given by Prof Jason Lewis from Memorial Sloan Kettering Cancer Center, New York, USA at the BNMS Annual Spring Meeting 2022 held at the SEC, Glasgow
Visit the BNMS website to find out more";Jun-22;No ;Events;Videos;;;;;;;;;;;;;;;;;;;;;;;;;;;;;
https://www.youtube.com/watch?v=59EE9eXUXIA&list=PLjFEVVfFws0T-DgL-i2RzOQla2cSs95T9&index=6;BNMS Poster Highlights - Dr Stewart Redman;"This is the BNMS Poster Highlights from Dr Stewart Redman from the Royal United Hospital, Bath given at the BNMS Annual Spring Meeting 2022 at the SEC, Glasgow
Visit the BNMS website to find out more";Jun-22;No ;Events;Videos;;;;;;;;;;;;;;;;;;;;;;;;;;;;;
https://www.youtube.com/watch?v=37PW7LSZL_k&list=PLjFEVVfFws0T-DgL-i2RzOQla2cSs95T9&index=7;PET guided response in lymphoma: the evidence base - Prof Sally Barrington;"This talk was given by Prof Sally Barrington from King's College London and
Guy's and St Thomas' PET Centre
 at the BNMS Annual Spring Meeting 2022 held at the SEC, Glasgow
Visit the BNMS website to find out more"; 6 Jul 2022;No ;Events;Videos;;;;;;;;;;;;;;;;;;;;;;;;;;;;;
https://www.youtube.com/watch?v=yHo5yZ3ijgo&list=PLjFEVVfFws0R2Dp_tOJv6KSBqX8RWlaqf;Hybrid Imaging & Therapy Unit The Wellington Hospital;"Submission for the BNMS Innovative Prize of the Year Award 2022 
If you are interested in submitting for the Innovative Prize of the Year Award 2023 click here https://www.bnms.org.uk/page/Innovati...
Find out more about the BNMS here https://www.bnms.org.uk/";Apr-22;No ;Events;Videos;;;;;;;;;;;;;;;;;;;;;;;;;;;;;
https://www.youtube.com/watch?v=OOzEk6Oa9GE&list=PLjFEVVfFws0R2Dp_tOJv6KSBqX8RWlaqf&index=2;Nottingham Nuclear Medicine Department;"Submission for the BNMS Innovative Prize of the Year Award 2022 
If you are interested in submitting for the Innovative Prize of the Year Award 2023 click here https://www.bnms.org.uk/page/Innovati...
Find out more about the BNMS here https://www.bnms.org.uk/";Apr-22;No ;Events;Videos;;;;;;;;;;;;;;;;;;;;;;;;;;;;;
https://www.youtube.com/watch?v=RX3QQEvsJtk&list=PLjFEVVfFws0R2Dp_tOJv6KSBqX8RWlaqf&index=3;University College London Hospitals NHS Trust;"Submission for the BNMS Innovative Prize of the Year Award 2022 
If you are interested in submitting for the Innovative Prize of the Year Award 2023 click here https://www.bnms.org.uk/page/Innovati...
Find out more about the BNMS here https://www.bnms.org.uk/";Apr-22;No ;Events;Videos;;;;;;;;;;;;;;;;;;;;;;;;;;;;;
https://www.youtube.com/watch?v=q3yUYSo53do&list=PLjFEVVfFws0Q1yGk50PVvIwXdbPUm5idU;King's College London & Guy's and St Thomas' PET centre;"Submission for the BNMS Innovative Prize of the Year Award 2019 
If you are interested in submitting for the Innovative Prize of the Year Award 2023 click here https://www.bnms.org.uk/page/Innovati... 
Find out more about the BNMS here https://www.bnms.org.uk/"; 17 Jun 2022;No ;Events;Videos;;;;;;;;;;;;;;;;;;;;;;;;;;;;;
https://www.youtube.com/watch?v=xXvyZl2H77w&list=PLjFEVVfFws0Q1yGk50PVvIwXdbPUm5idU&index=2;The Hillingdon Hospitals NHS Foundation Trust;"Submission for the BNMS Innovative Prize of the Year Award 2019 
If you are interested in submitting for the Innovative Prize of the Year Award 2023 click here https://www.bnms.org.uk/page/Innovati...
Find out more about the BNMS here https://www.bnms.org.uk/"; 17 Jun 2022;No ;Events;Videos;;;;;;;;;;;;;;;;;;;;;;;;;;;;;
https://www.youtube.com/watch?v=xUOTZMep8w8&list=PLjFEVVfFws0Q1yGk50PVvIwXdbPUm5idU&index=3;University Hospital Southampton video;"Submission for the BNMS Innovative Prize of the Year Award 2019 
If you are interested in submitting for the Innovative Prize of the Year Award 2023 click here https://www.bnms.org.uk/page/Innovati...
Find out more about the BNMS here https://www.bnms.org.uk/";Jun-22;No ;Events;Videos;;;;;;;;;;;;;;;;;;;;;;;;;;;;;
https://www.youtube.com/watch?v=ansKL5TIZoY&list=PLjFEVVfFws0S-xPO8kOjZ3g3O-bTxyb1t;How do MRI, CT, Gamma Camera and LINAC work? - Building Block Demonstration;"Building Block Set of Scanners (MRI, CT Scanner, Gamma Camera, LINAC)
Whether you're a Lego enthusiast or simply interested in learning more about these fascinating machines, this video is perfect for you. Join us as we dive into the intricate world of medical technology and discover how these scanners work in real life.
From MRI to CT scanners, Gamma Cameras, and even LINAC.
So grab your bricks and let's get started on this exhilarating journey to become a master builder of medical imaging equipment. 
#littlelinac #MRI #Gammacamera #ctscan #ctscanner #linac #radioactivity #radioactive #imaging #diagnostic #treating
The used building block set was designed by IPEM (Institute of Physics and Engineering in Medicine). 
You are welcomed to subscribe to our channel ‪@radioactivestuff2837‬";Oct-23;No ;Events;Videos;;;;;;;;;;;;;;;;;;;;;;;;;;;;;
https://www.youtube.com/watch?v=mdEJWne9z-Q&list=PLjFEVVfFws0S-xPO8kOjZ3g3O-bTxyb1t&index=2;Radiolabelling: What is it? Why does it matter?;"Radiolabelling: What is it? Why does it matter?

This video got the 2nd prize for the Society of Radiopharmaceutical sciences public engagement video competition at the international symposium of radiopharmaceutical sciences in France in 2022";Jun-22;No ;Events;Videos;;;;;;;;;;;;;;;;;;;;;;;;;;;;;
https://www.youtube.com/watch?v=MZKJMt2OONA&list=PLjFEVVfFws0S5CSCFEq_8E7Etc4b3hd_C;Nuclear Medicine | RFLNMA | Pitfalls in Bone Imaging;"This lecture was originally given as part of the Royal Free London Nuclear Medicine Academy by Dr Arum Parthipun, Consultant Radionuclide Radiologist.

The talk covers artefacts, normal variants and pitfalls in interpreting planar whole body bone scans. The talk is aimed at nuclear medicine technologists and nuclear medicine trainees who are learning bone scan imaging."; 8 May 2021;No ;Events;Videos;X;;;;;;;;;;;;;;;;;;;;;;;;;;;;
https://www.youtube.com/watch?v=EcYV32OnNXo&list=PLjFEVVfFws0S5CSCFEq_8E7Etc4b3hd_C&index=2;Nuclear Medicine | SPECT-CT | Extremities;"This is a presentation aimed at radiologists, nuclear medicine physicians and nuclear medicine technologists interested in performing bone SPECT-CT scans for the extremities (feet & ankles and wrists). 

Learning objectives for this presentation:
-Acquisition parameters
-Reconstruction techniques
-Understand relevant anatomy of foot and ankle
-Pathology of foot and ankle
-SPECT-CT of wrist
If you want to learn more about nuclear medicine and SPECT-CT scans please subscribe to this channel and visit:
www.nucearmedicineblog.com"; 2 Dec 2020;No ;Events;Videos;X;;;;;;;;;;;;;;;;;;;;;;;;;;;;
https://www.youtube.com/watch?v=uhX-87i944w&list=PLjFEVVfFws0S5CSCFEq_8E7Etc4b3hd_C&index=3;Nuclear Medicine | Bone SPECT-CT | Spine;This is a lecture on performing bone SPECT-CT imaging of the spine. I cover the main clinical benefits of performing bone SPECT-CT and include some tips on interpreting imaging on both pre- and post-operative spine.; 22 Nov 2020;No ;Events;Videos;X;;;;;;;;;;;;;;;;;;;;;;;;;;;;
https://www.youtube.com/watch?v=T5bq4efztSQ&list=PLjFEVVfFws0S5CSCFEq_8E7Etc4b3hd_C&index=4;Nuclear Medicine | Bone SPECT-CT | Hips;"This is a lecture on bone SPECT-CT of the hips. I discuss imaging techniques and I go through how to report bone SPECT-CT scans of the hips. 

If you want to find out more about SPECT-CT imaging, check out www.nuclearmedicineblog.com.";Nov-20;No ;Events;Videos;X;;;;;;;;;;;;;;;;;;;;;;;;;;;;
https://www.youtube.com/watch?v=H58PasckwgI&list=PLjFEVVfFws0S5CSCFEq_8E7Etc4b3hd_C&index=5;Nuclear Medicine | Bone SPECT-CT | Knee;"This is a talk I have given on SPECT-CT of the knees. I go through tips on improving image acquisitions, how I report knee SPECT-CT scans and some cases.
To find out more about bone SPECT-CT check out www.nuclearmedicineblog.com";  22 Nov 2020;No ;Events;Videos;X;;;;;;;;;;;;;;;;;;;;;;;;;;;;
https://www.youtube.com/watch?v=G1jPLjFMwLw&list=PLjFEVVfFws0S5CSCFEq_8E7Etc4b3hd_C&index=6;Nuclear Medicine | SPECT-CT | Dr Arum Parthipun | SPECT-CT Bone Scan - Knee Replacement;"In this podcast we are looking at one of the most common and valuable uses of SPECT/CT; the painful knee replacement, Dr Arum Parthipun is a highly experienced Radiologist from the Royal Free London NHS Foundation Trust, UK. We spoke at the world federation of nuclear medicine and biology meeting in Melbourne.

--------------------
If you want to learn about ""spect ct bone scan"" , please visit: 👉 http://nuclearmedicineblog.com/Our video is showing ""spect ct bone scan"" topic valuable information but we try to cover the subjects:
-spect ct bone scan safe
-spect ct bone scan
-bone scans
We have actually accumulated all the knowledge and experience from specialists regarding spect ct bone scan, so please continue reading and enjoying this video spect-ct bone scan.
";  8 Nov 2020;No ;Events;Videos;X;;;;;;;;;;;;;;;;;;;;;;;;;;;;
https://www.youtube.com/watch?v=35o-655mfYQ&list=PLjFEVVfFws0TavtB9ttD3ypjO-fp0KYbB;Experts walk through of AD Cases - Dr Simon Hughes;"Expert walk through of reporting FDG PETCT in Alzheimer's disease. 
Part 1. This is a version of the Lecture given by Dr Simon Hughes in the BNMS/Royal Free NM Academy Neuroimaging Study Day in September 2022.

This lecture gives a detailed description of how to review the FDG PETCT in early assessment of the fatal brain disease of Alzheimer's disease (AD). 

This lecture builds on the previous 3 lectures available on the BNMS YouTube channel given by Dr Hughes.  There will be an additional Part 2 uploaded soon - examples of FDG PETCT in AD not seen during the study day."""; 14 Dec 2022;No ;Events;Videos;;;;;;;;;;;;;;;;;;;;;;;;;;;;;
https://www.youtube.com/watch?v=G9qciHMg-IU&list=PLjFEVVfFws0TavtB9ttD3ypjO-fp0KYbB&index=2;Acquisition & Reconstruction of FDG Brain PET CT - Dr Simon Hughes;"Lecture on ""Acquisition and Reconstruction of FDG PETCT brain imaging"".
This is an extended version of the lecture given in the BNMS/Royal Free NM Academy Neuroimaging Study day in September 2022. The lecture by Dr Simon Hughes looks at why you might want to image dementia, how to deliver and check for high quality imaging and how to provide reliable, consistent and high quality reports to the referring team.";Oct-22;No ;Events;Videos;;;;;;;;;;;;;;;;;;;;;;;;;;;;;
https://www.youtube.com/watch?v=SuXo-AVS818&list=PLjFEVVfFws0TavtB9ttD3ypjO-fp0KYbB&index=3;Evidence for FDG brain in AD - Dr Simon Hughes;Review of the Evidence to Support Use of FDG PETCT in Alzheimer's Disease. This is an extended version of the Lecture given by Dr Simon Hughes in the BNMS/Royal Free NM Academy Neuroimaging Study Day in September 2022. This lecture reviews the extensive evidence to use and accuracy of FDG in the early assessment of the fatal brain disease of Alzhiemer's disease;Oct-22;No ;Events;Videos;;;;;;;;;;;;;;;;;;;;;;;;;;;;;
https://www.youtube.com/watch?v=lVZ3NicZ3bo&list=PLjFEVVfFws0TavtB9ttD3ypjO-fp0KYbB&index=4;FDG PET brain in non-Alzheimer's dementia - Dr Teresa Szyszko;This is an extended version of the Lecture given by Dr Teresa Szyszko in the BNMS/Royal Free NM Academy Neuroimaging Study Day in September 2022.; 19 Oct 2022;No ;Events;Videos;;;;;;;;;;;;;;;;X;;;;;;;;;;;;;
https://www.youtube.com/watch?v=uYr4oEf5hhg&list=PLjFEVVfFws0TavtB9ttD3ypjO-fp0KYbB&index=5;Pathophysiology of Alzheimer’s Dementia - Dr Simon Hughes;Review of the Pathology of Alzheimer's Disease and how this interacts with the FDG imaging. This is an extended version of the Lecture given by Dr Simon Hughes in the BNMS/Royal Free NM Academy Neuroimaging Study Day in September 2022. This lecture reviews the extensive evidence to use and accuracy of FDG in the early assessment of the fatal brain disease of Alzhiemer's disease.; 14 Nov 2022;No ;Events;Videos;;;;;;;;;;;;;;;;X;;;;;;;;;;;;;
https://www.youtube.com/watch?v=vQwfZKCJ2ZQ&list=PLjFEVVfFws0RgaJlgHyofqt1nEfg6bdYN;Neuroblastoma treatment for children at the Molecular Radiotherapy Service;"What happens during radiotherapy for cancer? Children who need to undergo molecular radiotherapy treatment for neuroblastoma will feel anxious and they and their families will want to see what is going to happen in hospital. ‪@WWCIHCharity‬ has made a video to show children and parents what happens at the Molecular Radiotherapy Service, the SMaRT centre, in Glasgow. After receiving the radioactive treatment, children have to stay in isolation in their hospital room for several day. Parents can stay in a room next to the child and see their child through the window and talk to them using the intercom. Parents can bring their child food and will learn how to check for radiation levels. A scan is used to check the treatment and decide if the child can be discharged home. 

The video was made by Powellite Impact for the charity What? Why? Children in Hospital and the music used in this video is Science by SunMusic23 licensed from Pond5."; 19 May 2025;No ;Patient and Carers;Videos;;;;;;;;;;;;;;;;X;;;;;;;;;;;;;
https://www.youtube.com/watch?v=03mTYMWN4nU&list=PLjFEVVfFws0RgaJlgHyofqt1nEfg6bdYN&index=2;Thyroid cancer treatment for children at the molecular radiotherapy service;"What happens during radiotherapy to treat cancer? Children who need to undergo molecular radiotherapy treatment for thyroid cancer will feel anxious and they and their families will want to see what is going to happen in hospital.  @WWCIHCharity  has made a video to show children and parents what happens at the Molecular Radiotherapy Service, the SMaRT centre, in Glasgow. 

After pre-meds to help the body prepare for the treatment, children are given a small pill containing the radioactive treatment. Children have to stay in isolation in their hospital room for several day after this treatment. Parents can stay in a room next to the child and see their child through the window and talk to them using the intercom. Parents can bring their child food and will learn how to check for radiation levels. A scan is used to check the treatment and decide if the child can be discharged home. 

The video was made by Powellite Impact for the charity What? Why? Children in Hospital and the music used in this video is Calm Ambient Background 4 - Science Technology Research Documentary Music by Creashot licensed from Pond5.";18-May-25;No ;Patient and Carers;Videos;;;;;;;;;;;;;;;;;;;;;;;;;;;X;;
https://www.youtube.com/watch?v=mdEJWne9z-Q&list=PLjFEVVfFws0RgaJlgHyofqt1nEfg6bdYN&index=3;Radiolabelling: What is it? Why does it matter?;"Radiolabelling: What is it? Why does it matter?

This video got the 2nd prize for the Society of Radiopharmaceutical sciences public engagement video competition at the international symposium of radiopharmaceutical sciences in France in 2022"; 29 Jun 2022;No ;Patient and Carers;Videos;;;;;;;;;;;;;;;;;;;;;;;;;;;;;
https://www.youtube.com/watch?v=bVHrqJX1KPM&list=PLjFEVVfFws0RgaJlgHyofqt1nEfg6bdYN&index=4;How to get through a PET scan if you are claustrophobic? - Lego demonstration;Feeling anxious about a PET scan because of claustrophobia? You’re not the only one! Many individuals find enclosed spaces overwhelming, which can make medical imaging tests difficult. In this video, we’ll discuss practical strategies and techniques to help manage claustrophobia during PET scans. The PET department can implement strategies to assist patients who may experience discomfort during the scan. We hope this enhances your experience.; 21 Oct 2024;No ;Patient and Carers;Videos;;;;;;;;;;;;;;;;;;;X;;;;;;;;;;
https://www.youtube.com/watch?v=T-xX4Gv33tE&list=PLjFEVVfFws0RgaJlgHyofqt1nEfg6bdYN&index=5;BNMS - The benefits of involving patients in determining their treatment;"Adrian Hardy sets out the need for doctors and health care staff to relate positively to patients and carers.  Involving patients can lead to improved diagnoses and quicker recovery.  Patients need your encouragement to get fully involved.

View more videos on the BNMS YouTube Channel    / @britishnuclearmedicinesociety  
Visit the BNMS website here https://www.bnms.org.uk/";Jun-21;No ;Patient and Carers;Videos;;;;;;;;;;;;;;;;;;;;;;;;;;;;;
https://www.youtube.com/watch?v=2iwqpLeAzOI&list=PLjFEVVfFws0RgaJlgHyofqt1nEfg6bdYN&index=6;NHS Wye Valley Trust Department of Nuclear Medicine;"NHS Wye Valley Trust 
Department of Nuclear Medicine presents.....What not to do in a department";Oct-23;No ;Patient and Carers;Videos;;;;;;;;;;;;;;;;;;;;;;;;;;;;;
https://www.youtube.com/watch?v=ZytcPlpUM0Y&list=PLjFEVVfFws0RgaJlgHyofqt1nEfg6bdYN&index=7;Your PET/CT scan at University College Hospital;"This films explains, where to go, what will happen and what it will feel like to have a PET/MRI scan at UCLH (English Subtitles)
Filmaker: Pierpaolo Inga, Additional camera: Libby Knowles";Nov-17;No ;Patient and Carers;Videos;;;;;;;;;;;;;;;;;;;;;;;;;;;;;
https://www.youtube.com/watch?v=37f6OJDtrlI&list=PLjFEVVfFws0RgaJlgHyofqt1nEfg6bdYN&index=8;Your PET/MRI scan at University College Hospital;This films explains, where to go, what will happen and what it will feel like to have a PET/MRI scan at UCLH. (English Subtitles);29-Nov-17;No ;Patient and Carers;Videos;;;;;;;;;;;;;;;X;;;;;;;;;;;;;;
https://www.youtube.com/watch?v=del6Z5MTp_A&list=PLjFEVVfFws0RgaJlgHyofqt1nEfg6bdYN&index=9;Patient Talks - Adrian Hardy & Matt Davis;"Join us to explore the cutting-edge world of molecular Radiotherapy.

Hear from Matt Davies, who has undergone this life-changing treatment and learn about his experience whilst he talks about symptoms, diagnosis, quality of life, side effects, health insurance, family impact and radiation concerns.

Matt is now 48, he was 45 when the cancer was diagnosed. He lives close to Dublin with his family and his Lutetium-177 PSMA treatment is given in London. 

His stage 4 Prostate cancer was diagnosed incidentally when he attended his GP to complain of chest pains ‘like cracked ribs’ and mentioned, that he was having difficulty in passing water.  His GP examined him and after blood tests he discovered that his PSA was 345 and the cancer had spread to his lymph nodes, spine, groin and bones. In his journey, Matt, had several tests, scans and therapies and his latest one was the MRT treatment."; 29 Jul 2024;No ;Patient and Carers;Videos;;;;;;;;;;;;;;;X;;;;;;;;;;;;;;
https://www.youtube.com/watch?v=l26W0eEQJi4&list=PLjFEVVfFws0RgaJlgHyofqt1nEfg6bdYN&index=10;Patient Talks with Adrian Hardy, Bishop Alan Abernethy & Joe O’Sullivan;Join us to hear/see the conversation between a patient and his Consultant. Alan Abernethy speaks about his journey with Prostate cancer alongside with his Consultant Professor Joe O’Sullivan and Oncologist at the Belfast Trust. This experience shows his pathway through several treatments but specifically his Radium-224 treatment.; 8 Oct 2024;No ;Patient and Carers;Videos;;;;;;;;;;;;;;;;;X;;;;;;;;;;;;
https://www.youtube.com/watch?v=Ok9TqefIsoQ&list=PLjFEVVfFws0RgaJlgHyofqt1nEfg6bdYN&index=11;Patient Talks: Alan Lewis – Accounts and Experience of a Cancer Survivor By: Adrian Hardy;"Alan shares his experience as he faced the perils of Prostate cancer and how he battled it out and won the fight.
This is his story.";Mar-25;No ;Patient and Carers;Videos;;;;;;;;;;;;;;;;;X;;;;;;;;;;;;
https://www.youtube.com/watch?v=uTfEmcU_m6c&list=PLjFEVVfFws0RgaJlgHyofqt1nEfg6bdYN&index=12;Patient Talks: Adrian Hardy and Matt Davis;" Want to find out more about Molecular Radiotherapy(MRT) from a patient perspective?
Stay tuned for our the BNMS next YouTube video. 

We will have a very interesting interview/talk with a patient who shared his experience living with Prostate cancer and his MRT treatment. "; 22 Jul 2024;No ;Patient and Carers;Videos;;;;;;;;;;;;;;;X;;;;;;;;;;;;;;
https://www.youtube.com/watch?v=KLSfLkra7sA&list=PLjFEVVfFws0RgaJlgHyofqt1nEfg6bdYN&index=13;Patient Interview: Liz Frew’s Inspiring Cancer Journey with Adrian Hardy;"Join Adrian Hardy, BNMS Patient Representative, as he interviews Liz Frew, a courageous patient who shares her personal journey through cancer treatment. Liz first inspired audiences at the Spring Meeting 2025 in Glasgow, and now you can hear her full story here.
This heartfelt conversation highlights resilience, hope, and the patient experience in oncology. Stay tuned to our YouTube channel for more inspiring patient stories, expert insights, and educational videos for patients and healthcare professionals alike.";Sep-25;No ;Patient and Carers;Videos;;;;;;;;;;;;;;;;;X;;;;;;;;;;;;
https://www.youtube.com/watch?v=w4R8hy-hDp8&list=PLjFEVVfFws0QtM1PmvMnMC4p9lpfzl2om;BNMS YT Voxpops 2022 part 2;"More interviews with delegates at the BNMS Annual Spring Meeting 2022 - telling us what they enjoyed most about the conference.
Register for the BNMS Spring 2023 meeting on the website";16-May-23;No ;Working in NM;Videos;;;;;;;;;;;;;;;;;;;;;;;;;;;;;X
https://www.youtube.com/watch?v=EXvVnyEMB_0&list=PLjFEVVfFws0QtM1PmvMnMC4p9lpfzl2om&index=2;NMS Spring Meeting 2022 - SEC Chairs chat;"This is a chat with Prof Vineet Prakash and Dr Brent Drake at the BNMS Spring Meeting 2022 talking about the Highlights of the event
Find out more about the BNMS Spring Meeting 2023 
https://www.bnms.org.uk/mpage/Spring2…";May-23;No ;Events;Videos;;;;;;;;;;;;;;;;;;;;;;;;;;;;;
https://www.youtube.com/watch?v=NZuyF5Jw_Hk&list=PLjFEVVfFws0QtM1PmvMnMC4p9lpfzl2om&index=3;BNMS Voxpops 2022;"Interviews with delegates at the BNMS Annual Spring Meeting 2022 - telling us what they enjoyed most about the conference.
Register for the BNMS Spring 2023 meeting on the website";May-23;No ;Events;Videos;;;;;;;;;;;;;;;;;;;;;;;;;;;;;
https://www.youtube.com/watch?v=yLIDWGi-g80&list=PLjFEVVfFws0QtM1PmvMnMC4p9lpfzl2om&index=4;Are you going to BNMS spring meeting 2023 in Harrogate?;Here is a great chat from 2022 between world leaders, Prof Sally Barrington and Dr Wendy Osborne, on the wonder of the T cell, development of bispecifics, and central role of PET imaging and Nuclear Medicine in high quality patient care.; 22 Feb 2023;No ;Events;Videos;;;;;;;;;;;;;;;;;;;;;;;;;;;;;
https://www.youtube.com/watch?v=3KjLFgK3UwU&list=PLjFEVVfFws0QtM1PmvMnMC4p9lpfzl2om&index=5;Have you registered for the BNMS Spring Meeting in Harrogate yet?;"Here is a great chat from 2022 between world leaders, Prof Sally Barrington and Dr Wendy Osborne, on the wonder of the T cell, development of bispecifics, and central role of PET imaging and Nuclear Medicine in high quality patient care. 
Check out all 5 clips. "; 22 Feb 2023;No ;Events;Videos;;;;;;;;;;;;;;;;;;;;;;;;;;;;;
https://www.youtube.com/watch?v=Be10KfFACrk&list=PLjFEVVfFws0QtM1PmvMnMC4p9lpfzl2om&index=6;Joining us for the BNMS Spring Meeting 2023 in Harrogate?;"Here is a great chat from 2022 between world leaders, Prof Sally Barrington and Dr Wendy Osborne, on the wonder of the T cell, development of bispecifics, and central role of PET imaging and Nuclear Medicine in high quality patient care. 
Check out all 5 clips. 
   • Interviews from Spring 2022  
Lots of tips for you to access more info. What amazing cutting edge stuff will we see this year? 
Lots more useful things on BNMS YouTube channel."; 22 Feb 2023;No ;Events;Videos;;;;;;;;;;;;;;;;;;;;;;;;;;;;;
https://www.youtube.com/watch?v=irPRSTwIJ-c&list=PLjFEVVfFws0QtM1PmvMnMC4p9lpfzl2om&index=7;BNMS Spring Meeting 2023 in Harrogate - see you there;"Here is a great chat from 2022 between world leaders, Prof Sally Barrington and Dr Wendy Osborne, on the wonder of the T cell, development of bispecifics, and central role of PET imaging and Nuclear Medicine in high quality patient care. 
Check out all 5 clips. 
   • Interviews from Spring 2022  
Lots of tips for you to access more info. 
What amazing cutting edge stuff will we see this year?";Feb-23;No ;Events;Videos;;;;;;;;;;;;;;;;;;;;;;;;;;;;;
https://www.youtube.com/watch?v=pVtKo0QT5zk&list=PLjFEVVfFws0QtM1PmvMnMC4p9lpfzl2om&index=8;Why not join us for the BNMS Spring Meeting 2023 in Harrogate;"Here is a great chat from 2022 between world leaders, Prof Sally Barrington and Dr Wendy Osborne, on the wonder of the T cell, development of bispecifics, and central role of PET imaging and Nuclear Medicine in high quality patient care. 
Check out all 5 clips. 
   • Interviews from Spring 2022  
Lots of tips for you to access more info. What amazing cutting edge stuff will we see this year?";Feb-23;No ;Events;Videos;;;;;;;;;;;;;;;;;;;;;;;;;;;;;
https://www.youtube.com/watch?v=zBxBq4RaFT4&list=PLjFEVVfFws0SqnZFkdCY0MlEDQWOQGKMb;Dept. of Nuclear Cardiology Glasgow Royal Infirmary;"Submission for the BNMS Innovative Prize of the Year Award 2023
Find out who wins by registering for the BNMS Annual Spring Meeting 2023, hosted in Harrogate in May
Find out more about the BNMS here https://www.bnms.org.uk/";Jun-23;No ;Events;Videos;;;;;;;;;;;;;;;;;;;;;;;;;;;;;
https://www.youtube.com/watch?v=NhySS1awJTw&list=PLjFEVVfFws0SqnZFkdCY0MlEDQWOQGKMb&index=2;Cardiff and Vale Nuclear Medicine;"Submission for the BNMS Innovative Prize of the Year Award 2023
Find out who wins by registering for the BNMS Annual Spring Meeting 2023, hosted in Harrogate in May
Find out more about the BNMS here https://www.bnms.org.uk/";Jun-23;No ;Events;Videos;;;;;;;;;;;;;;;;;;;;;;;;;;;;;
https://www.youtube.com/watch?v=G5ayb31KXAk&list=PLjFEVVfFws0SqnZFkdCY0MlEDQWOQGKMb&index=3;Bath Nuclear Medicine;"Submission for the BNMS Innovative Prize of the Year Award 2023
Find out who wins by registering for the BNMS Annual Spring Meeting 2023, hosted in Harrogate in May
Find out more about the BNMS here https://www.bnms.org.uk/";Jun-23;No ;Events;Videos;;;;;;;;;;;;;;;;;;;;;;;;;;;;;
https://www.youtube.com/watch?v=l_hb0ZjM804&list=PLjFEVVfFws0QkNExFLbpGMEl9Td6Qtz2G;Highlights Lecture from Prof Sabina Dizdarevic and Prof Andy Scarsbrook;"View the Highlights Lecture from Prof Sabina Dizdarevic, Royal Sussex County Hospital and Prof Andy Scarsbrook, St James's University Hospital
Presented at the BNMS Annual Spring Meeting 2023
www.bnms.org.uk";  27 Jul 2023;No ;Events;Videos;;;;;;;;;;;;;;;;;;;;;;;;;;;;;
https://www.youtube.com/watch?v=PSb1w-sxDrw&list=PLjFEVVfFws0QkNExFLbpGMEl9Td6Qtz2G&index=2;Poster Highlights from Dr Stewart Redman;"View the Poster Highlights from Dr Stewart Redman, Royal United Hospital Bath
Presented at the BNMS Annual Spring Meeting 2023
www.bnms.org.uk";Jul-23;No ;Events;Videos;;;;;;;;;;;;;;;;;;;;;;;;;;;;;
https://www.youtube.com/watch?v=eWldZjpAsk4&list=PLjFEVVfFws0QkNExFLbpGMEl9Td6Qtz2G&index=3;MRT Consortium Introduction - Prof Joe O'Sullivan;"Virtual talk given at the BNMS Annual Spring Meeting 2023 in Harrogate
www.bnms.org.uk"; 12 Jun 2023;No ;Events;Videos;;;;;;;;;;;;;;;;;;;;;;;;;;;;;
https://www.youtube.com/watch?v=1MTj-9qyjgE&list=PLjFEVVfFws0QkNExFLbpGMEl9Td6Qtz2G&index=4;Role of FDG PET in suspected cardiac infection and inflammation from Prof Fabien Hyafil;Virtual talk given at the BNMS Annual Spring Meeting 2023;Jun-23;No ;Events;Videos;;;;;;;;;;;;;;;;;;;;;;;;;;;;;
https://www.youtube.com/watch?v=ZR0Y1IXkyE8&list=PLjFEVVfFws0QkNExFLbpGMEl9Td6Qtz2G&index=5;BNMS Presidential Handover 2023;"View the Presidential Handover from Prof Richard Graham to Ms Jilly Croasdale at the BNMS Annual Spring Meeting 2023
www.bnms.org.uk";  6 Jul 2023;No ;Events;Videos;;;;;;;;;;;;;;;;;;;;;;;;;;;;;
https://www.youtube.com/watch?v=bl6NlLPnMhA&list=PLjFEVVfFws0QkNExFLbpGMEl9Td6Qtz2G&index=6;BNMS Annual Lecture from Prof Marcus Hacker;View the BNMS Annual Lecture on 68 Gallium FAPI from Prof Marcus Hacker, Head of NM, Medical University of Vienna, AKH;6-Jul-23;No ;Events;Videos;;;;;;;;;;;;;;;;;;;;;;;;;;;;;
https://www.youtube.com/watch?v=VNd1BiS5eKs&list=PLjFEVVfFws0QkNExFLbpGMEl9Td6Qtz2G&index=7;Theragnostics and beyond - Prof Andrei Iagaru;Prof Andrei Iagaru from Stanford University gives a talk on Theragnostics and beyond at the BNMS Annual Spring Meeting 2023 held in Harrogate ;  7 Jul 2023;No ;Events;Videos;;;;;;;;;;;;;;;;;;;;;;;;;;;;;
https://www.youtube.com/watch?v=JhN24fpwqVU&list=PLjFEVVfFws0Tx4R7bVl1e4DkKEbtuMLMK;What are they up to now? Hot stuff: when radioactivity is good for you | The Royal Society;"Ever wonder what our researchers do once the Summer Science Exhibition is finished? We catch up with some of our previous exhibitors to find out what’s new with their research since their time at the Exhibition. In this session, we hear from Hot stuff: when radioactivity is good for you.

Speakers, in order of appearance:
Professor Philip Blower, King’s College London
Dr Samantha Terry, King’s College London
Professor Sally Barrington, King’s College London
Professor Val Lewington, King’s College London
Professor Gill Reid, University of Southampton
Professor Nicholas Long, Imperial College London";Jul-20;No ;Events;Videos;;;;;;;;;;;;;;;;;;;;;;;;;;;;;
https://www.youtube.com/watch?v=P72tnfBcCRw&list=PLjFEVVfFws0R1gSCU2Otz8-Mux1_vd8qx;Diagnosis of Cardiac Amyloidosis with focus on new BNMS DPD Guidelines by Dr. Carol Whelan;"Watch this video to find out about the current clinical practice for the use of DPD scintigraphy in diagnosis and management of cardiac amyloidosis by Dr. Carol Whelan.

Cardiac amyloidosis occurs when amyloid deposits take the place of normal heart muscle. It is the most typical type of restrictive cardiomyopathy.";9-Dec-24;No ;Events;Videos;;;;;;;;;;;;;;;;;;;;;;;;;;;;;
https://www.youtube.com/watch?v=1H9zHgjOqeA&list=PLjFEVVfFws0R1gSCU2Otz8-Mux1_vd8qx&index=2;Total body PET: technical innovation, opportunities, and clinical implications;This video is focused on the technical innovation, opportunities, and clinical implications on total body PET imaging. More specifically comparisons in image quality, noise, FOV, SUV’s, COV’s and scan and dose times between a digital PET scanner and a Total Body scanner.;Nov-24;No ;Events;Videos;;;;;;;;;;;;;;;;;;;X;;;;;;;;;;
https://www.youtube.com/watch?v=5tvlAC5Hb-U&list=PLjFEVVfFws0R1gSCU2Otz8-Mux1_vd8qx&index=3;Clinical Highlights – Dr John Buscombe;"If you missed the 2024 BNMS Spring Meeting in Belfast, don’t worry—we’ve got you covered! 

Every Monday, we’ll be uploading a new video from the event right here on the BNMS YouTube channel.

Today, we’re featuring the “Clinical Highlights” presentation by the esteemed Dr. John Buscombe. A big thank you to Dr. Buscombe for sharing his valuable insights with our community.

Make sure you don’t miss our next upload on Monday, August 20th. Hit that subscribe button and stay tuned for more exclusive content from the BNMS Spring Meeting!";Aug-24;No ;Events;Videos;;;;;;;;;;;;;;;;;;;;;;;;;;;;;
https://www.youtube.com/watch?v=YPvOH0_iOIU&list=PLjFEVVfFws0R1gSCU2Otz8-Mux1_vd8qx&index=4;Scientific Highlights - Daniel McCool;Annual Spring Meeting Highlights | Dr. Daniel McCool's Lecture | New Videos Every Monday!;  19 Aug 2024;No ;Events;Videos;;;;;;;;;;;;;;;;;;;;;;;;;;;;;
https://www.youtube.com/watch?v=Pc1KkG2KmYk&list=PLjFEVVfFws0R1gSCU2Otz8-Mux1_vd8qx&index=5;RTN Highlights – Nick Gulliver;"BNMS Spring Meeting 2024: RTN Highlights with Nick Gulliver - New Video Release!

If you missed the BNMS Spring Meeting 2024 in Belfast, don’t worry! We're rolling out a new video every Monday to ensure you don't miss any of the event’s key moments and insights.

In this week’s video, Nick Gulliver delves into the RTN highlights, offering expert commentary and valuable takeaways from the meeting. Be sure to subscribe to our channel and click the notification bell to stay updated. Your support will help us reach our goal of 1,000 subscribers!

Stay tuned for more exciting content and highlights from the BNMS Spring Meeting!"; 27 Aug 2024;No ;Events;Videos;;;;;;;;;;;;;;;;;;;;;;;;;;;;;
https://www.youtube.com/watch?v=jE0dW98QGS0&list=PLjFEVVfFws0R1gSCU2Otz8-Mux1_vd8qx&index=6;Posters Highlights - Stewart Redman;Dr. Stewart Redman guides us through the standout poster presentations, sharing expert insights and key takeaways from the session.;2-Sep-24;No ;Events;Videos;;;;;;;;;;;;;;;;;;;;;;;;;;;;;
https://www.youtube.com/watch?v=f5iuRZrJqA0&list=PLjFEVVfFws0R1gSCU2Otz8-Mux1_vd8qx&index=7;Overview of CZT Tech - Dr John Dickson;This week, Dr. John Dickson takes you through a comprehensive overview of CZT technology, presenting crucial insights and highlights from his session.;Sep-24;No ;Events;Videos;;;;;X;;;;;;;;;;;;;;;;;;;;;;;;
https://www.youtube.com/watch?v=PlbCYsuVu5Q&list=PLjFEVVfFws0R1gSCU2Otz8-Mux1_vd8qx&index=8;Practical considerations for using GE StarGuide CZT system Mr John Lewis;We’re showcasing the insightful “State of the art: The rise of CZT” presentation by the renowned Mr John Lewis. A huge thank you to John Lewis for his expert contributions to the field.;Sep-24;No ;Events;Videos;;;;;X;;;;;;;;;;;;;;;;;;;;;;;;
https://www.youtube.com/watch?v=vQM53AGYT4Q&list=PLjFEVVfFws0R1gSCU2Otz8-Mux1_vd8qx&index=9;Technologist's Experience Using VERITON CT 360° CZT system Mrs Joy Ganotisi Final;Catch up on the event with our weekly highlights right here on the BNMS YouTube channel. This week, we’re featuring the insightful presentation Technologist's Experience - Using VERITON-CT 360° CZT system - Mrs Joy Ganotisi. We extend our heartfelt thanks to Mrs. Ganotisi for her invaluable expertise and contributions to the field.;Sep-24;No ;Events;Videos;;;;;X;;;;;;;;;;;;;;;;;;;;;;;;
https://www.youtube.com/watch?v=QHPTBeD4mYk&list=PLjFEVVfFws0R1gSCU2Otz8-Mux1_vd8qx&index=10;The heart and beyond: the potential for total body PET - Professor Newby; Professor Newby is a Cardiologist in Edinburgh and has major interests in experimental medicine and the advanced imaging of cardiovascular disease including coronary heart disease, aortic stenosis and heart failure. He is Chief Investigator of the Welcome Trust-funded multicentre trial:Prediction of Recurrent Events with 18F-Fluoride to Identify Ruptured and High-risk Coronary Artery Plaques in Patients with Myocardial Infarction (PRE18FFIR) trial, and the British Heart Foundation funded Dual Antiplatelet Therapy in Acute Coronary Syndromes in Scotland Trial.;Oct-24;No ;Events;Videos;;X;;;;;;;;;;;;;;;;;;;;;;;;;;;
https://www.youtube.com/watch?v=YrNsjkV3GkI&list=PLjFEVVfFws0R1gSCU2Otz8-Mux1_vd8qx&index=11;BNMS Spring Meeting 2024 - Interview Professor Joe O’Sullivan;"BNMS Spring Meeting 2024 – watch this video to find out all about the pre-conference member’s event.
We also had some time to talk to Professor Joe O’Sullivan.";20-May-24;No ;Events;Videos;;;;;;;;;;;;;;;;;;;;;;;;;;;;;X
https://www.youtube.com/watch?v=QVobfGtVOF8&list=PLjFEVVfFws0R1gSCU2Otz8-Mux1_vd8qx&index=12;Total Body PETCT with Dr. Simon Hughes;"Join Professor Marcus Hacker and Professor Sabina Disdarevic as they delve into the groundbreaking world of Total Body PETCT with Dr. Simon Hughes. Discover the potential and rapid advancements in this technology, along with Professor Hacker's firsthand insights following his captivating presentation at BNMS 2023 in Harrogate. Are you attending the BNMS Spring Meeting this year? If not, take a glimpse into what you're missing!""";23-Apr-24;No ;Events;Videos;;;;;;;;;;;;;;;;;;;X;;;;;;;;;;
https://www.youtube.com/watch?v=GS9lb-SBCjc&list=PLjFEVVfFws0R1gSCU2Otz8-Mux1_vd8qx&index=13;Spring meeting 2024 Belfast Mariana Pinto;"Mariana is standing in front of the Harland & Wolff cranes, where the famous RMS Titanic Ship was built. Impossible to miss it as is dominates the Belfast skyline.1
EARLY BIRD rates extended until 25th April – don’t miss this opportunity to register early and get your place secured!";17-Apr-24;No ;Events;Videos;;;;;;;;;;;;;;;;;;;;;;;;;;;;;
https://www.youtube.com/watch?v=Ep9wOjrVv5o&list=PLjFEVVfFws0R1gSCU2Otz8-Mux1_vd8qx&index=14;BNMS Spring meeting 2024 - Belfast;The BNMS team conducted a visit to Belfast on Monday, April 15th, to ensure everything is set for the upcoming conference. Ian Armstrong and Stewart Redman outlined key sessions including registration, Industry Breakfast Symposia, Prize Awards, and social events. Don't miss out! Be sure to subscribe to our channel for all the latest updates and more content about Nuclear Medicine.;Apr-24;No ;Events;Videos;;;;;;;;;;;;;;;;;;;;;;;;;;;;;
https://www.youtube.com/watch?v=bX-xk7drHEQ&list=PLjFEVVfFws0R1gSCU2Otz8-Mux1_vd8qx&index=15;BNMS Spring Meeting 2024 - In Belfast;"Thought about BNMS Spring 2024 yet?
View this video to see why you should register for next year's Spring meeting!"; 17 May 2023;No ;Events;Videos;;;;;;;;;;;;;;;;;;;;;;;;;;;;;
https://www.youtube.com/watch?v=mRVu6ByabhA&list=PLjFEVVfFws0R1gSCU2Otz8-Mux1_vd8qx&index=16;Interactive clinical cases - cardiac amyloidosis- New DPD guidelines;"Cardiac amyloidosis occurs when amyloid deposits take the place of normal heart muscle. It is the most typical type of restrictive cardiomyopathy.

The role of Nuclear Medicine is helping diagnosing this condition and it can be done in many ways but this presentation describes the use of the 99mTc-DPD scintigraphy.";  6 Jan 2025  ;No ;Events;Videos;;;;;;;;;;;;;;;;;;;;;;;;;;;;;
https://www.youtube.com/watch?v=bkl4bzDuPWs&list=PLjFEVVfFws0R1gSCU2Otz8-Mux1_vd8qx&index=17;NPIP: A National Total Body PET platform;This video is focused on the Aspirations of National PET Imaging Platform – NPIP. NPIP is the UK’s first-of-its-kind national total-body PET imaging platform for drug discovery research PET technical innovation, opportunities, and clinical implications on total body PET imaging.; 3 Feb 2025;No ;Events;Videos;;;;;;;;;;;;;;;;;;;X;;;;;;;;;;
https://www.youtube.com/watch?v=i2TUNn4Yw-U&list=PLjFEVVfFws0R1gSCU2Otz8-Mux1_vd8qx&index=18;Tuesday Session 15 – Prof. Francesco Giammarile: Dosimetry in Clinical Practice;Questions answered in this video: What is a Radiopharmaceutical treatment? What is the role of Dosimetry ? Dosimetry in Radiotherapay vs. Radionuclide Therapy?; 13 Mar 2025;No ;Events;Videos;;;;;;;;;;;;;;;;;;;;;;;;X;;;;;
https://www.youtube.com/watch?v=2X-goRQuLaU&list=PLjFEVVfFws0R1gSCU2Otz8-Mux1_vd8qx&index=19;Poster and Lectures BNMS 2024 Belfast;Poster and Lectures BNMS 2024 Belfast;Apr-25;No ;Events;Videos;;;;;;;;;;;;;;;;;;;;;;;;;;;;;
Innovative Team of the Year 2024 - University Hospitals Dorset - Nuclear Medicine Department;Innovative Team of the Year 2024 - University Hospitals Dorset - Nuclear Medicine Department;These insightful videos highlight groundbreaking research, innovative technologies, and collaborative efforts within the field. ;Apr-24;No ;Events;Videos;;;;;;;;;;;;;;;;;;;;;;;;;;;;;
https://www.youtube.com/watch?v=aTO0eUk4KSo&list=PLjFEVVfFws0R79SAY5-_VmIvLbiBVUcQi&index=2;"
Innovative Team of the Year 2024 - Swansea Bay University Health Board";These insightful videos highlight groundbreaking research, innovative technologies, and collaborative efforts within the field. Now, it's time for BNMS members to have their say! Voting for the most impactful and innovative team will soon open, allowing members to support and recognize excellence in our community;Apr-24;No ;Events;Videos;;;;;;;;;;;;;;;;;;;;;;;;;;;;;
https://www.youtube.com/watch?v=o7ae-l4knXc&list=PLjFEVVfFws0R79SAY5-_VmIvLbiBVUcQi&index=3;Innovative Team of the Year 2024 - Withybush Nuclear Medicine;These insightful videos highlight groundbreaking research, innovative technologies, and collaborative efforts within the field.;Apr-24;No ;Events;Videos;;;;;;;;;;;;;;;;;;;;;;;;;;;;;
https://www.youtube.com/watch?v=fd6J5gbpkyQ&list=PLjFEVVfFws0RetqbhkxDY0YnlE2Vj1yDX;FAPI and beyond;"FAPI and beyond by Dr Lena Unterrainer from Munich University, given at the BNMS Annual Spring Meeting 2024.
Find out more about the meeting below";Jun-24;Yes ;Events;Videos;;;;;;;;;;;;;;;;;;;;;;;;;;;;;
https://www.youtube.com/watch?v=GK0UM2k41sc&list=PLjFEVVfFws0RetqbhkxDY0YnlE2Vj1yDX&index=2;Targeted alpha therapy in oncology;"Talk on Targeted alpha therapy in oncology, by Jegadeshwaran C Gandhi from Maidstone and Tunbridge Wells NHS Trust given at the BNMS Annual Spring Meeting 2024
Find out more about the meeting below
https://www.bnms.org.uk/page/PastMeet…";  7 Jun 2024;Yes ;Events;Videos;;;;;;;;;;;;;;;;;;;;;;;;;;;;;
https://www.youtube.com/watch?v=9ivk0ENkIjQ&list=PLjFEVVfFws0RetqbhkxDY0YnlE2Vj1yDX&index=3;Nuclear Imaging in Amyloidosis;Talk on Nuclear Imaging in Amyloidosis from Prof Ashu Wechalekar, University College London - National Amyloidosis Centre given at the BNMS Annual Spring Meeting 2024; 6 Jun 2024;Yes ;Events;Videos;;;;;;;;;;;;;;;;;;;;;;;;;;;;;
https://www.youtube.com/watch?v=IJPc1uIN7hw&list=PLjFEVVfFws0RetqbhkxDY0YnlE2Vj1yDX&index=4;Role of FDG PET in Infective endocarditis;This is a talk by Prof Paolo Erba from Università degli Studi di Milano Bicocca given at the BNMS Annual Spring Meeting 2024 in May 2024; 6 Jun 2024;Yes ;Events;Videos;;;;;;;;;;;;;;;;;;;;;;;;;;;;;
https://www.youtube.com/watch?v=8JWjNfQTIV8&list=PLjFEVVfFws0SMYH2asGS4PjldZID11ZEN;Prof Richard Graham - Intro;VQ SPECT 2023;4-Nov-24;Yes ;Events;Videos;;;;;;;;;;;;;;;;;;;;;;;;;;;;;
https://www.youtube.com/watch?v=Tja922t9Vo0&list=PLjFEVVfFws0SMYH2asGS4PjldZID11ZEN&index=2;Evidence For Performing VQ SPECT - Dr Teresa Szyszko;VQ SPECT Study Day;  4 Nov 2024;Yes ;Events;Videos;;;;;;;;;;;;;;;;;;;;;;;;;;;;;
https://www.youtube.com/watch?v=AEv9hzXFv1Y&list=PLjFEVVfFws0SMYH2asGS4PjldZID11ZEN&index=3;How To Perform VQ SPECT & SPECT CT - Neil Davis;VQ SPECT 2023;  4 Nov 2024;Yes ;Events;Videos;;;;;;;;;;;;;;;;;;;;;;;;;;;;;
https://www.youtube.com/watch?v=GCbtd5kwpMA&list=PLjFEVVfFws0SMYH2asGS4PjldZID11ZEN&index=4;Interpretation Of VQ For CTEPH - Dr Arum Parthipun;VQ SPECT 2023;Nov-24;Yes ;Events;Videos;;;;;;;;;;;;;;;;;;;;;;;;;;;;;
https://www.youtube.com/watch?v=NmCRgD9QWjM&list=PLjFEVVfFws0SMYH2asGS4PjldZID11ZEN&index=5;Interpretation Of VQ SPECT For PE - Dr Stewart Redman;VQ SPECT 2023;Nov-24;Yes ;Events;Videos;;;;;;;;;;;;;;;;;;;;;;;;;;;;;
https://www.youtube.com/watch?v=2eSb3jHc6Ok&list=PLjFEVVfFws0SMYH2asGS4PjldZID11ZEN&index=6;Lung VQ Pearls and Pitfalls - Sean Baker & The Nuclear Medicine Team;VQ SPECT 2023; 4 Nov 2024;Yes ;Events;Videos;;;;;;;;;;;;X;;;;;;;;;;;;;;;;;
https://www.youtube.com/watch?v=Bivw3KFW8SY&list=PLjFEVVfFws0SMYH2asGS4PjldZID11ZEN&index=7;Performing VQ for Lung Resection Surgery - Sean Baker;VQ SPECT 2023; 4 Nov 2024;Yes ;Events;Videos;;;;;;;;;;;;X;;;;;;;;;;;;;;;;;
https://www.youtube.com/watch?v=wccPOUjtBf8&list=PLjFEVVfFws0SMYH2asGS4PjldZID11ZEN&index=8;VQ SPECT and SPECT-CT Pathways final - Dr Arum Parthipun;VQ SPECT 2023;Nov-24;Yes ;Events;Videos;;;;;;;;;;;;;;;;;;;X;;;;;;;;;;
https://www.youtube.com/watch?v=UqBEQZWVvjU&list=PLjFEVVfFws0SMYH2asGS4PjldZID11ZEN&index=9;VQ SPECT Demonstration - Sean Baker;VQ SPECT 2023;Nov-24;Yes ;Events;Videos;;;;;;;;;;;;;;;;;;;;;;;;;;;;;
https://www.youtube.com/watch?v=fJiURq4aqDU&list=PLjFEVVfFws0RAg3w0VnesjBRUzwHh5h1B;Past & Present BNMS Presidents in Conversation | Leadership, MRT & the Future of Nuclear Medicine;In this BNMS webinar, past Presidents join the current President to reflect on leadership, key achievements, and challenges faced during their tenures. The programme explores the evolution of nuclear medicine, perspectives on gender equality in leadership, and future directions for the specialty, and includes a talk on Molecular Radiotherapy: To Infinity and Beyond followed by an interactive Q&A session.;Jan-26;No ;Events;Videos;;;;;;;;;;;;;;;;;;;;;;;;;;;;;X
https://www.youtube.com/watch?v=X7F3yJ469b8&list=PLjFEVVfFws0SO0mWo9eC6dr9cSAOPiWG8;Glasgow, Medicine and Frankenstein A virtual tour with a local weegie;In this special video, join us as we explore the fascinating connections between Glasgow’s rich medical history and Mary Shelley’s iconic tale of Frankenstein. Guided by a local Weegie (that’s a proud Glaswegian to you and me!), we’ll take you on a journey through the city’s streets, uncovering its medical innovations and eerie inspirations for Shelley’s classic novel.; 19 Nov 2024 ;No ;Events;Videos;;;;;;;;;;;;;;;;;;;;;;;;;;;;;
https://www.youtube.com/watch?v=2o8nvBsPVfY&list=PLjFEVVfFws0SO0mWo9eC6dr9cSAOPiWG8&index=2;The BNMS Invites You to the Vibrant City of Glasgow;"Discover a city that blends rich history, stunning architecture, and a thriving modern culture. This event will bring together thought leaders, professionals, and innovators for an inspiring and impactful gathering.

Explore what Glasgow has to offer – from its iconic landmarks and world-class museums to its warm hospitality and culinary delights. Whether you're here for the meeting or to experience the city's charm, Glasgow is ready to welcome you.";Nov-24;No ;Events;Videos;;;;;;;;;;;;;;;;;;;;;;;;;;;;;
https://www.youtube.com/watch?v=gJVrHZYhXzU&list=PLjFEVVfFws0TH7zd5KkZUDYW1dJOWgQT2;Renogram Interpretation - Introduction;Renogram Study Day 2023 ;11-Dec-24;Yes ;Events;Videos;;;;;;;;;;;;;;;;;;;;;;;;;;;;;
https://www.youtube.com/watch?v=5ZdVnio4Bak&list=PLjFEVVfFws0TH7zd5KkZUDYW1dJOWgQT2&index=2;Rajdeep Kaurbrar Presentation (BNMS Renal);Renogram Study Day 2023 ;11-Dec-24;Yes ;Events;Videos;;;;;;;;;;;;;;;;;;;;;;;;;X;;;;
https://www.youtube.com/watch?v=BG-awd1bORY&list=PLjFEVVfFws0TH7zd5KkZUDYW1dJOWgQT2&index=3;Lorenzo Biassoni - Paediatric Renogram;Renogram Study Day 2023 ;11-Dec-24;Yes ;Events;Videos;;;;;;;;;;;;;;;;;;X;;;;;;;;;;;
https://www.youtube.com/watch?v=G-Tz1RsFRHM&list=PLjFEVVfFws0TH7zd5KkZUDYW1dJOWgQT2&index=4;Mike Peters - Introduction To Renal - Physiology;Renogram Study Day 2023 ;11-Dec-24;Yes ;Events;Videos;;;;;;;;;;;;;;;;;;;;;;;;;X;;;;
https://www.youtube.com/watch?v=Gixw1xtkzcY&list=PLjFEVVfFws0TH7zd5KkZUDYW1dJOWgQT2&index=5;Pencharz Renogram Study Day - Introduction;Renogram Study Day 2023 ;11-Dec-24;Yes ;Events;Videos;;;;;;;;;;;;;;;;;;;;;;;;;X ;;;;
https://www.youtube.com/watch?v=SddWWicREk4&list=PLjFEVVfFws0TH7zd5KkZUDYW1dJOWgQT2&index=6;Arum Transplant - Renogram Interpretation;Renogram Study Day 2023 ;11-Dec-24;Yes ;Events;Videos;;;;;;;;;;;;;;;;;;;;;;;;;X ;;;;
https://www.youtube.com/watch?v=c4kYWgUNaCE&list=PLjFEVVfFws0TH7zd5KkZUDYW1dJOWgQT2&index=7;Renogram Acquisition - Neil;Renogram Study Day 2023 ;11-Dec-24;Yes ;Events;Videos;;;;;;;;;;;;;;;;;;;;;;;;;X ;;;;
https://www.youtube.com/watch?v=f_BKcrJsjRo&list=PLjFEVVfFws0TH7zd5KkZUDYW1dJOWgQT2&index=8;Mike Peters - Renogram Interpretation;Renogram Study Day 2023 ;11-Dec-24;Yes ;Events;Videos;;;;;;;;;;;;;;;;;;;;;;;;;X ;;;;
https://www.youtube.com/watch?v=l4TJHM2Alrs&list=PLjFEVVfFws0TH7zd5KkZUDYW1dJOWgQT2&index=9;BNMS Presentation - Aline Broch;Renogram Study Day 2023 ;11-Dec-24;Yes ;Events;Videos;;;;;;;;;;;;;;;;;;;;;;;;;X ;;;;
https://www.youtube.com/watch?v=o0_qJ-iPvEg&list=PLjFEVVfFws0TH7zd5KkZUDYW1dJOWgQT2&index=10;Ammar Transplant Renograms - What The Clinician Wants To Know;Renogram Study Day 2023 ;11-Dec-24;Yes ;Events;Videos;;;;;;;;;;;;;;;;;;;;;;;;;X ;;;;
https://www.youtube.com/watch?v=pzzNbHN_2g0&list=PLjFEVVfFws0TH7zd5KkZUDYW1dJOWgQT2&index=11;Ed Butler - Renogram Processing;Renogram Study Day 2023 ;11-Dec-24;Yes ;Events;Videos;;;;;;;;;;;;;;;;;;;;;;;;;X ;;;;
https://www.youtube.com/watch?v=ed0byuhxXfY&list=PLjFEVVfFws0SgI96L-_3pq5_Bp9O_PBKw;Innovative Team of the Year 2025 - University College London Hospitals Paediatric PET Team;This award celebrates a team that has demonstrated exceptional creativity, forward-thinking, and impact throughout the past year. Their innovative approach has not only solved complex challenges but also set a new standard for excellence across the organization. Through collaboration, bold ideas, and a commitment to continuous improvement, this team has truly embodied what it means to lead with innovation in 2025.;17-Apr-25;No ;Events;Videos;;;;;;;;;;;;;;;;;;;;;;;;;;;;;X
https://www.youtube.com/watch?v=Zuvt_EJLcto&list=PLjFEVVfFws0SgI96L-_3pq5_Bp9O_PBKw&index=2;Innovative Team of the Year 2025 - The Royal Marsden NHS Foundation Trust;This award celebrates a team that has demonstrated exceptional creativity, forward-thinking, and impact throughout the past year. Their innovative approach has not only solved complex challenges but also set a new standard for excellence across the organization. Through collaboration, bold ideas, and a commitment to continuous improvement, this team has truly embodied what it means to lead with innovation in 2025.;17-Apr-25;No ;Events;Videos;;;;;;;;;;;;;;;;;;;;;;;;;;;;;X
https://www.youtube.com/watch?v=8p0MIRT5f5c&list=PLjFEVVfFws0SgI96L-_3pq5_Bp9O_PBKw&index=3;Innovative Team of the Year 2025 - South Tyneside and Sunderland Foundation Trust;This award celebrates a team that has demonstrated exceptional creativity, forward-thinking, and impact throughout the past year. Their innovative approach has not only solved complex challenges but also set a new standard for excellence across the organization. Through collaboration, bold ideas, and a commitment to continuous improvement, this team has truly embodied what it means to lead with innovation in 2025.;17-Apr-25;No ;Events;Videos;;;;;;;;;;;;;;;;;;;;;;;;;;;;;X
;;;;;;;;;;;;;;;;;;;;;;;;;;;;;;;;;;;
;;;;;;;;;;;;;;;;;;;;;;;;;;;;;;;;;;;
;;;;;;;;;;;;;;;;;;;;;;;;;;;;;;;;;;;
;;;;;;;;;;;;;;;;;;;;;;;;;;;;;;;;;;;
;;;;;;;;;;;;;;;;;;;;;;;;;;;;;;;;;;;
;;;;;;;;;;;;;;;;;;;;;;;;;;;;;;;;;;;
;;;;;;;;;;;;;;;;;;;;;;;;;;;;;;;;;;;
;;;;;;;;;;;;;;;;;;;;;;;;;;;;;;;;;;;
;;;;;;;;;;;;;;;;;;;;;;;;;;;;;;;;;;;
;;;;;;;;;;;;;;;;;;;;;;;;;;;;;;;;;;;
;;;;;;;;;;;;;;;;;;;;;;;;;;;;;;;;;;;
;;;;;;;;;;;;;;;;;;;;;;;;;;;;;;;;;;;
;;;;;;;;;;;;;;;;;;;;;;;;;;;;;;;;;;;
;;;;;;;;;;;;;;;;;;;;;;;;;;;;;;;;;;;
;;;;;;;;;;;;;;;;;;;;;;;;;;;;;;;;;;;
;;;;;;;;;;;;;;;;;;;;;;;;;;;;;;;;;;;
;;;;;;;;;;;;;;;;;;;;;;;;;;;;;;;;;;;
;;;;;;;;;;;;;;;;;;;;;;;;;;;;;;;;;;;
;;;;;;;;;;;;;;;;;;;;;;;;;;;;;;;;;;;
;;;;;;;;;;;;;;;;;;;;;;;;;;;;;;;;;;;
;;;;;;;;;;;;;;;;;;;;;;;;;;;;;;;;;;;
;;;;;;;;;;;;;;;;;;;;;;;;;;;;;;;;;;;
;;;;;;;;;;;;;;;;;;;;;;;;;;;;;;;;;;;
;;;;;;;;;;;;;;;;;;;;;;;;;;;;;;;;;;;
;;;;;;;;;;;;;;;;;;;;;;;;;;;;;;;;;;;
;;;;;;;;;;;;;;;;;;;;;;;;;;;;;;;;;;;
;;;;;;;;;;;;;;;;;;;;;;;;;;;;;;;;;;;
;;;;;;;;;;;;;;;;;;;;;;;;;;;;;;;;;;;
;;;;;;;;;;;;;;;;;;;;;;;;;;;;;;;;;;;
;;;;;;;;;;;;;;;;;;;;;;;;;;;;;;;;;;;
;;;;;;;;;;;;;;;;;;;;;;;;;;;;;;;;;;;
;;;;;;;;;;;;;;;;;;;;;;;;;;;;;;;;;;;
;;;;;;;;;;;;;;;;;;;;;;;;;;;;;;;;;;;
;;;;;;;;;;;;;;;;;;;;;;;;;;;;;;;;;;;
;;;;;;;;;;;;;;;;;;;;;;;;;;;;;;;;;;;
;;;;;;;;;;;;;;;;;;;;;;;;;;;;;;;;;;;
;;;;;;;;;;;;;;;;;;;;;;;;;;;;;;;;;;;
;;;;;;;;;;;;;;;;;;;;;;;;;;;;;;;;;;;
;;;;;;;;;;;;;;;;;;;;;;;;;;;;;;;;;;;
;;;;;;;;;;;;;;;;;;;;;;;;;;;;;;;;;;;
;;;;;;;;;;;;;;;;;;;;;;;;;;;;;;;;;;;
;;;;;;;;;;;;;;;;;;;;;;;;;;;;;;;;;;;
;;;;;;;;;;;;;;;;;;;;;;;;;;;;;;;;;;;
;;;;;;;;;;;;;;;;;;;;;;;;;;;;;;;;;;;
;;;;;;;;;;;;;;;;;;;;;;;;;;;;;;;;;;;
;;;;;;;;;;;;;;;;;;;;;;;;;;;;;;;;;;;
;;;;;;;;;;;;;;;;;;;;;;;;;;;;;;;;;;;
;;;;;;;;;;;;;;;;;;;;;;;;;;;;;;;;;;;
;;;;;;;;;;;;;;;;;;;;;;;;;;;;;;;;;;;
;;;;;;;;;;;;;;;;;;;;;;;;;;;;;;;;;;;
;;;;;;;;;;;;;;;;;;;;;;;;;;;;;;;;;;;
;;;;;;;;;;;;;;;;;;;;;;;;;;;;;;;;;;;
;;;;;;;;;;;;;;;;;;;;;;;;;;;;;;;;;;;
;;;;;;;;;;;;;;;;;;;;;;;;;;;;;;;;;;;
;;;;;;;;;;;;;;;;;;;;;;;;;;;;;;;;;;;
;;;;;;;;;;;;;;;;;;;;;;;;;;;;;;;;;;;
;;;;;;;;;;;;;;;;;;;;;;;;;;;;;;;;;;;
;;;;;;;;;;;;;;;;;;;;;;;;;;;;;;;;;;;
;;;;;;;;;;;;;;;;;;;;;;;;;;;;;;;;;;;
;;;;;;;;;;;;;;;;;;;;;;;;;;;;;;;;;;;
;;;;;;;;;;;;;;;;;;;;;;;;;;;;;;;;;;;
;;;;;;;;;;;;;;;;;;;;;;;;;;;;;;;;;;;
;;;;;;;;;;;;;;;;;;;;;;;;;;;;;;;;;;;
;;;;;;;;;;;;;;;;;;;;;;;;;;;;;;;;;;;
;;;;;;;;;;;;;;;;;;;;;;;;;;;;;;;;;;;
;;;;;;;;;;;;;;;;;;;;;;;;;;;;;;;;;;;
;;;;;;;;;;;;;;;;;;;;;;;;;;;;;;;;;;;
;;;;;;;;;;;;;;;;;;;;;;;;;;;;;;;;;;;
;;;;;;;;;;;;;;;;;;;;;;;;;;;;;;;;;;;
;;;;;;;;;;;;;;;;;;;;;;;;;;;;;;;;;;;
;;;;;;;;;;;;;;;;;;;;;;;;;;;;;;;;;;;
;;;;;;;;;;;;;;;;;;;;;;;;;;;;;;;;;;;
;;;;;;;;;;;;;;;;;;;;;;;;;;;;;;;;;;;
;;;;;;;;;;;;;;;;;;;;;;;;;;;;;;;;;;;
;;;;;;;;;;;;;;;;;;;;;;;;;;;;;;;;;;;
;;;;;;;;;;;;;;;;;;;;;;;;;;;;;;;;;;;
;;;;;;;;;;;;;;;;;;;;;;;;;;;;;;;;;;;
;;;;;;;;;;;;;;;;;;;;;;;;;;;;;;;;;;;
;;;;;;;;;;;;;;;;;;;;;;;;;;;;;;;;;;;
;;;;;;;;;;;;;;;;;;;;;;;;;;;;;;;;;;;
;;;;;;;;;;;;;;;;;;;;;;;;;;;;;;;;;;;
;;;;;;;;;;;;;;;;;;;;;;;;;;;;;;;;;;;
;;;;;;;;;;;;;;;;;;;;;;;;;;;;;;;;;;;
;;;;;;;;;;;;;;;;;;;;;;;;;;;;;;;;;;;
;;;;;;;;;;;;;;;;;;;;;;;;;;;;;;;;;;;
;;;;;;;;;;;;;;;;;;;;;;;;;;;;;;;;;;;
;;;;;;;;;;;;;;;;;;;;;;;;;;;;;;;;;;;
;;;;;;;;;;;;;;;;;;;;;;;;;;;;;;;;;;;
;;;;;;;;;;;;;;;;;;;;;;;;;;;;;;;;;;;
;;;;;;;;;;;;;;;;;;;;;;;;;;;;;;;;;;;
;;;;;;;;;;;;;;;;;;;;;;;;;;;;;;;;;;;
;;;;;;;;;;;;;;;;;;;;;;;;;;;;;;;;;;;
;;;;;;;;;;;;;;;;;;;;;;;;;;;;;;;;;;;
;;;;;;;;;;;;;;;;;;;;;;;;;;;;;;;;;;;
;;;;;;;;;;;;;;;;;;;;;;;;;;;;;;;;;;;
;;;;;;;;;;;;;;;;;;;;;;;;;;;;;;;;;;;
;;;;;;;;;;;;;;;;;;;;;;;;;;;;;;;;;;;
;;;;;;;;;;;;;;;;;;;;;;;;;;;;;;;;;;;
;;;;;;;;;;;;;;;;;;;;;;;;;;;;;;;;;;;
;;;;;;;;;;;;;;;;;;;;;;;;;;;;;;;;;;;
;;;;;;;;;;;;;;;;;;;;;;;;;;;;;;;;;;;
;;;;;;;;;;;;;;;;;;;;;;;;;;;;;;;;;;;
;;;;;;;;;;;;;;;;;;;;;;;;;;;;;;;;;;;
;;;;;;;;;;;;;;;;;;;;;;;;;;;;;;;;;;;
;;;;;;;;;;;;;;;;;;;;;;;;;;;;;;;;;;;
;;;;;;;;;;;;;;;;;;;;;;;;;;;;;;;;;;;
;;;;;;;;;;;;;;;;;;;;;;;;;;;;;;;;;;;
;;;;;;;;;;;;;;;;;;;;;;;;;;;;;;;;;;;
;;;;;;;;;;;;;;;;;;;;;;;;;;;;;;;;;;;
;;;;;;;;;;;;;;;;;;;;;;;;;;;;;;;;;;;
;;;;;;;;;;;;;;;;;;;;;;;;;;;;;;;;;;;
;;;;;;;;;;;;;;;;;;;;;;;;;;;;;;;;;;;
;;;;;;;;;;;;;;;;;;;;;;;;;;;;;;;;;;;
;;;;;;;;;;;;;;;;;;;;;;;;;;;;;;;;;;;
;;;;;;;;;;;;;;;;;;;;;;;;;;;;;;;;;;;
;;;;;;;;;;;;;;;;;;;;;;;;;;;;;;;;;;;
;;;;;;;;;;;;;;;;;;;;;;;;;;;;;;;;;;;
;;;;;;;;;;;;;;;;;;;;;;;;;;;;;;;;;;;
;;;;;;;;;;;;;;;;;;;;;;;;;;;;;;;;;;;
;;;;;;;;;;;;;;;;;;;;;;;;;;;;;;;;;;;
;;;;;;;;;;;;;;;;;;;;;;;;;;;;;;;;;;;
;;;;;;;;;;;;;;;;;;;;;;;;;;;;;;;;;;;
;;;;;;;;;;;;;;;;;;;;;;;;;;;;;;;;;;;
;;;;;;;;;;;;;;;;;;;;;;;;;;;;;;;;;;;
;;;;;;;;;;;;;;;;;;;;;;;;;;;;;;;;;;;
;;;;;;;;;;;;;;;;;;;;;;;;;;;;;;;;;;;
;;;;;;;;;;;;;;;;;;;;;;;;;;;;;;;;;;;
;;;;;;;;;;;;;;;;;;;;;;;;;;;;;;;;;;;
;;;;;;Videos;;;;;;;;;;;;;;;;;;;;;;;;;;;;;
;;;;;;;;;;;;;;;;;;;;;;;;;;;;;;;;;;;
;;;;;;;;;;;;;;;;;;;;;;;;;;;;;;;;;;;
;;;;;;;;;;;;;;;;;;;;;;;;;;;;;;;;;;;
;;;;;;;;;;;;;;;;;;;;;;;;;;;;;;;;;;;
;;;;;;;;;;;;;;;;;;;;;;;;;;;;;;;;;;;
;;;;;;;;;;;;;;;;;;;;;;;;;;;;;;;;;;;
;;;;;;;;;;;;;;;;;;;;;;;;;;;;;;;;;;;
;;;;;;;;;;;;;;;;;;;;;;;;;;;;;;;;;;;
;;;;;;;;;;;;;;;;;;;;;;;;;;;;;;;;;;;
;;;;;;;;;;;;;;;;;;;;;;;;;;;;;;;;;;;
;;;;;;;;;;;;;;;;;;;;;;;;;;;;;;;;;;;
;;;;;;;;;;;;;;;;;;;;;;;;;;;;;;;;;;;