organization.uuid;organization_preference_value.field_id;organization.name;Domains
55a86410-7f60-4451-a45c-5760d93ccf1a;e201a90e-840b-4555-8cd3-c50aa8d9b19f;Abertay University;abertay.ac.uk
baf202a1-bffa-4902-85f9-10e79b0e22c6;e201a90e-840b-4555-8cd3-c50aa8d9b19f;Aberystwyth University;aber.ac.uk
21c56316-d459-4cd3-8b8e-7ebfd350c9e5;e201a90e-840b-4555-8cd3-c50aa8d9b19f;Anglia Ruskin University;aru.ac.uk,london.aru.ac.uk
33e0e979-1477-49f1-ae28-496d570caa0d;e201a90e-840b-4555-8cd3-c50aa8d9b19f;Arden University;arden.ac.uk
efe64f85-34a5-4ccb-98d4-40877d0fc2e5;e201a90e-840b-4555-8cd3-c50aa8d9b19f;Arts University Bournemouth;aub.ac.uk
5a7c3cc9-a1f6-4660-a42c-8e03ce7cf2c4;e201a90e-840b-4555-8cd3-c50aa8d9b19f;Arts University Plymouth;pca.ac.uk
2b343e0d-289e-4ff3-9bee-61961d9d7dd3;e201a90e-840b-4555-8cd3-c50aa8d9b19f;Aston University;aston.ac.uk
5742b358-e09a-4c08-aa10-3142ef1d4753;e201a90e-840b-4555-8cd3-c50aa8d9b19f;Bangor University;bangor.ac.uk
b176a5b0-3c41-485d-9d45-917df47c0a81;e201a90e-840b-4555-8cd3-c50aa8d9b19f;Bath Spa University;bathspa.ac.uk
689a73f6-4e42-48a8-b6dc-e6b02a97160c;e201a90e-840b-4555-8cd3-c50aa8d9b19f;Birmingham City University;bcu.ac.uk
adf3d0d5-34b7-4153-b908-a4079e4a81f9;e201a90e-840b-4555-8cd3-c50aa8d9b19f;Birmingham Newman University;newman.ac.uk,staff.newman.ac.uk
a46f0632-e148-4c88-904c-2bb0c172a6d3;e201a90e-840b-4555-8cd3-c50aa8d9b19f;Bournemouth University;bournemouth.ac.uk
33d664f2-3ad2-4ccf-9cfc-00cb40654bab;e201a90e-840b-4555-8cd3-c50aa8d9b19f;BPP University;bpp.com
4888f40e-5558-4e7f-9934-355ea77d94e9;e201a90e-840b-4555-8cd3-c50aa8d9b19f;British and Irish Modern Music Institute (BIMM);bimm.co.uk,bimm.ie,bimm.ac.uk,metfilm.ac.uk,screenfilmschool.ac.uk,performerscollege.co.uk
90ce6424-4c3b-4842-b329-4735ebf5616b;e201a90e-840b-4555-8cd3-c50aa8d9b19f;Brunel University London;brunel.ac.uk
e97c970a-1803-4831-aeaf-77d7925b1646;e201a90e-840b-4555-8cd3-c50aa8d9b19f;Buckinghamshire New University;bucks.ac.uk
3a681e07-6213-4d2b-bd2f-a759c9d9095a;e201a90e-840b-4555-8cd3-c50aa8d9b19f;Canterbury Christ Church University;canterbury.ac.uk
72f8a185-b3b5-48df-8746-eda2d64b0163;e201a90e-840b-4555-8cd3-c50aa8d9b19f;Cardiff Metropolitan University;cardiffmet.ac.uk
8d3e47f7-8c6c-4b92-8b36-4bba27320dc6;e201a90e-840b-4555-8cd3-c50aa8d9b19f;Cardiff University;cardiff.ac.uk
057153eb-8237-4de2-ae2f-8d054c4f8f8e;e201a90e-840b-4555-8cd3-c50aa8d9b19f;City St George’s, University of London;city.ac.uk,citystgeorges.ac.uk,sgul.ac.uk,sgul.kingston.ac.uk
228e3c0a-b8b3-40b5-bb63-965642949615;e201a90e-840b-4555-8cd3-c50aa8d9b19f;De Montfort University;dmu.ac.uk
b9cca635-df91-4537-b850-91b5a9f34e32;e201a90e-840b-4555-8cd3-c50aa8d9b19f;Dublin City University;dcu.ie
2a11806d-2832-4dac-979e-d330fdfc1603;e201a90e-840b-4555-8cd3-c50aa8d9b19f;Durham University;durham.ac.uk
4fca7735-5c6b-4b4f-bd6e-ea32af177bf1;e201a90e-840b-4555-8cd3-c50aa8d9b19f;Edge Hill University;edgehill.ac.uk
31b9eac7-9c10-4dab-9d17-d15130d1b2fb;e201a90e-840b-4555-8cd3-c50aa8d9b19f;Edinburgh Napier University;napier.ac.uk
accad435-2046-4056-ac55-1d52946470fb;e201a90e-840b-4555-8cd3-c50aa8d9b19f;Falmouth University;falmouth.ac.uk
e5fad8cf-e79a-4740-b3d6-a673d04cc1e6;e201a90e-840b-4555-8cd3-c50aa8d9b19f;Glasgow Caledonian University;gcu.ac.uk,gcal.ac.uk
e0824a7a-70cc-4174-9904-878cd4099527;e201a90e-840b-4555-8cd3-c50aa8d9b19f;Global Banking School;globalbanking.ac.uk
de9e1fa2-e6e7-482d-83c7-971619366788;e201a90e-840b-4555-8cd3-c50aa8d9b19f;Goldsmiths, University of London;gold.ac.uk
eafb03b5-423f-4ac6-8131-45d2fc7575a3;e201a90e-840b-4555-8cd3-c50aa8d9b19f;Harper Adams University;harper-adams.ac.uk
6ec91ccc-a5b6-4b7b-b77f-0bfe957d5a9a;e201a90e-840b-4555-8cd3-c50aa8d9b19f;Hartpury University;hartpury.ac.uk
d8013b88-17f6-4a8c-88b1-3d243742f746;e201a90e-840b-4555-8cd3-c50aa8d9b19f;Heriot-Watt University;hw.ac.uk
5dd87421-48fb-4cdc-8ff4-a26d190f7311;e201a90e-840b-4555-8cd3-c50aa8d9b19f;Imperial College London;imperial.ac.uk
326acdf6-d7bd-48f4-bd95-d451c6673c64;e201a90e-840b-4555-8cd3-c50aa8d9b19f;Istituto Marangoni;istitutomarangoni.com
36a31197-3267-45ee-a61a-00d8cd111560;e201a90e-840b-4555-8cd3-c50aa8d9b19f;Keele University;keele.ac.uk
761f907f-3ba7-4a4c-b3d8-d442969d8662;e201a90e-840b-4555-8cd3-c50aa8d9b19f;King's College London;kcl.ac.uk
117f4fbc-3ae5-4421-b52c-bd9273779e42;e201a90e-840b-4555-8cd3-c50aa8d9b19f;Kingston University;kingston.ac.uk,sgul.kingston.ac.uk,sgul.ac.uk
b3343337-27b8-40b0-a7b2-9fbb1ad28d6b;e201a90e-840b-4555-8cd3-c50aa8d9b19f;Lancaster University;lancaster.ac.uk,lancaster.edu.gh,ua92.ac.uk
36eb121c-09c9-44b9-ad9a-281bfd49817f;e201a90e-840b-4555-8cd3-c50aa8d9b19f;Leeds Beckett University;leedsbeckett.ac.uk
bce1eb26-1c5e-4602-ace8-7e844f0fde0b;e201a90e-840b-4555-8cd3-c50aa8d9b19f;Leeds Trinity University;leedstrinity.ac.uk
5d2b340a-28ff-46ab-af71-7bde1a40d1bd;e201a90e-840b-4555-8cd3-c50aa8d9b19f;Lincoln Bishop University;bishopg.ac.uk
8fc4e3b5-9ae0-414f-bba7-7d80f5515a7c;e201a90e-840b-4555-8cd3-c50aa8d9b19f;Liverpool Hope University;hope.ac.uk
5b53aded-6ba3-42d6-91bc-b946addb90a7;e201a90e-840b-4555-8cd3-c50aa8d9b19f;Liverpool John Moores University;ljmu.ac.uk
b091bd6f-05a9-4d68-8fff-13254795bb80;e201a90e-840b-4555-8cd3-c50aa8d9b19f;London College of Contemporary Arts;lcca.ac.uk
2d0cb80e-e4d5-4e91-9a22-09af5d279665;e201a90e-840b-4555-8cd3-c50aa8d9b19f;London Metropolitan University;londonmet.ac.uk
a997be90-c972-4179-8cd5-9d28b6e02646;e201a90e-840b-4555-8cd3-c50aa8d9b19f;London School of Economics and Political Science;lse.ac.uk
a1c94dce-ba00-4595-af08-d8d32f60efbf;e201a90e-840b-4555-8cd3-c50aa8d9b19f;London School of Management Education;lsme.ac.uk
3e207180-3ce8-490d-9eb8-d2f8a3231931;e201a90e-840b-4555-8cd3-c50aa8d9b19f;London South Bank University;lsbu.ac.uk
155e53a2-d619-475b-9e7e-73db64f7f883;e201a90e-840b-4555-8cd3-c50aa8d9b19f;Loughborough University;lboro.ac.uk
c9b2f385-4ffb-4aa2-8a0e-672892c4c97a;e201a90e-840b-4555-8cd3-c50aa8d9b19f;Manchester Metropolitan University;mmu.ac.uk,ad.mmu.ac.uk
67d8438b-56c0-4e35-95cc-a0190553825d;e201a90e-840b-4555-8cd3-c50aa8d9b19f;Maynooth University;nuim.ie,mu.ie
34b4b385-52fb-4d37-ab8c-477b2e16e559;e201a90e-840b-4555-8cd3-c50aa8d9b19f;Mohamed Bin Zayed University of Artificial Intelligence;mbzuai.ac.ae
5d049b11-5825-47c8-b102-7b6cd8d0dce0;e201a90e-840b-4555-8cd3-c50aa8d9b19f;Newcastle University;ncl.ac.uk,newcastle.ac.uk
4a09bc40-ddcc-42b7-b2c0-d9d4216bf965;e201a90e-840b-4555-8cd3-c50aa8d9b19f;Northumbria University;northumbria.ac.uk
79a602ff-4614-4e8d-b9c6-6772648f69ee;e201a90e-840b-4555-8cd3-c50aa8d9b19f;Nottingham Trent University;ntu.ac.uk
03ab6b55-793a-4c0c-a01c-ce80093b427d;e201a90e-840b-4555-8cd3-c50aa8d9b19f;Oxford Brookes University;brookes.ac.uk
55413e32-a07e-4249-99b8-b21ed4d5bf44;e201a90e-840b-4555-8cd3-c50aa8d9b19f;Plymouth Marjon University;marjon.ac.uk
126d7fd2-51f6-439e-8849-6b012e429100;e201a90e-840b-4555-8cd3-c50aa8d9b19f;Queen Margaret University, Edinburgh;qmu.ac.uk
e7c90ced-699b-48fc-8c08-35d3030da934;e201a90e-840b-4555-8cd3-c50aa8d9b19f;Queen Mary, University of London;qmul.ac.uk
7fa62175-4bb3-41a8-b301-b59c4d739246;e201a90e-840b-4555-8cd3-c50aa8d9b19f;Queen's University of Belfast;qub.ac.uk
220ba59b-5091-4cc1-80bf-8a4d7cdb21c7;e201a90e-840b-4555-8cd3-c50aa8d9b19f;Regent's University London;regents.ac.uk
f62b874f-8605-4f1b-a2f2-18b27de30e6c;e201a90e-840b-4555-8cd3-c50aa8d9b19f;Robert Gordon University;rgu.ac.uk
0be5036d-7afb-4135-a474-47d2058e5630;e201a90e-840b-4555-8cd3-c50aa8d9b19f;Royal College of Surgeons in Ireland (RCSI);rcsi.ie
dbf2af6f-d77f-4065-8689-99d584fecd4e;e201a90e-840b-4555-8cd3-c50aa8d9b19f;Royal Holloway University of London;rhul.ac.uk,royalholloway.ac.uk
67dfb718-8fe2-4ddf-bbab-c8591458678d;e201a90e-840b-4555-8cd3-c50aa8d9b19f;Scotland’s Rural College (SRUC);sruc.ac.uk
a0af3c3d-6cee-4ea0-b4c2-3a5e77f59406;e201a90e-840b-4555-8cd3-c50aa8d9b19f;Sheffield Hallam University;shu.ac.uk,hallam.shu.ac.uk
4f2264ee-fc82-41ea-a50f-94cbee642032;e201a90e-840b-4555-8cd3-c50aa8d9b19f;SOAS, University of London;soas.ac.uk
3c23367e-1a09-44ec-a4ce-e0da01d3484f;e201a90e-840b-4555-8cd3-c50aa8d9b19f;Southampton Solent University;solent.ac.uk
e266a3c9-cf24-45cb-94de-9b699fc98137;e201a90e-840b-4555-8cd3-c50aa8d9b19f;St Mary's University College Belfast;smucb.ac.uk,stmarys-belfast.ac.uk
56a0813d-c865-42b9-ba72-b3ad33d8068e;e201a90e-840b-4555-8cd3-c50aa8d9b19f;St Mary's University, Twickenham;stmarys.ac.uk
2e532e95-a3e0-46e0-b328-3e4c1ec4fb72;e201a90e-840b-4555-8cd3-c50aa8d9b19f;Stranmillis University College;stran.ac.uk
8d83feac-1c24-41de-8036-2ec884388e28;e201a90e-840b-4555-8cd3-c50aa8d9b19f;Sultan Qaboos University;squ.edu.om
8789667b-a8da-4da4-850f-2de495139fe1;e201a90e-840b-4555-8cd3-c50aa8d9b19f;Swansea University;swansea.ac.uk
197874aa-d09d-4b8d-ae9b-15b15c97fa6a;e201a90e-840b-4555-8cd3-c50aa8d9b19f;Teesside University;tees.ac.uk
b77d0d35-966a-45e6-8948-785a75f82ecd;e201a90e-840b-4555-8cd3-c50aa8d9b19f;The Institute of Contemporary Music Performance (ICMP);icmp.ac.uk
f9ffd450-a2d4-4829-a5a2-d5f462d1d849;e201a90e-840b-4555-8cd3-c50aa8d9b19f;The Open University;open.ac.uk
b35bafde-dba1-4918-a3a8-3e439b78a7b1;e201a90e-840b-4555-8cd3-c50aa8d9b19f;The University of Edinburgh;ed.ac.uk
ff04b64a-3d0b-4670-a506-91bcc7defe82;e201a90e-840b-4555-8cd3-c50aa8d9b19f;The University of Manchester;manchester.ac.uk
f5b8c12a-f701-4267-9a2b-7feb7686ba23;e201a90e-840b-4555-8cd3-c50aa8d9b19f;The University of Sheffield;sheffield.ac.uk
1633d72e-6b1f-43ab-ae2a-d8479006c6a2;e201a90e-840b-4555-8cd3-c50aa8d9b19f;Trinity College Dublin;tcd.ie
b4702c27-7d72-4fd7-9b35-273b4489ac87;e201a90e-840b-4555-8cd3-c50aa8d9b19f;UCFB;ucfb.com
b3661d4e-1aa3-415c-a093-8305f0252b89;e201a90e-840b-4555-8cd3-c50aa8d9b19f;UCL;ucl.ac.uk
c890d2ea-b4ce-4d2e-bd43-1ef926e41371;e201a90e-840b-4555-8cd3-c50aa8d9b19f;Ulster University;ulster.ac.uk
e0f40d04-a55d-4e3e-a6f1-07852b0e0000;e201a90e-840b-4555-8cd3-c50aa8d9b19f;University Campus Oldham;oldham.ac.uk
ea65560a-bcc8-4c5d-a61f-862fdc110bab;e201a90e-840b-4555-8cd3-c50aa8d9b19f;University College Birmingham;ucb.ac.uk
1f7c886e-c411-4e4e-9d02-25f31ff12e07;e201a90e-840b-4555-8cd3-c50aa8d9b19f;University College Cork;ucc.ie
8b3fc098-bb29-489c-904d-04b87920e002;e201a90e-840b-4555-8cd3-c50aa8d9b19f;University College Dublin;ucd.ie
a01f6212-12f7-4c70-84be-c6da1048a652;e201a90e-840b-4555-8cd3-c50aa8d9b19f;University for the Creative Arts;ucreative.ac.uk,uca.ac.uk
54a15a50-8ab9-47b6-9847-10a194d0870e;e201a90e-840b-4555-8cd3-c50aa8d9b19f;University of Aberdeen;abdn.ac.uk
9301907b-b5d3-4efe-96c5-8c308e0201ef;e201a90e-840b-4555-8cd3-c50aa8d9b19f;University of Bath;bath.ac.uk
9f75578d-fa87-4827-b5fc-6de63349ef31;e201a90e-840b-4555-8cd3-c50aa8d9b19f;University of Bedfordshire;beds.ac.uk
6b4f477c-4cfc-4000-886d-5e8b67be210a;e201a90e-840b-4555-8cd3-c50aa8d9b19f;University of Birmingham;bham.ac.uk
618996bf-3727-4a7b-82a4-340993413a4b;e201a90e-840b-4555-8cd3-c50aa8d9b19f;University of Bradford;bradford.ac.uk
55aeb4a2-5867-4823-bef2-ff882f1eb974;e201a90e-840b-4555-8cd3-c50aa8d9b19f;University of Brighton;brighton.ac.uk
1addf4ef-6a78-4762-b1cd-b26415cb066d;e201a90e-840b-4555-8cd3-c50aa8d9b19f;University of Bristol;bristol.ac.uk
3331e0ea-314d-4f22-9ac6-a6d4198f8ba1;e201a90e-840b-4555-8cd3-c50aa8d9b19f;University of Buckingham;buckingham.ac.uk
c2dad389-e79f-4776-b601-c2182a860d1e;e201a90e-840b-4555-8cd3-c50aa8d9b19f;University of Cambridge;cam.ac.uk,careers.cam.ac.uk,jbs.cam.ac.uk,jesus.cam.ac.uk
77107f73-5f67-47f4-b95e-d02ac6fdf08e;e201a90e-840b-4555-8cd3-c50aa8d9b19f;University of Chester;chester.ac.uk
607e04e4-519b-4ed3-ac46-0ec90664165e;e201a90e-840b-4555-8cd3-c50aa8d9b19f;University of Chichester;chi.ac.uk
c6235493-82a1-4342-af42-45f89fd556a2;e201a90e-840b-4555-8cd3-c50aa8d9b19f;University of Cumbria;cumbria.ac.uk
22582093-a81b-428a-a42d-565a0069ed2d;e201a90e-840b-4555-8cd3-c50aa8d9b19f;University of Derby;derby.ac.uk
47f370f4-440c-42d2-95d6-3efb2d552ad8;e201a90e-840b-4555-8cd3-c50aa8d9b19f;University of Dundee;dundee.ac.uk
9bb39b0d-5bad-4cf6-abef-dfc1be9c22bc;e201a90e-840b-4555-8cd3-c50aa8d9b19f;University of East Anglia;uea.ac.uk
5f929299-db83-4c30-8821-42fbd5472646;e201a90e-840b-4555-8cd3-c50aa8d9b19f;University of East London;uel.ac.uk
50d928ff-d681-4eb0-aa87-6c8f2db609da;e201a90e-840b-4555-8cd3-c50aa8d9b19f;University of Essex;essex.ac.uk
cba82b3a-52f9-42aa-9f39-d3ebbc0a0ccd;e201a90e-840b-4555-8cd3-c50aa8d9b19f;University of Exeter;exeter.ac.uk,ex.ac.uk
62939f53-6711-4767-a780-5c419863ef47;e201a90e-840b-4555-8cd3-c50aa8d9b19f;University of Galway;universityofgalway.ie,nuigalway.ie
5797c8e5-be4e-4435-83b9-d0c27e78d6aa;e201a90e-840b-4555-8cd3-c50aa8d9b19f;University of Glasgow;glasgow.ac.uk
902eb706-a602-430d-bc55-dc1eb172ef28;e201a90e-840b-4555-8cd3-c50aa8d9b19f;University of Gloucestershire;glos.ac.uk
f931baa6-d5a7-4052-b93a-380aa36a65df;e201a90e-840b-4555-8cd3-c50aa8d9b19f;University of Greater Manchester;greatermanchester.ac.uk,bolton.ac.uk
65374fbb-081b-4fee-b9fa-1729db8cb392;e201a90e-840b-4555-8cd3-c50aa8d9b19f;University of Greenwich;gre.ac.uk,greenwich.ac.uk
0cecb42f-b6d2-4c49-874b-3809c24c9dbd;e201a90e-840b-4555-8cd3-c50aa8d9b19f;University of Hertfordshire;herts.ac.uk
4c9817ac-cd1a-4c2f-8640-fccd7e1bcc14;e201a90e-840b-4555-8cd3-c50aa8d9b19f;University of Huddersfield;hud.ac.uk
5ecdbd86-d88c-4af8-aafd-3ddc9ffb99dd;e201a90e-840b-4555-8cd3-c50aa8d9b19f;University of Hull;hull.ac.uk
2428fc8b-2655-4a5e-9c4e-1d3142ce6588;e201a90e-840b-4555-8cd3-c50aa8d9b19f;University of Kent;kent.ac.uk
3891f61f-9069-4b71-83f5-d0c4d46a52f5;e201a90e-840b-4555-8cd3-c50aa8d9b19f;University of Lancashire;uclan.ac.uk
7d82b5a6-e472-4c7e-8014-d2cd2262a716;e201a90e-840b-4555-8cd3-c50aa8d9b19f;University of Law;law.ac.uk
83f53651-5ce9-40c9-81e5-96db71ba47ee;e201a90e-840b-4555-8cd3-c50aa8d9b19f;University of Leeds;leeds.ac.uk,adm.leeds.ac.uk
da860883-2b61-4304-816b-f650722b7655;e201a90e-840b-4555-8cd3-c50aa8d9b19f;University of Leicester;le.ac.uk,leicester.ac.uk
46731a44-551e-445f-bae8-150ffdb5dbea;e201a90e-840b-4555-8cd3-c50aa8d9b19f;University of Limerick;ul.ie
9ab656e5-8b28-456a-9b5c-50addffa88e2;e201a90e-840b-4555-8cd3-c50aa8d9b19f;University of Lincoln;lincoln.ac.uk
ec4ff78e-fee5-439b-a013-b0c41e72052f;e201a90e-840b-4555-8cd3-c50aa8d9b19f;University of Liverpool;liverpool.ac.uk,liv.ac.uk
c7b5f1e1-3470-4ebf-b3dc-f16a26bd8b3c;e201a90e-840b-4555-8cd3-c50aa8d9b19f;University of London Careers Service;careers.lon.ac.uk,lshtm.ac.uk,london.ac.uk
539b99f1-d623-47b2-8544-6b14a5297dac;e201a90e-840b-4555-8cd3-c50aa8d9b19f;University of Northampton;northampton.ac.uk
67587337-082d-4c21-8766-12c8973d0308;e201a90e-840b-4555-8cd3-c50aa8d9b19f;University of Nottingham;nottingham.ac.uk,nottingham.edu.my,nottingham.edu.cn
b06aa1fb-e2c8-41fb-8f8d-d176342c2e7e;e201a90e-840b-4555-8cd3-c50aa8d9b19f;University of Oxford;careers.ox.ac.uk
9adcef0b-8fa5-4426-834d-c3b02e929ba7;e201a90e-840b-4555-8cd3-c50aa8d9b19f;University of Plymouth;plymouth.ac.uk
c3ddca8c-fcf1-44fe-90d7-112b4c46a44b;e201a90e-840b-4555-8cd3-c50aa8d9b19f;University of Portsmouth;port.ac.uk
612f9b9d-e00f-44f8-b903-a17f72ddda96;e201a90e-840b-4555-8cd3-c50aa8d9b19f;University of Reading;reading.ac.uk,henley.ac.uk
5929d180-84e5-4cde-9fac-75a8289113a9;e201a90e-840b-4555-8cd3-c50aa8d9b19f;University of Roehampton;roehampton.ac.uk
2fda4398-2c83-4229-8560-694a39a0fdbe;e201a90e-840b-4555-8cd3-c50aa8d9b19f;University of Salford;salford.ac.uk
849f01f9-806e-4803-8d25-ade29786bc02;e201a90e-840b-4555-8cd3-c50aa8d9b19f;University of South Wales;southwales.ac.uk
baad1d0a-bc00-4f59-9044-d5ec5f02b89e;e201a90e-840b-4555-8cd3-c50aa8d9b19f;University of Southampton;southampton.ac.uk,soton.ac.uk
d40cb7d5-c927-4494-b028-182364f499b1;e201a90e-840b-4555-8cd3-c50aa8d9b19f;University of St Andrews;st-andrews.ac.uk
411224ad-8653-4e71-8270-10785cf46a72;e201a90e-840b-4555-8cd3-c50aa8d9b19f;University of Staffordshire;staffs.ac.uk
8793abb9-6ba1-4a04-9abd-8a8f048df7f0;e201a90e-840b-4555-8cd3-c50aa8d9b19f;University of Stirling;stir.ac.uk
21e8f2dd-e7a5-4e07-90f4-d6ae4d6b7b0d;e201a90e-840b-4555-8cd3-c50aa8d9b19f;University of Strathclyde;strath.ac.uk
d2f0832d-6ae7-46ed-88a8-f99ffdc9e39f;e201a90e-840b-4555-8cd3-c50aa8d9b19f;University of Suffolk;uos.ac.uk
7bba591c-a8bd-42bc-848d-257bdb78c2f6;e201a90e-840b-4555-8cd3-c50aa8d9b19f;University of Sunderland;sunderland.ac.uk
a0574548-5d23-4258-a2e4-bdde9c32fee1;e201a90e-840b-4555-8cd3-c50aa8d9b19f;University of Surrey;surrey.ac.uk
252518e8-5987-4361-81ed-22ac6693c796;e201a90e-840b-4555-8cd3-c50aa8d9b19f;University of Sussex;sussex.ac.uk
4b21edec-24ab-4efd-a80b-c315034ff82a;e201a90e-840b-4555-8cd3-c50aa8d9b19f;University of the Arts London;arts.ac.uk,fashion.arts.ac.uk,lcc.arts.ac.uk
87782c3e-ea8d-46b1-87b5-c6eb6e109001;e201a90e-840b-4555-8cd3-c50aa8d9b19f;University of the Built Environment;ube.ac.uk
1008fd53-b6f8-41ad-b56c-c24c48078159;e201a90e-840b-4555-8cd3-c50aa8d9b19f;University of the Highlands and Islands;uhi.ac.uk
9e6c6d52-4848-44b1-bfbf-f0a637a08773;e201a90e-840b-4555-8cd3-c50aa8d9b19f;University of the West of England, Bristol;uwe.ac.uk
3d991329-bc95-48d7-9e01-397b2c7fe631;e201a90e-840b-4555-8cd3-c50aa8d9b19f;University of the West of Scotland;uws.ac.uk
76811805-586c-43bd-a5f9-ba179be9a2b2;e201a90e-840b-4555-8cd3-c50aa8d9b19f;University of Wales Trinity Saint David;uwtsd.ac.uk
76ad436f-aee2-4d76-868f-e97168eba707;e201a90e-840b-4555-8cd3-c50aa8d9b19f;University of Warwick;warwick.ac.uk,wbs.ac.uk
58633124-ce76-4566-9db2-54df00efbade;e201a90e-840b-4555-8cd3-c50aa8d9b19f;University of West London;uwl.ac.uk
6dafc123-cddb-4397-8d81-51d7579e61d9;e201a90e-840b-4555-8cd3-c50aa8d9b19f;University of Westminster;westminster.ac.uk
0596f3ea-7e03-454d-aa37-8ba9405a686c;e201a90e-840b-4555-8cd3-c50aa8d9b19f;University of Winchester;winchester.ac.uk,
3cf77043-6ecd-4615-b2ac-7e614dd114c7;e201a90e-840b-4555-8cd3-c50aa8d9b19f;University of Wolverhampton;wlv.ac.uk
1a234706-2e2b-4283-b05a-74bd333082e0;e201a90e-840b-4555-8cd3-c50aa8d9b19f;University of Worcester;worc.ac.uk
bd5234c7-7062-40e3-91a6-1223cbe6f95e;e201a90e-840b-4555-8cd3-c50aa8d9b19f;University of York;york.ac.uk
e833224b-1717-4a1d-bf9b-6bfe5e8604dc;e201a90e-840b-4555-8cd3-c50aa8d9b19f;Wrexham University;glyndwr.ac.uk
c9b89406-a935-40e5-b293-219faee66d6a;e201a90e-840b-4555-8cd3-c50aa8d9b19f;York St John University;yorksj.ac.uk