"Form Name","Submitter Name","Submitter Email","Status","Submission Date","Occupation","Where did you hear about the BNMS Autumn Meeting?","Please rate the standard of the exhibition","Please rate the quality of the complimentary lunch and refreshments","The suitability of the venue (Brangwyn Hall)","Swansea as the location for the Autumn Meeting","Signposting within the venue","Comfort in the lecture theatre","AV quality in the lecture halls","Registration fee value","Overall quality of the sessions","The dinner on Thursday 24th September","Pre-conference communications","Your registration experience","Overall organisation","Do you think the overall quality of the posters was good?","Please rate the overall quality of the programme","What were your favourite experiences or moments about the event?","Learning outcomes ","Improve patient-centred care through real-world evidence","Advance professional practice and innovation","Enhance clinical knowledge of emerging theranostic applications and protocols.","What was your main aim when attending this event?","Were you able to fulfil your aims?","What topics would you like to see covered in future conferences?","What are some aspects we can improve upon for next year?","Do you have any other suggestions or feedback you would like to share?","Presenters only - please rate the pre-conference communications"
"Autumn Meeting Feedback","Nada Aziz","nada.aziz@nbt.nhs.uk","New","2026-10-04 17:55","Technologist","From a colleague","[object Object]","[object Object]","[object Object]","[object Object]","[object Object]","[object Object]","[object Object]","[object Object]","[object Object]","[object Object]","[object Object]","[object Object]","[object Object]","Yes","[object Object]","","","[object Object]","[object Object]","[object Object]","","[object Object]","","","","[object Object]"
"Autumn Meeting Feedback","Kimberley Steele","kimberley.steele@uhb.nhs.uk","New","2026-10-02 12:23","Radiopharmaceutical Scientist","Via the BNMS newsletter or meeting announcements","[object Object]","[object Object]","[object Object]","[object Object]","[object Object]","[object Object]","[object Object]","[object Object]","[object Object]","[object Object]","[object Object]","[object Object]","[object Object]","Yes","[object Object]","There was a good opportunity to meet with exhibitors and network with other delegates.","","[object Object]","[object Object]","[object Object]","Learn beyond my field or interest","[object Object]","Further horizon scanning for clinical trials and developments in radiopharmacy.","The schedule prevented me from attending all talks of interest. Notably, the talks on Friday were all of interest so one stream could have been swapped with one of Thursday's.

The conference dinner was enjoyable, however, there was a number of empty seats, presumably due to being included in registration for the full event when not all people wanted to attend the dinner. This had a detrimental effect on the atmosphere at the dinner.","A small note that presenters seemed to struggle with the control for moving between slides and using the laser pointer.",""
"Autumn Meeting Feedback","Elisa Milan","elisa.milan@aulss2.veneto.it","New","2026-10-01 08:48","Physician & Radiologist","Invited speaker","[object Object]","[object Object]","[object Object]","[object Object]","[object Object]","[object Object]","[object Object]","[object Object]","[object Object]","[object Object]","[object Object]","[object Object]","[object Object]","Yes","[object Object]","","","[object Object]","[object Object]","[object Object]","","[object Object]","","","","[object Object]"
"Autumn Meeting Feedback","Visvalingam Gnanananthan","vgnanananthan@yahoo.co.uk","New","2026-10-01 08:21","Radiologist","On the BNMS website","[object Object]","[object Object]","[object Object]","[object Object]","[object Object]","[object Object]","[object Object]","[object Object]","[object Object]","[object Object]","[object Object]","[object Object]","[object Object]","Yes","[object Object]","","","[object Object]","","[object Object]","To expand my knowledge and find solutions to problems","[object Object]","","","","[object Object]"
"Autumn Meeting Feedback","Charles Willis","charles.willis4@wales.nhs.uk","New","2026-10-01 07:58","Radiographer","On the BNMS website","[object Object]","[object Object]","[object Object]","[object Object]","[object Object]","[object Object]","[object Object]","[object Object]","[object Object]","[object Object]","[object Object]","[object Object]","[object Object]","Yes","[object Object]","Bone Health stream was really useful. The photographer in the evening was a nice idea, cannot wait to see the photos, where will these be available?","","[object Object]","[object Object]","[object Object]","To expand my knowledge and find solutions to problems","[object Object]","a back to basics stream (but we are considering this if we host in 2030)","ensure the lecture rooms are comfortable, the DXA bone health stream rooms were cool but the other was very hot and uncomfortable","",""
"Autumn Meeting Feedback","Michelle Scott-Cleasby","michelle.scott-cleasby@nhs.net","New","2026-09-30 22:55","Clinical Scientist","Via the BNMS newsletter or meeting announcements","[object Object]","[object Object]","[object Object]","[object Object]","[object Object]","[object Object]","[object Object]","[object Object]","[object Object]","[object Object]","[object Object]","[object Object]","[object Object]","Yes","[object Object]","The venue was stunning. The choir at the dinner was amazing.
The sessions were good too!","","[object Object]","[object Object]","[object Object]","To expand my knowledge and find solutions to problems","[object Object]","","","",""
"Autumn Meeting Feedback","David Chuter","dave.chuter@outlook.com","New","2026-09-30 21:09","Retired","email invite","[object Object]","[object Object]","[object Object]","[object Object]","[object Object]","[object Object]","[object Object]","[object Object]","[object Object]","[object Object]","[object Object]","[object Object]","[object Object]","Yes","[object Object]","AS a patient advocate, it was the chance to network.","","[object Object]","[object Object]","[object Object]","Learn beyond my field or interest","[object Object]","","","","[object Object]"
"Autumn Meeting Feedback","Sarah Rees","sarah.rees2@wales.nhs.uk","New","2026-09-30 17:51","Student","From a colleague","[object Object]","[object Object]","[object Object]","[object Object]","[object Object]","[object Object]","[object Object]","[object Object]","[object Object]","[object Object]","[object Object]","[object Object]","[object Object]","Yes","[object Object]","","","[object Object]","[object Object]","[object Object]","To network","[object Object]","Practical examples of implementation of services.","n/a","n/a","[object Object]"
"Autumn Meeting Feedback","Milica Miric","milica.miric@nhs.net","New","2026-09-30 17:42","Physician","From a colleague","[object Object]","[object Object]","[object Object]","[object Object]","[object Object]","[object Object]","[object Object]","[object Object]","[object Object]","[object Object]","[object Object]","[object Object]","[object Object]","Yes","[object Object]","","","[object Object]","[object Object]","[object Object]","To expand my knowledge and find solutions to problems","[object Object]","","","","[object Object]"
"Autumn Meeting Feedback","Zenab Javed","zenab.javed@nhs.net","New","2026-09-30 17:08","Technologist","On the BNMS website","[object Object]","[object Object]","[object Object]","[object Object]","[object Object]","[object Object]","[object Object]","[object Object]","[object Object]","[object Object]","[object Object]","[object Object]","[object Object]","Yes","[object Object]","","","[object Object]","[object Object]","[object Object]","To network","[object Object]","","","There should be prize distribution ceremony for the poster presenters to appreciate their hardwork.","[object Object]"
"Autumn Meeting Feedback","David Kersting","david.kersting@uk-essen.de","New","2026-09-30 16:46","Academic","From a colleague","[object Object]","[object Object]","[object Object]","[object Object]","[object Object]","[object Object]","[object Object]","[object Object]","[object Object]","[object Object]","[object Object]","[object Object]","[object Object]","Yes","[object Object]","","","[object Object]","[object Object]","[object Object]","","[object Object]","","","","[object Object]"
"Autumn Meeting Feedback","Alex Smout","a.smout@nhs.net","New","2026-09-30 16:20","Clinical Scientist","Via the BNMS newsletter or meeting announcements","[object Object]","[object Object]","[object Object]","[object Object]","[object Object]","[object Object]","[object Object]","[object Object]","[object Object]","[object Object]","[object Object]","[object Object]","[object Object]","Yes","[object Object]",".","","[object Object]","[object Object]","[object Object]","To present my ideas and work to others","[object Object]",".",".",".","[object Object]"
"Autumn Meeting Feedback","Morgan James","morgan.james4@wales.nhs.uk","New","2026-09-30 16:03","Clinical Scientist","From a colleague","[object Object]","[object Object]","[object Object]","[object Object]","[object Object]","[object Object]","[object Object]","[object Object]","[object Object]","[object Object]","[object Object]","[object Object]","[object Object]","Yes","[object Object]","I enjoyed hearing from the patient advocate, as well as the talks on the range of radionuclide therapies undertaken in Europe. The musical entertainment as part of the Thursday meal was also exceptional, although they were missing Calon Lan from their repertoire. ","","[object Object]","[object Object]","[object Object]","To present my ideas and work to others","[object Object]","More discussion of PET would have been beneficial.","The second day programme felt a bit short and of a generally lower standard than the first day.","N/A","[object Object]"
"Autumn Meeting Feedback","Mat Test","mmat@isaasi.co.uk","New","2026-09-30 11:35","Radiologist","On X (Twitter)","[object Object]","[object Object]","","","","","","","","","","","","Yes","","sdsd","","[object Object]","[object Object]","","","","sd","sds","sd","[object Object]"
"Autumn Meeting Feedback","Sharon Test2","isaasitesting2@outlook.com","New","2026-09-29 15:54","","","","","[object Object]","","","","","","","","","","","","","","","","","","","","","","",""