"input_name","domain","organization_id","action","stored_name","group_id","domains_verified","result"
"Atlantic Technological University","atu.ie","c0bf1dd8-6ecd-49ef-9a9f-c1df6156df88","reused","ATU ","841c4f58-1b6b-4f60-b94a-55a3de124cc7","true","idempotent replay; no database writes"
"Carlow College, St Patrick’s","carlowcollege.ie","6d92f8bb-6714-55ad-a6b7-b8247e21e429","created","Carlow College, St Patrick’s","841c4f58-1b6b-4f60-b94a-55a3de124cc7","true","idempotent replay; no database writes"
"Dublin City University","dcu.ie","b9cca635-df91-4537-b850-91b5a9f34e32","reused","Dublin City University","841c4f58-1b6b-4f60-b94a-55a3de124cc7","true","idempotent replay; no database writes"
"Dundalk Institute of Technology","dkit.ie","5c7f7fc2-2bda-598a-a534-638f5443cc60","created","Dundalk Institute of Technology","841c4f58-1b6b-4f60-b94a-55a3de124cc7","true","idempotent replay; no database writes"
"Institute of Art, Design and Technology, Dún Laoghaire","iadt.ie","2dad914f-6799-5232-a4b9-adbff2e2a523","created","Institute of Art, Design and Technology, Dún Laoghaire","841c4f58-1b6b-4f60-b94a-55a3de124cc7","true","idempotent replay; no database writes"
"Marino Institute of Education","mie.ie","52489b0d-c1c5-51c6-a122-35d8a041d753","created","Marino Institute of Education","841c4f58-1b6b-4f60-b94a-55a3de124cc7","true","idempotent replay; no database writes"
"Maynooth University","mu.ie","67d8438b-56c0-4e35-95cc-a0190553825d","reused","Maynooth University","841c4f58-1b6b-4f60-b94a-55a3de124cc7","true","idempotent replay; no database writes"
"Munster Technological University","mtu.ie","b60f8987-0c69-42d6-8b2d-198901c19d2a","reused","Munster Technological University","841c4f58-1b6b-4f60-b94a-55a3de124cc7","true","idempotent replay; no database writes"
"National College of Art and Design","ncad.ie","cb726774-f11c-5be2-ae6d-8449603d1fe1","created","National College of Art and Design","841c4f58-1b6b-4f60-b94a-55a3de124cc7","true","idempotent replay; no database writes"
"National College of Ireland","ncirl.ie","405965e3-a868-49d8-8164-d8c031862b7e","reused","National College of Ireland ","841c4f58-1b6b-4f60-b94a-55a3de124cc7","true","idempotent replay; no database writes"
"Queen’s University Belfast","qub.ac.uk","7fa62175-4bb3-41a8-b301-b59c4d739246","reused","Queen's University of Belfast","841c4f58-1b6b-4f60-b94a-55a3de124cc7","true","idempotent replay; no database writes"
"Royal College of Surgeons in Ireland","rcsi.ie","0be5036d-7afb-4135-a474-47d2058e5630","reused","Royal College of Surgeons in Ireland (RCSI)","841c4f58-1b6b-4f60-b94a-55a3de124cc7","true","idempotent replay; no database writes"
"South East Technological University","setu.ie","fc032ca1-a1a1-48c3-b3b1-60a4036188b4","reused","South East Technological University (SETU)","841c4f58-1b6b-4f60-b94a-55a3de124cc7","true","idempotent replay; no database writes"
"Technological University Dublin","tudublin.ie","c3c1bf83-0b2a-5e75-a90a-d052089794a0","created","Technological University Dublin","841c4f58-1b6b-4f60-b94a-55a3de124cc7","true","idempotent replay; no database writes"
"Technological University of the Shannon: Midlands Midwest","tus.ie","08214b75-9b13-450b-af69-09e64d53e902","reused","TUS: Technological University of the Shannon","841c4f58-1b6b-4f60-b94a-55a3de124cc7","true","idempotent replay; no database writes"
"The Open University","open.ac.uk","f9ffd450-a2d4-4829-a5a2-d5f462d1d849","reused","The Open University","841c4f58-1b6b-4f60-b94a-55a3de124cc7","true","idempotent replay; no database writes"
"Trinity College Dublin","tcd.ie","1633d72e-6b1f-43ab-ae2a-d8479006c6a2","reused","Trinity College Dublin","841c4f58-1b6b-4f60-b94a-55a3de124cc7","true","idempotent replay; no database writes"
"Ulster University","ulster.ac.uk","c890d2ea-b4ce-4d2e-bd43-1ef926e41371","reused","Ulster University","841c4f58-1b6b-4f60-b94a-55a3de124cc7","true","idempotent replay; no database writes"
"University College Cork","ucc.ie","1f7c886e-c411-4e4e-9d02-25f31ff12e07","reused","University College Cork","841c4f58-1b6b-4f60-b94a-55a3de124cc7","true","idempotent replay; no database writes"
"University College Dublin","ucd.ie","8b3fc098-bb29-489c-904d-04b87920e002","reused","University College Dublin","841c4f58-1b6b-4f60-b94a-55a3de124cc7","true","idempotent replay; no database writes"
"University of Galway","universityofgalway.ie","62939f53-6711-4767-a780-5c419863ef47","reused","University of Galway","841c4f58-1b6b-4f60-b94a-55a3de124cc7","true","idempotent replay; no database writes"
"University of Limerick","ul.ie","46731a44-551e-445f-bae8-150ffdb5dbea","reused","University of Limerick","841c4f58-1b6b-4f60-b94a-55a3de124cc7","true","idempotent replay; no database writes"
