Record Id,GSF Organisation Name,Member type,Partner type,Funder type,Sub member type,Partner services,Created Time,uid,GSF Organisation Owner.id,GSF Organisation Owner,Number of schools
zcrm_815132000007408173,Apex Education,SO,,,School Network,,2025-09-30 21:09:15,ad34685b3f9aaf07,zcrm_815132000000433001,Sharon Bacon,2
zcrm_815132000007408178,Avasar Foundation,ESO,,,,,2025-09-30 21:09:19,20f0de61abcdef77,zcrm_815132000000433001,Sharon Bacon,
zcrm_815132000007408183,Capital Plus Exchange,ESO,,,,,2025-09-30 21:09:27,59b556b2708c1a83,zcrm_815132000000433001,Sharon Bacon,
zcrm_815132000007408188,DFID,Partner - to be removed,Multilateral and Bilateral,,,,2025-09-30 21:09:37,dd688da8ece14fef,zcrm_815132000000433001,Sharon Bacon,
zcrm_815132000007408193,Hello Future,ESO,,,,,2025-09-30 21:09:55,796dbd72da54c47a,zcrm_815132000000433001,Sharon Bacon,
zcrm_815132000007408198,Hippocampus Learning Centres,SO,,,School Network,,2025-09-30 21:09:56,921cfa1d1afba431,zcrm_815132000000433001,Sharon Bacon,179
zcrm_815132000007408203,IIEP,Partner - to be removed,Multilateral and Bilateral,,,,2025-09-30 21:09:59,4714712e7a2e5594,zcrm_815132000000433001,Sharon Bacon,
zcrm_815132000007408208,Intrinsic Labs,Partner - to be removed,"Research, Advisory and Think Tank",,,,2025-09-30 21:10:04,c4dbfa64865793c8,zcrm_815132000000433001,Sharon Bacon,
zcrm_815132000007408213,LEAD,ESO,,,,,2025-09-30 21:10:09,07211cec33d0ceff,zcrm_815132000000433001,Sharon Bacon,
zcrm_815132000007408218,NFER,ESO,,,,,2025-09-30 21:10:21,0c4a9e0f827a1409,zcrm_815132000000433001,Sharon Bacon,
zcrm_815132000007409101,Amna,ESO,,,,,2025-09-30 21:09:13,8cc5dc5ac932af1c,zcrm_815132000000433001,Sharon Bacon,
zcrm_815132000007409106,Child Fund,ESO,,,,,2025-09-30 21:09:29,619fd747bb8b7612,zcrm_815132000000433001,Sharon Bacon,
zcrm_815132000007409111,Dubai Cares,Partner - to be removed,Funder,Government,,,2025-09-30 21:09:38,67543f9c517b7b53,zcrm_815132000000433001,Sharon Bacon,
zcrm_815132000007409116,Gyan Prakash,ESO,,,,,2025-09-30 21:09:54,efa05baa0e7748f7,zcrm_815132000000433001,Sharon Bacon,
zcrm_815132000007409121,Kizazi,ESO,,,,,2025-09-30 21:10:08,f2454929a386ebd9,zcrm_815132000000433001,Sharon Bacon,
zcrm_815132000007409126,President's Young Professionals Program,SO,,,,,2025-09-30 21:10:28,2e82750e163a43e7,zcrm_815132000000433001,Sharon Bacon,
zcrm_815132000007409131,The Paquerettes Foundation,Partner - to be removed,Funder,Foundation (incl. corporate foundations),,,2025-09-30 21:10:49,7a7c917edf90dde8,zcrm_815132000000433001,Sharon Bacon,
zcrm_815132000007410093,Blavatnik School of Government,Partner - to be removed,"Research, Advisory and Think Tank",,,,2025-09-30 21:09:22,6f79e1ade1a4fe10,zcrm_815132000000433001,Sharon Bacon,
zcrm_815132000007410098,Delivery Associates,Partner - to be removed,"Research, Advisory and Think Tank",,,,2025-09-30 21:09:36,385fbbd7f34fcce0,zcrm_815132000000433001,Sharon Bacon,
zcrm_815132000007410103,Mighty Ally,Partner - to be removed,"Research, Advisory and Think Tank",,,,2025-09-30 21:10:18,e416563ebe889318,zcrm_815132000000433001,Sharon Bacon,
zcrm_815132000007410108,NABU,ESO,,,,,2025-09-30 21:10:21,68f83589557e3316,zcrm_815132000000433001,Sharon Bacon,
zcrm_815132000007410113,Path Youth Organisation,ESO,,,,,2025-09-30 21:10:26,c4273a463481567b,zcrm_815132000000433001,Sharon Bacon,
zcrm_815132000007411118,Aga Khan Education Service Pakistan,SO,,,,,2025-09-30 21:09:07,f9a38b5cf2a957a5,zcrm_815132000000433001,Sharon Bacon,
zcrm_815132000007411123,Bernard van Leer,Partner - to be removed,Funder,Foundation (incl. corporate foundations),,,2025-09-30 21:09:21,434489fb237e2128,zcrm_815132000000433001,Sharon Bacon,
zcrm_815132000007411128,IFFEd,Partner - to be removed,Multilateral and Bilateral,,,,2025-09-30 21:09:59,4db663cea63c7676,zcrm_815132000000433001,Sharon Bacon,
zcrm_815132000007411133,Open Capital,Partner - to be removed,"Research, Advisory and Think Tank",,,,2025-09-30 21:10:25,19675d4dcd560499,zcrm_815132000000433001,Sharon Bacon,
zcrm_815132000007411138,Silverleaf Academy,SO,,,School Network,,2025-09-30 21:10:39,c70c19901825b3cf,zcrm_815132000000433001,Sharon Bacon,3
zcrm_815132000007411143,The MakersPlace,ESO,,,,,2025-09-30 21:10:49,1c5979f41f65d7d5,zcrm_815132000000433001,Sharon Bacon,
zcrm_815132000007411148,UMOVEMENT,ESO,,,,,2025-09-30 21:10:52,3c070fd23ba8c5a5,zcrm_815132000000433001,Sharon Bacon,
zcrm_815132000007412111,CIFF Foundation,Partner - to be removed,Funder,Foundation (incl. corporate foundations),,,2025-09-30 21:09:32,63bcd6a943692314,zcrm_815132000000433001,Sharon Bacon,
zcrm_815132000007412116,Dalberg,Partner - to be removed,"Research, Advisory and Think Tank",,,,2025-09-30 21:09:35,93a694c407e7de41,zcrm_815132000000433001,Sharon Bacon,
zcrm_815132000007412121,Georgetown University/ Moving Minds Alliance/ Standford,Partner - to be removed,"Research, Advisory and Think Tank",,,,2025-09-30 21:09:51,af31333627727df9,zcrm_815132000000433001,Sharon Bacon,
zcrm_815132000007413134,Antarang Foundation,ESO,,,,,2025-09-30 21:09:14,1c5469aaeaa51c05,zcrm_815132000000433001,Sharon Bacon,
zcrm_815132000007413139,Asante Africa Foundation,ESO,,,,,2025-09-30 21:09:17,999cce5272f7aacf,zcrm_815132000000433001,Sharon Bacon,
zcrm_815132000007413144,Atlassian Foundation,Partner - to be removed,Funder,Foundation (incl. corporate foundations),,,2025-09-30 21:09:19,afdc7a35c4f5d6a6,zcrm_815132000000433001,Sharon Bacon,
zcrm_815132000007413149,Daraja Civic Initiative,ESO,,,,,2025-09-30 21:09:35,eee7b6d4b12f5c0f,zcrm_815132000000433001,Sharon Bacon,
zcrm_815132000007413154,Edukans Education services,ESO,,,,,2025-09-30 21:09:45,cc8630f013c3c92b,zcrm_815132000000433001,Sharon Bacon,
zcrm_815132000007413159,EVPA,Partner - to be removed,"Global, National or Regional Network",,,,2025-09-30 21:09:48,288f639c57f949c6,zcrm_815132000000433001,Sharon Bacon,
zcrm_815132000007413164,Flying Kites,SO,,,,,2025-09-30 21:09:49,34050adc707599ed,zcrm_815132000000433001,Sharon Bacon,
zcrm_815132000007413169,Futures Infinite Ltd,ESO,,,,,2025-09-30 21:09:51,76da468f5ad9c4ef,zcrm_815132000000433001,Sharon Bacon,
zcrm_815132000007413174,MC2H Foundation,Partner - to be removed,Funder,,,,2025-09-30 21:10:16,0f021ad1c9dd4534,zcrm_815132000000433001,Sharon Bacon,
zcrm_815132000007413179,Octava Foundation,Partner - to be removed,Funder,Foundation (incl. corporate foundations),,,2025-09-30 21:10:24,d1bae438ae07d704,zcrm_815132000000433001,Sharon Bacon,
zcrm_815132000007413184,Pratham International,ESO,,,,,2025-09-30 21:10:28,9ca35002ae4a6cc2,zcrm_815132000000433001,Sharon Bacon,
zcrm_815132000007413189,Public school partnerships,Partner - to be removed,Funder,Foundation (incl. corporate foundations),,,2025-09-30 21:10:30,ed7a0f6bea584d0c,zcrm_815132000000433001,Sharon Bacon,
zcrm_815132000007413194,Steam Labs,ESO,,,,,2025-09-30 21:10:42,e8e4e04f80ff594e,zcrm_815132000000433001,Sharon Bacon,
zcrm_815132000007414086,Colegio CREE,SO,,,Standalone School,,2025-09-30 21:09:32,5a9fa3bc53e1264c,zcrm_815132000000433001,Sharon Bacon,1
zcrm_815132000007414091,Darsel,ESO,,,,,2025-09-30 21:09:35,b235b3a276f3a301,zcrm_815132000000433001,Sharon Bacon,
zcrm_815132000007414096,Grand Challenges Canada,Partner - to be removed,Funder,Government,,,2025-09-30 21:09:53,7ae9479493345d5e,zcrm_815132000000433001,Sharon Bacon,
zcrm_815132000007414101,Gyan Shala,ESO,,,ESO with Schools,,2025-09-30 21:09:55,242ef275c89c4cdb,zcrm_815132000000433001,Sharon Bacon,
zcrm_815132000007414106,Impact Philanthropy Africa,Partner - to be removed,"Global, National or Regional Network",,,,2025-09-30 21:10:02,53b514c75425e556,zcrm_815132000000433001,Sharon Bacon,
zcrm_815132000007414111,Leadership for Equity,ESO,,,,,2025-09-30 21:10:09,5d14f579de01443f,zcrm_815132000000433001,Sharon Bacon,
zcrm_815132000007414116,VVOB,ESO,,,,,2025-09-30 21:10:56,314a8a699c3817c7,zcrm_815132000000433001,Sharon Bacon,
zcrm_815132000007415110,Benetech,ESO,,,,,2025-09-30 21:09:21,1d929a892f707723,zcrm_815132000000433001,Sharon Bacon,
zcrm_815132000007415115,Lively Minds,ESO,,,,,2025-09-30 21:10:14,cf70f279b165ae0a,zcrm_815132000000433001,Sharon Bacon,
zcrm_815132000007415120,Planting Seeds International,SO,,,School Network,,2025-09-30 21:10:27,782a7d906b0391f1,zcrm_815132000000433001,Sharon Bacon,10
zcrm_815132000007415125,School for Life Foundation,SO,,,School Network,,2025-09-30 21:10:36,aa61e0af17ab567d,zcrm_815132000000433001,Sharon Bacon,3
zcrm_815132000007415130,STiR Education,ESO,,,,,2025-09-30 21:10:42,ae0f6bc662d91cb4,zcrm_815132000000433001,Sharon Bacon,
zcrm_815132000007415135,The Open University,Partner - to be removed,"Research, Advisory and Think Tank",,,,2025-09-30 21:10:49,af670e26751a2211,zcrm_815132000000433001,Sharon Bacon,
zcrm_815132000007416126,Involve,ESO,,,,,2025-09-30 21:10:04,ce570d3c876934d4,zcrm_815132000000433001,Sharon Bacon,
zcrm_815132000007416131,Jacobs Foundation,Partner - to be removed,Funder,Foundation (incl. corporate foundations),,,2025-09-30 21:10:05,16d411a9d33ac15b,zcrm_815132000000433001,Sharon Bacon,
zcrm_815132000007416136,Kurasa Africa,ESO,,,,,2025-09-30 21:10:08,624ee844947b5f57,zcrm_815132000000433001,Sharon Bacon,
zcrm_815132000007416141,Olinga Foundation for Human Development,ESO,,,,,2025-09-30 21:10:24,d5488c0876cdc141,zcrm_815132000000433001,Sharon Bacon,
zcrm_815132000007416146,Rightway Schools,SO,,,Standalone School,,2025-09-30 21:10:32,dca3ce2398ec559e,zcrm_815132000000433001,Sharon Bacon,1
zcrm_815132000007416151,Village Schools International,SO,,,,,2025-09-30 21:10:55,09835cb5ac43de8d,zcrm_815132000000433001,Sharon Bacon,
zcrm_815132000007416156,Vitol Foundation,Partner - to be removed,Funder,,,,2025-09-30 21:10:56,4d43e2a12eef8b65,zcrm_815132000000433001,Sharon Bacon,
zcrm_815132000007416161,World Vision,Partner - to be removed,"Global, National or Regional Network",,,,2025-09-30 21:10:58,7fb4067131408f81,zcrm_815132000000433001,Sharon Bacon,
zcrm_815132000007417121,Beehive School,SO,,,Standalone School,,2025-09-30 21:09:20,2f163cef2430ac49,zcrm_815132000000433001,Sharon Bacon,1
zcrm_815132000007417126,Dyslexia Organisation Kenya,ESO,,,ESO with Schools,,2025-09-30 21:09:39,094d8d648e5eeb32,zcrm_815132000000433001,Sharon Bacon,
zcrm_815132000007417131,Education Above All,Partner - to be removed,Funder,,,,2025-09-30 21:09:43,fffa6d42a8c37385,zcrm_815132000000433001,Sharon Bacon,
zcrm_815132000007417136,Education Bridge,SO,,,School Network,,2025-09-30 21:09:43,66278ea9ccbd8dfe,zcrm_815132000000433001,Sharon Bacon,2
zcrm_815132000007417141,OECD,Partner - to be removed,Multilateral and Bilateral,,,,2025-09-30 21:10:24,0eff7e19e86fa08d,zcrm_815132000000433001,Sharon Bacon,
zcrm_815132000007417146,Proteus Advisory,Partner - to be removed,"Research, Advisory and Think Tank",,,,2025-09-30 21:10:29,7b5621339978f59c,zcrm_815132000000433001,Sharon Bacon,
zcrm_815132000007417151,Save the Childern Global Ventures,Partner - to be removed,Funder,Investor,,,2025-09-30 21:10:35,cbe3d6d2adbec57b,zcrm_815132000000433001,Sharon Bacon,
zcrm_815132000007421123,Africa Dyslexia Organisation,ESO,,,,,2025-09-30 21:09:04,04cb2a1553973ffe,zcrm_815132000000433001,Sharon Bacon,
zcrm_815132000007421128,Bridge Span,Partner - to be removed,"Research, Advisory and Think Tank",,,,2025-09-30 21:09:25,8de1580741d46fd6,zcrm_815132000000433001,Sharon Bacon,
zcrm_815132000007421133,Committee Chair,ESO,,,,,2025-09-30 21:09:33,1d883707a405272b,zcrm_815132000000433001,Sharon Bacon,
zcrm_815132000007421138,County Directors,Partner - to be removed,Government Stakeholder,,,,2025-09-30 21:09:34,b6a5f4d241e98b16,zcrm_815132000000433001,Sharon Bacon,
zcrm_815132000007421143,Educate!,ESO,,,,,2025-09-30 21:09:43,1442edb6e630d05a,zcrm_815132000000433001,Sharon Bacon,
zcrm_815132000007421148,Inherent Foundation,Partner - to be removed,Funder,,,,2025-09-30 21:10:02,4e7c5c6a7791e05a,zcrm_815132000000433001,Sharon Bacon,
zcrm_815132000007421153,Pursue,ESO,,,ESO with Schools,,2025-09-30 21:10:30,102724aea19deb7a,zcrm_815132000000433001,Sharon Bacon,
zcrm_815132000007421158,Raspberry Pi Foundation,Partner - to be removed,Funder,Foundation (incl. corporate foundations),,,2025-09-30 21:10:31,23c55b4b1f022421,zcrm_815132000000433001,Sharon Bacon,
zcrm_815132000007421163,Simple Education Foundation,ESO,,,,,2025-09-30 21:10:39,81ac43c9f31b5740,zcrm_815132000000433001,Sharon Bacon,
zcrm_815132000007421168,Stellenbosch University,Partner - to be removed,"Research, Advisory and Think Tank",,,,2025-09-30 21:10:42,81c225bf3a119c72,zcrm_815132000000433001,Sharon Bacon,
zcrm_815132000007421173,Worldreader,ESO,,,,,2025-09-30 21:10:59,7b0f17d800ccd1e7,zcrm_815132000000433001,Sharon Bacon,
zcrm_815132000007422168,Building Tomorrow,ESO,,,ESO with Schools,,2025-09-30 21:09:26,cceb73f68be8f2da,zcrm_815132000000433001,Sharon Bacon,
zcrm_815132000007422173,Guillame Pousaz,Partner - to be removed,Funder,HNWI / Family Office,,,2025-09-30 21:09:54,d65b74ef39d407a2,zcrm_815132000000433001,Sharon Bacon,
zcrm_815132000007422178,"IDP Foundation, Inc",ESO,,,,,2025-09-30 21:09:58,448a30a1180cec3b,zcrm_815132000000433001,Sharon Bacon,
zcrm_815132000007422183,Inicio Partners,Partner - to be removed,"Research, Advisory and Think Tank",,,,2025-09-30 21:10:02,b5825dc2c6a3e52d,zcrm_815132000000433001,Sharon Bacon,
zcrm_815132000007422188,Life Builders Initiative,SO,,,School Network,,2025-09-30 21:10:12,3e79c352fac9a727,zcrm_815132000000433001,Sharon Bacon,13
zcrm_815132000007422193,Little Barn Kindergarten,SO,,,Standalone School,,2025-09-30 21:10:13,355eb326626018ea,zcrm_815132000000433001,Sharon Bacon,1
zcrm_815132000007422198,Michael & Susan Dell Foundation,Partner - to be removed,Funder,Foundation (incl. corporate foundations),,,2025-09-30 21:10:18,76f5c2f34aeeeabc,zcrm_815132000000433001,Sharon Bacon,
zcrm_815132000007423170,Echidna Giving,Partner - to be removed,Funder,Foundation (incl. corporate foundations),,,2025-09-30 21:09:40,664e4f10c5968f40,zcrm_815132000000433001,Sharon Bacon,
zcrm_815132000007423175,Innovations for Poverty Action,Partner - to be removed,"Research, Advisory and Think Tank",,,,2025-09-30 21:10:03,8e2b0a6f2bd90084,zcrm_815132000000433001,Sharon Bacon,
zcrm_815132000007423180,International Education Funders Group,Partner - to be removed,"Global, National or Regional Network",,,,2025-09-30 21:10:04,343a57420da8ffe1,zcrm_815132000000433001,Sharon Bacon,
zcrm_815132000007423185,Kashf,ESO,,,,,2025-09-30 21:10:06,c1693b440cd239f7,zcrm_815132000000433001,Sharon Bacon,
zcrm_815132000007423190,Van Leer Foundation,Partner - to be removed,Funder,Foundation (incl. corporate foundations),,,2025-09-30 21:10:55,7879ee0f041b3970,zcrm_815132000000433001,Sharon Bacon,
zcrm_815132000007424121,BRAC,ESO,,,ESO with Schools,,2025-09-30 21:09:24,b436015d6df3d63e,zcrm_815132000000433001,Sharon Bacon,
zcrm_815132000007424126,Common Good,SO,,,School Network,,2025-09-30 21:09:33,464910b8d4719c57,zcrm_815132000000433001,Sharon Bacon,3
zcrm_815132000007424131,Grofin,ESO,,,,,2025-09-30 21:09:54,068b47eb546f6374,zcrm_815132000000433001,Sharon Bacon,
zcrm_815132000007424136,Leap Schools SA,SO,,,,,2025-09-30 21:10:10,7e3588b451d01275,zcrm_815132000000433001,Sharon Bacon,
zcrm_815132000007424141,Moving Minds Alliance,SO,,,,,2025-09-30 21:10:20,a719ebef1682e883,zcrm_815132000000433001,Sharon Bacon,
zcrm_815132000007424146,NADEV,ESO,,,,,2025-09-30 21:10:21,eef6d0878f4e767a,zcrm_815132000000433001,Sharon Bacon,
zcrm_815132000007424151,The Reading Factory,ESO,,,,,2025-09-30 21:10:49,b4014d0ec9064f84,zcrm_815132000000433001,Sharon Bacon,
zcrm_815132000007424156,Transform Schools,ESO,,,,,2025-09-30 21:10:51,84cb38196dbb464f,zcrm_815132000000433001,Sharon Bacon,
zcrm_815132000007424161,University of Gondar,Partner - to be removed,"Research, Advisory and Think Tank",,,,2025-09-30 21:10:54,269bd7e70febe079,zcrm_815132000000433001,Sharon Bacon,
zcrm_815132000007425147,AKO Foundation,Partner - to be removed,Funder,Foundation (incl. corporate foundations),,,2025-09-30 21:09:10,18a95fbca79c87c9,zcrm_815132000000433001,Sharon Bacon,
zcrm_815132000007425152,FCDO,Partner - to be removed,Government Stakeholder,,,,2025-09-30 21:09:48,77e47f4667f99591,zcrm_815132000000433001,Sharon Bacon,
zcrm_815132000007425157,Fondation Botner,Partner - to be removed,Funder,HNWI / Family Office,,,2025-09-30 21:09:49,113152d5f9182abe,zcrm_815132000000433001,Sharon Bacon,
zcrm_815132000007425162,Molo Mhlaba,SO,,,,,2025-09-30 21:10:19,b88edf83c169f132,zcrm_815132000000433001,Sharon Bacon,
zcrm_815132000007425172,Rede Decisão,SO,,,School Network,,2025-09-30 21:10:31,697c7c7ce8382407,zcrm_815132000000433001,Sharon Bacon,21
zcrm_815132000007425177,Sarthak Shiksha,ESO,,,,,2025-09-30 21:10:35,f6d3e19a62d33108,zcrm_815132000000433001,Sharon Bacon,
zcrm_815132000007425182,SlumChild Foundation,ESO,,,,,2025-09-30 21:10:40,3b22198f4db72020,zcrm_815132000000433001,Sharon Bacon,
zcrm_815132000007426101,Dignitas,ESO,,,,,2025-09-30 21:09:37,894801d56b0ce45b,zcrm_815132000000433001,Sharon Bacon,
zcrm_815132000007426106,Ewangan Child Development Programme,ESO,,,,,2025-09-30 21:09:48,b8566d32c82e2723,zcrm_815132000000433001,Sharon Bacon,
zcrm_815132000007426111,Global Partnership,Partner - to be removed,Multilateral and Bilateral,,,,2025-09-30 21:09:52,e518d85ace197e12,zcrm_815132000000433001,Sharon Bacon,
zcrm_815132000007426116,Minderoo Foundaton,Partner - to be removed,Funder,Foundation (incl. corporate foundations),,,2025-09-30 21:10:18,768d4173c9382117,zcrm_815132000000433001,Sharon Bacon,
zcrm_815132000007426121,Oak Foundation,Partner - to be removed,Funder,Foundation (incl. corporate foundations),,,2025-09-30 21:10:23,eb1920aaa73b27ff,zcrm_815132000000433001,Sharon Bacon,
zcrm_815132000007426126,Read Foundation,SO,,,,,2025-09-30 21:10:31,cfdc13d40483a9ae,zcrm_815132000000433001,Sharon Bacon,
zcrm_815132000007426131,RTI,Partner - to be removed,"Research, Advisory and Think Tank",,,,2025-09-30 21:10:33,a1821898d23e5241,zcrm_815132000000433001,Sharon Bacon,
zcrm_815132000007426136,Segal Family Foundation,Partner - to be removed,Funder,Foundation (incl. corporate foundations),,,2025-09-30 21:10:37,c45bf1da2a544b55,zcrm_815132000000433001,Sharon Bacon,
zcrm_815132000007426141,Teach For America,Partner - to be removed,"Global, National or Regional Network",,,,2025-09-30 21:10:45,43d64611c3da503f,zcrm_815132000000433001,Sharon Bacon,
zcrm_815132000007426146,The Akanksha Foundation,SO,,,School Network,,2025-09-30 21:10:47,cc0115e3f5791003,zcrm_815132000000433001,Sharon Bacon,27
zcrm_815132000007427127,Ark,SO,,,,,2025-09-30 21:09:16,4f55098895131133,zcrm_815132000000433001,Sharon Bacon,
zcrm_815132000007427132,LGTVP,Partner - to be removed,Funder,Corporate,,,2025-09-30 21:10:12,23bd8e689da68cdb,zcrm_815132000000433001,Sharon Bacon,
zcrm_815132000007427137,White Loop,ESO,,,,,2025-09-30 21:10:57,c464ce1fcedabe36,zcrm_815132000000433001,Sharon Bacon,
zcrm_815132000007427142,XTX Markets,Partner - to be removed,Funder,Foundation (incl. corporate foundations),,,2025-09-30 21:10:59,d86916b4070759d1,zcrm_815132000000433001,Sharon Bacon,
zcrm_815132000007436146,Aloha Foundation,ESO,,,,,2025-09-30 21:09:12,181d6270bda536cf,zcrm_815132000000433001,Sharon Bacon,
zcrm_815132000007436151,Blue Orchard Capital,Partner - to be removed,Funder,Corporate,,,2025-09-30 21:09:23,2cf8cd4874eec9f9,zcrm_815132000000433001,Sharon Bacon,
zcrm_815132000007436156,Kenya Connect,ESO,,,,,2025-09-30 21:10:07,03357fb334447980,zcrm_815132000000433001,Sharon Bacon,
zcrm_815132000007436161,Roberston Foundation,Partner - to be removed,Funder,HNWI / Family Office,,,2025-09-30 21:10:32,ecd5cc0ceb98a26e,zcrm_815132000000433001,Sharon Bacon,
zcrm_815132000007436166,SHOFCO,SO,,,School Network,,2025-09-30 21:10:39,7196ebecba869e4f,zcrm_815132000000433001,Sharon Bacon,2
zcrm_815132000007436171,United World Schools,SO,,,School Network,,2025-09-30 21:10:53,52fd9b7ca3ff6e6e,zcrm_815132000000433001,Sharon Bacon,311
zcrm_815132000007437133,ALA,ESO,,,,,2025-09-30 21:09:11,5dc3aa651ccf4a04,zcrm_815132000000433001,Sharon Bacon,
zcrm_815132000007437138,Challenge Works,Partner - to be removed,Funder,,,,2025-09-30 21:09:29,b73e9e2551fd134e,zcrm_815132000000433001,Sharon Bacon,
zcrm_815132000007437143,Indus World School,SO,,,School Network,,2025-09-30 21:10:02,c9a52ae16480927d,zcrm_815132000000433001,Sharon Bacon,6
zcrm_815132000007437148,Kids Collab,ESO,,,,,2025-09-30 21:10:08,07c097cc8ded6729,zcrm_815132000000433001,Sharon Bacon,
zcrm_815132000007437153,Momentum,Partner - to be removed,"Research, Advisory and Think Tank",,,,2025-09-30 21:10:19,847dee6fcecc1e45,zcrm_815132000000433001,Sharon Bacon,
zcrm_815132000007437158,Muktangan Education Trust,SO,,,School Network,,2025-09-30 21:10:20,d69431841fb703f3,zcrm_815132000000433001,Sharon Bacon,7
zcrm_815132000007437163,Muni Public School,SO,,,Standalone School,,2025-09-30 21:10:20,be5b43364f506bd4,zcrm_815132000000433001,Sharon Bacon,1
zcrm_815132000007438069,Big Win,ESO,,,,,2025-09-30 21:09:22,42ee4cc18ba9a45b,zcrm_815132000000433001,Sharon Bacon,
zcrm_815132000007438074,Educare Learning Centre,SO,,,,,2025-09-30 21:09:42,7bddbc01e5ea6a25,zcrm_815132000000433001,Sharon Bacon,
zcrm_815132000007438079,ESSA Africa,Partner - to be removed,"Research, Advisory and Think Tank",,,,2025-09-30 21:09:47,4bef25e70e1ef8d8,zcrm_815132000000433001,Sharon Bacon,
zcrm_815132000007438084,Lekki Peninsula College,SO,,,Standalone School,,2025-09-30 21:10:11,c165569ffc630e66,zcrm_815132000000433001,Sharon Bacon,2
zcrm_815132000007438089,Practical Education Network,ESO,,,,,2025-09-30 21:10:28,4c70e99b69751ecf,zcrm_815132000000433001,Sharon Bacon,
zcrm_815132000007438094,T4 Education,Partner - to be removed,"Global, National or Regional Network",,,,2025-09-30 21:10:43,e0315e01ed004c8b,zcrm_815132000000433001,Sharon Bacon,
zcrm_815132000007438099,UNESCO,Partner - to be removed,Multilateral and Bilateral,,,,2025-09-30 21:10:53,e46fb585311a09ca,zcrm_815132000000433001,Sharon Bacon,
zcrm_815132000007439076,Ecole Yassamine,SO,,,,,2025-09-30 21:09:40,e258f9955cc03d09,zcrm_815132000000433001,Sharon Bacon,
zcrm_815132000007439081,Ed Partners Africa,ESO,,,,,2025-09-30 21:09:41,6385165b709e30ff,zcrm_815132000000433001,Sharon Bacon,
zcrm_815132000007439086,Global Innovation Fund,Partner - to be removed,Funder,,,,2025-09-30 21:09:52,b2b6208a3eb821b6,zcrm_815132000000433001,Sharon Bacon,
zcrm_815132000007439091,Hilltop Schools,SO,,,Standalone School,,2025-09-30 21:09:56,6e535932557ab442,zcrm_815132000000433001,Sharon Bacon,1
zcrm_815132000007439096,Meerkat Learning,ESO,,,,,2025-09-30 21:10:16,00ee9f76de247640,zcrm_815132000000433001,Sharon Bacon,
zcrm_815132000007439101,Plane Nigeria,Partner - to be removed,Multilateral and Bilateral,,,,2025-09-30 21:10:27,8d52684dd4ac9110,zcrm_815132000000433001,Sharon Bacon,
zcrm_815132000007439106,Rare,Partner - to be removed,Funder,Foundation (incl. corporate foundations),,,2025-09-30 21:10:30,1667765a142dd85d,zcrm_815132000000433001,Sharon Bacon,
zcrm_815132000007439111,TaRL,ESO,,,,,2025-09-30 21:10:44,09dedaaeb6aa2cd8,zcrm_815132000000433001,Sharon Bacon,
zcrm_815132000007440140,AfriKids UK,ESO,,,,,2025-09-30 21:09:06,c76b35ec9fd1274e,zcrm_815132000000433001,Sharon Bacon,
zcrm_815132000007440145,NaSIA,Partner - to be removed,Government Stakeholder,,,,2025-09-30 21:10:21,f9238e63fdf83442,zcrm_815132000000433001,Sharon Bacon,
zcrm_815132000007440150,Schmidt Futures,Partner - to be removed,Funder,Foundation (incl. corporate foundations),,,2025-09-30 21:10:35,2165a91c0a3fac5b,zcrm_815132000000433001,Sharon Bacon,
zcrm_815132000007440155,School for Life - Ghana,ESO,,,,,2025-09-30 21:10:36,06235a3738d865a7,zcrm_815132000000433001,Sharon Bacon,
zcrm_815132000007440160,Teach For Zimbabwe,ESO,,,,,2025-09-30 21:10:46,6f0642205ded3e7e,zcrm_815132000000433001,Sharon Bacon,
zcrm_815132000007441183,Allan & Gill Gray Philanthropies,Partner - to be removed,Funder,,,,2025-09-30 21:09:11,4c2c77ffcaa7eb88,zcrm_815132000000433001,Sharon Bacon,
zcrm_815132000007441188,Early Start Africa,Partner - to be removed,Funder,Foundation (incl. corporate foundations),,,2025-09-30 21:09:39,e54df8eb9be25e36,zcrm_815132000000433001,Sharon Bacon,
zcrm_815132000007441193,EdFin Microfinance Bank Limited,ESO,,,,,2025-09-30 21:09:41,6dc592134479e3eb,zcrm_815132000000433001,Sharon Bacon,
zcrm_815132000007441198,EducAid Sierra Leone,SO,,,School Network,,2025-09-30 21:09:42,9621cff721e5a610,zcrm_815132000000433001,Sharon Bacon,1594
zcrm_815132000007441203,KuzeKuze,ESO,,,,,2025-09-30 21:10:09,ad0fbc64d24167c0,zcrm_815132000000433001,Sharon Bacon,
zcrm_815132000007441208,LGT Impact Ventures,Partner - to be removed,Funder,Corporate,,,2025-09-30 21:10:11,edd2d512ace8e412,zcrm_815132000000433001,Sharon Bacon,
zcrm_815132000007441213,Rocket Learning,ESO,,,,,2025-09-30 21:10:33,c9aea2f073f9d9a1,zcrm_815132000000433001,Sharon Bacon,
zcrm_815132000007441218,Skillsforus,ESO,,,,,2025-09-30 21:10:40,6a78cbf938b29353,zcrm_815132000000433001,Sharon Bacon,
zcrm_815132000007441223,University of Arkansas,Partner - to be removed,Multilateral and Bilateral,,,,2025-09-30 21:10:53,5cb1ba2340d5d7cd,zcrm_815132000000433001,Sharon Bacon,
zcrm_815132000007441228,Usawa Agenda,ESO,,,,,2025-09-30 21:10:54,2341c522b266b525,zcrm_815132000000433001,Sharon Bacon,
zcrm_815132000007442101,Cohere,Partner - to be removed,"Global, National or Regional Network",,,,2025-09-30 21:09:32,f3a7dd495576a99f,zcrm_815132000000433001,Sharon Bacon,
zcrm_815132000007442106,Education.org,Partner - to be removed,"Research, Advisory and Think Tank",,,,2025-09-30 21:09:44,a94b42dd5b63d238,zcrm_815132000000433001,Sharon Bacon,
zcrm_815132000007442111,IEFG,Partner - to be removed,"Global, National or Regional Network",,,,2025-09-30 21:09:59,efc41a284aeb877c,zcrm_815132000000433001,Sharon Bacon,
zcrm_815132000007443090,Duara Education,ESO,,,ESO with Schools,,2025-09-30 21:09:38,9a236ac33060ff0f,zcrm_815132000000433001,Sharon Bacon,
zcrm_815132000007443095,Education Cannot Wait,ESO,,,,,2025-09-30 21:09:43,81243b7fdc44b64a,zcrm_815132000000433001,Sharon Bacon,
zcrm_815132000007443100,EOF,Partner - to be removed,Multilateral and Bilateral,,,,2025-09-30 21:09:47,f81a0f7f6fcb5124,zcrm_815132000000433001,Sharon Bacon,
zcrm_815132000007443105,Global Teachers Institute,SO,,,,,2025-09-30 21:09:53,a1d7163cae9f0e02,zcrm_815132000000433001,Sharon Bacon,
zcrm_815132000007443110,Gower Street,Partner - to be removed,Funder,HNWI / Family Office,,,2025-09-30 21:09:53,15037b2bc1f6db5f,zcrm_815132000000433001,Sharon Bacon,
zcrm_815132000007443115,Indian School Finance Company,ESO,,,,,2025-09-30 21:10:02,ebb8753661f13432,zcrm_815132000000433001,Sharon Bacon,
zcrm_815132000007443120,Metis Fund,Partner - to be removed,Individual consultant,,,,2025-09-30 21:10:18,e848eab8a5591bc2,zcrm_815132000000433001,Sharon Bacon,
zcrm_815132000007443125,Partnerships associate,Partner - to be removed,Individual consultant,,,,2025-09-30 21:10:26,085995f3be2f3c04,zcrm_815132000000433001,Sharon Bacon,
zcrm_815132000007443130,Pousaz Foundation,Partner - to be removed,Funder,Foundation (incl. corporate foundations),,,2025-09-30 21:10:28,d2091a8518c12c83,zcrm_815132000000433001,Sharon Bacon,
zcrm_815132000007443135,Schole,SO,,,School Network,,2025-09-30 21:10:36,1e013d2705e08acd,zcrm_815132000000433001,Sharon Bacon,3
zcrm_815132000007443140,WISE,Partner - to be removed,"Global, National or Regional Network",,,,2025-09-30 21:10:57,2255cdc54782fb07,zcrm_815132000000433001,Sharon Bacon,
zcrm_815132000007444118,Aga Khan Foundation,SO,,,,,2025-09-30 21:09:08,2c86930c19eb52a3,zcrm_815132000000433001,Sharon Bacon,
zcrm_815132000007444123,APHRC,Partner - to be removed,"Research, Advisory and Think Tank",,,,2025-09-30 21:09:15,18da526da19b6824,zcrm_815132000000433001,Sharon Bacon,
zcrm_815132000007444128,Hempel Foundation,Partner - to be removed,Funder,Foundation (incl. corporate foundations),,,2025-09-30 21:09:55,86488ae497ab6ec0,zcrm_815132000000433001,Sharon Bacon,
zcrm_815132000007444133,Liceo Impulso,SO,,,,,2025-09-30 21:10:12,38c2cd8f868dc603,zcrm_815132000000433001,Sharon Bacon,
zcrm_815132000007444138,Link Community Development Malawi,ESO,,,,,2025-09-30 21:10:12,65363dc857bcff54,zcrm_815132000000433001,Sharon Bacon,
zcrm_815132000007444143,Mulago Foundation,Partner - to be removed,Funder,Foundation (incl. corporate foundations),,,2025-09-30 21:10:20,cd5599fb81ea0591,zcrm_815132000000433001,Sharon Bacon,
zcrm_815132000007444148,Pharo Foundation,ESO,,,ESO with Schools,,2025-09-30 21:10:26,a5f476c1d7bcbf6c,zcrm_815132000000433001,Sharon Bacon,
zcrm_815132000007444153,Previal Fund,Partner - to be removed,Funder,Foundation (incl. corporate foundations),,,2025-09-30 21:10:29,66a055926b9717bc,zcrm_815132000000433001,Sharon Bacon,
zcrm_815132000007445143,Aflatoun International,ESO,,,,,2025-09-30 21:09:03,60fbd6fba47cc10a,zcrm_815132000000433001,Sharon Bacon,
zcrm_815132000007445148,Aga Khan Education Services,SO,,,School Network,,2025-09-30 21:09:07,b099c9c80e3aac8c,zcrm_815132000000433001,Sharon Bacon,200
zcrm_815132000007445153,Busara Center,Partner - to be removed,"Research, Advisory and Think Tank",,,,2025-09-30 21:09:26,77683462bab5c159,zcrm_815132000000433001,Sharon Bacon,
zcrm_815132000007445158,ChildFund Ethiopia,Partner - to be removed,"Global, National or Regional Network",,,,2025-09-30 21:09:30,a5a383f40834e256,zcrm_815132000000433001,Sharon Bacon,
zcrm_815132000007445163,Earth Warriors,ESO,,,,,2025-09-30 21:09:39,bd6bbcc34b3fd608,zcrm_815132000000433001,Sharon Bacon,
zcrm_815132000007445168,Edulution,ESO,,,,,2025-09-30 21:09:45,6f3b3fd41a3b661f,zcrm_815132000000433001,Sharon Bacon,
zcrm_815132000007445173,Fundación ICAL,SO,,,Standalone School,,2025-09-30 21:09:50,3569260661abce50,zcrm_815132000000433001,Sharon Bacon,1
zcrm_815132000007445178,Injini,Partner - to be removed,"Research, Advisory and Think Tank",,,,2025-09-30 21:10:03,34dcf5dc0997ee22,zcrm_815132000000433001,Sharon Bacon,
zcrm_815132000007445183,Inspiring Teachers,ESO,,,,,2025-09-30 21:10:03,641a316cf07c5eea,zcrm_815132000000433001,Sharon Bacon,
zcrm_815132000007445188,Labhya Foundation,ESO,,,,,2025-09-30 21:10:09,5706c4fadf0c32b8,zcrm_815132000000433001,Sharon Bacon,
zcrm_815132000007445193,Lend a Hand India,ESO,,,,,2025-09-30 21:10:11,f77b4eff44b408d4,zcrm_815132000000433001,Sharon Bacon,
zcrm_815132000007445198,Literacy and Adult Basic Education,ESO,,,,,2025-09-30 21:10:13,2d535bd20136b24c,zcrm_815132000000433001,Sharon Bacon,
zcrm_815132000007445203,Schools2030,Partner - to be removed,"Global, National or Regional Network",,,,2025-09-30 21:10:37,3da89f386b53935c,zcrm_815132000000433001,Sharon Bacon,
zcrm_815132000007445208,The Education Alliance,ESO,,,,,2025-09-30 21:10:48,57c3f2104e956b8e,zcrm_815132000000433001,Sharon Bacon,
zcrm_815132000007445213,Waterloo Foundation,Partner - to be removed,Funder,Foundation (incl. corporate foundations),,,2025-09-30 21:10:56,ae6aea2a1e9b37f2,zcrm_815132000000433001,Sharon Bacon,
zcrm_815132000007446112,Educate Me Foundation,ESO,,,,,2025-09-30 21:09:42,f68c02a8b85de6f8,zcrm_815132000000433001,Sharon Bacon,
zcrm_815132000007446117,Elimu Shop,ESO,,,,,2025-09-30 21:09:46,cf7477dcebc6fef1,zcrm_815132000000433001,Sharon Bacon,
zcrm_815132000007446122,Fe y Alegria,ESO,,,,,2025-09-30 21:09:48,75e80c1749bd8d35,zcrm_815132000000433001,Sharon Bacon,
zcrm_815132000007446127,Panorama Global,Partner - to be removed,Funder,,,,2025-09-30 21:10:25,fe87b19a24bddcb4,zcrm_815132000000433001,Sharon Bacon,
zcrm_815132000007446132,Save the Children Global Ventures,ESO,,,,,2025-09-30 21:10:35,34b364d326ea83d8,zcrm_815132000000433001,Sharon Bacon,
zcrm_815132000007446137,The World Bank,Partner - to be removed,Multilateral and Bilateral,,,,2025-09-30 21:10:50,f9decc5fa8d97774,zcrm_815132000000433001,Sharon Bacon,
zcrm_815132000007447098,Afrikids Ghana,ESO,,,,,2025-09-30 21:09:06,88fc4f53a6bab239,zcrm_815132000000433001,Sharon Bacon,
zcrm_815132000007447103,Charities Aid Foundation,ESO,,,,,2025-09-30 21:09:29,5ce27899c46f3c28,zcrm_815132000000433001,Sharon Bacon,
zcrm_815132000007447108,Higherlife Foundation,ESO,,,ESO with Schools,,2025-09-30 21:09:55,e55c56e386245369,zcrm_815132000000433001,Sharon Bacon,
zcrm_815132000007447113,Insaan Group,Partner - to be removed,Funder,Investor,,,2025-09-30 21:10:03,f41e25f5117a3cd0,zcrm_815132000000433001,Sharon Bacon,
zcrm_815132000007447118,Link Education International,ESO,,,,,2025-09-30 21:10:13,90d9d5744cf88d74,zcrm_815132000000433001,Sharon Bacon,
zcrm_815132000007447123,Lotus Flower Community School,SO,,,Standalone School,,2025-09-30 21:10:14,36f69982d6787fc3,zcrm_815132000000433001,Sharon Bacon,1
zcrm_815132000007447128,SEED Education India Private Limited,SO,,,School Network,,2025-09-30 21:10:37,274d323fe4aec478,zcrm_815132000000433001,Sharon Bacon,3
zcrm_815132000007447133,Stadi za Maisha Educational Trust,ESO,,,,,2025-09-30 21:10:41,d20df6fd7cffd098,zcrm_815132000000433001,Sharon Bacon,
zcrm_815132000007447138,Tajizuri,ESO,,,,,2025-09-30 21:10:43,4089ba2576dbb010,zcrm_815132000000433001,Sharon Bacon,
zcrm_815132000007447143,Tiny Totos,SO,,,School Network,,2025-09-30 21:10:51,6aaa12283bc4c531,zcrm_815132000000433001,Sharon Bacon,410
zcrm_815132000007447148,Ubuntu Education,ESO,,,,,2025-09-30 21:10:52,bba493d1e469b5d8,zcrm_815132000000433001,Sharon Bacon,
zcrm_815132000007448097,Room to Read,ESO,,,,,2025-09-30 21:10:33,c553e415c1803c2b,zcrm_815132000000433001,Sharon Bacon,
zcrm_815132000007448102,Solar United Madagascar,ESO,,,,,2025-09-30 21:10:41,1967c981e3e26712,zcrm_815132000000433001,Sharon Bacon,
zcrm_815132000007448107,TeachUNITED,ESO,,,,,2025-09-30 21:10:46,64100beebf980434,zcrm_815132000000433001,Sharon Bacon,
zcrm_815132000007448112,UGEAFI,ESO,,,ESO with Schools,,2025-09-30 21:10:52,d21a80cf62d8d6c1,zcrm_815132000000433001,Sharon Bacon,
zcrm_815132000007449112,Catholic Relief Services,Partner - to be removed,"Research, Advisory and Think Tank",,,,2025-09-30 21:09:28,44ede8e8c28fb0c2,zcrm_815132000000433001,Sharon Bacon,
zcrm_815132000007449117,Jumpstart Foundation,ESO,,,,,2025-09-30 21:10:05,39e7e000423e90cb,zcrm_815132000000433001,Sharon Bacon,
zcrm_815132000007449122,Jupiter Academy,SO,,,Standalone School,,2025-09-30 21:10:06,f7dfffd4dc33442d,zcrm_815132000000433001,Sharon Bacon,1
zcrm_815132000007449127,NudgED Trust,ESO,,,,,2025-09-30 21:10:22,e85c2483242deb2d,zcrm_815132000000433001,Sharon Bacon,
zcrm_815132000007449132,Taleemabad,ESO,,,,,2025-09-30 21:10:43,cee0947495b263df,zcrm_815132000000433001,Sharon Bacon,
zcrm_815132000007450073,Atalanta,Partner - to be removed,"Research, Advisory and Think Tank",,,,2025-09-30 21:09:18,82d7b8ffd61f9385,zcrm_815132000000433001,Sharon Bacon,
zcrm_815132000007450078,Education Outcomes Fund,Partner - to be removed,Funder,Pooled Fund,,,2025-09-30 21:09:44,076d456fcdcb8a0e,zcrm_815132000000433001,Sharon Bacon,
zcrm_815132000007450083,Sabis,SO,,,,,2025-09-30 21:10:34,f0397c0e1b769c2a,zcrm_815132000000433001,Sharon Bacon,
zcrm_815132000007450088,Valenture Institute,ESO,,,,,2025-09-30 21:10:55,73f0f63987fc8bc4,zcrm_815132000000433001,Sharon Bacon,
zcrm_815132000007454126,Aga Khan- Institute for Human Development,SO,,,,,2025-09-30 21:09:08,48a57b97b679eff4,zcrm_815132000000433001,Sharon Bacon,
zcrm_815132000007454131,Angaza Elimu,ESO,,,,,2025-09-30 21:09:13,46c5a312df05ab1c,zcrm_815132000000433001,Sharon Bacon,
zcrm_815132000007454136,Axium Education,ESO,,,ESO with Schools,,2025-09-30 21:09:19,486c5f5c231de575,zcrm_815132000000433001,Sharon Bacon,
zcrm_815132000007454141,Bridge Acadamies,ESO,,,,,2025-09-30 21:09:25,966005b3c0837aee,zcrm_815132000000433001,Sharon Bacon,
zcrm_815132000007454146,Ed Tech,ESO,,,,,2025-09-30 21:09:41,263aa036e0ae54b3,zcrm_815132000000433001,Sharon Bacon,
zcrm_815132000007454151,Ek Tara,SO,,,School Network,,2025-09-30 21:09:46,b4a07c58ef0f9de1,zcrm_815132000000433001,Sharon Bacon,8
zcrm_815132000007454156,I&P,Partner - to be removed,Funder,Corporate,,,2025-09-30 21:09:57,c17e3df9ff24cdca,zcrm_815132000000433001,Sharon Bacon,
zcrm_815132000007454161,Kaizenvest,Partner - to be removed,Funder,Corporate,,,2025-09-30 21:10:06,75042fe5f023eb90,zcrm_815132000000433001,Sharon Bacon,
zcrm_815132000007454166,LEAP Science and Maths Schools,SO,,,School Network,,2025-09-30 21:10:10,5564e46494901722,zcrm_815132000000433001,Sharon Bacon,8
zcrm_815132000007454171,Luminos Fund,SO,,,School Network,,2025-09-30 21:10:14,28f85737cd4f9d08,zcrm_815132000000433001,Sharon Bacon,0
zcrm_815132000007454176,Watoto Wasome,ESO,,,,,2025-09-30 21:10:56,c87af40669135227,zcrm_815132000000433001,Sharon Bacon,
zcrm_815132000007455098,Bonnievale418,ESO,,,,,2025-09-30 21:09:23,e9d5ec060f6e7b91,zcrm_815132000000433001,Sharon Bacon,
zcrm_815132000007455103,CVC Foundation,Partner - to be removed,Funder,Foundation (incl. corporate foundations),,,2025-09-30 21:09:34,ddfcea11219b36e7,zcrm_815132000000433001,Sharon Bacon,
zcrm_815132000007455108,HundrED,ESO,,,,,2025-09-30 21:09:57,5371ad72eaf44b3e,zcrm_815132000000433001,Sharon Bacon,
zcrm_815132000007455113,ICDP Ghana,ESO,,,,,2025-09-30 21:09:58,1c2af1c546c5638c,zcrm_815132000000433001,Sharon Bacon,
zcrm_815132000007455118,Standard Chartered,Partner - to be removed,Funder,Corporate,,,2025-09-30 21:10:41,ac9904b72e7af0c5,zcrm_815132000000433001,Sharon Bacon,
zcrm_815132000007455123,The Citizens Foundation,SO,,,School Network,,2025-09-30 21:10:47,222e9184e0ad2013,zcrm_815132000000433001,Sharon Bacon,2033
zcrm_815132000007455128,UNICEF,Partner - to be removed,Multilateral and Bilateral,,,,2025-09-30 21:10:53,1cc2002416a444a7,zcrm_815132000000433001,Sharon Bacon,
zcrm_815132000007455133,Western Cape Education Department,Partner - to be removed,Government Stakeholder,,,,2025-09-30 21:10:57,110b2b5013fa0d44,zcrm_815132000000433001,Sharon Bacon,
zcrm_815132000007456095,BHP Foundation,Partner - to be removed,Funder,Foundation (incl. corporate foundations),,,2025-09-30 21:09:22,bab39f99debdb17d,zcrm_815132000000433001,Sharon Bacon,
zcrm_815132000007456100,BMGF,Partner - to be removed,Funder,Foundation (incl. corporate foundations),,,2025-09-30 21:09:23,cb9bd44d91110482,zcrm_815132000000433001,Sharon Bacon,
zcrm_815132000007456105,Lego Foundation,Partner - to be removed,Funder,Foundation (incl. corporate foundations),,,2025-09-30 21:10:11,d38dfc3fa777ab1a,zcrm_815132000000433001,Sharon Bacon,
zcrm_815132000007457109,AAMUSTED,ESO,,,,,2025-09-30 21:09:00,889a29b39e9457cc,zcrm_815132000000433001,Sharon Bacon,
zcrm_815132000007457114,Amala Education,SO,,,School Network,,2025-09-30 21:09:13,56919541ce82e3e1,zcrm_815132000000433001,Sharon Bacon,2
zcrm_815132000007457119,Cartier Philanthropy,Partner - to be removed,Funder,Foundation (incl. corporate foundations),,,2025-09-30 21:09:28,0157da0154e5dac9,zcrm_815132000000433001,Sharon Bacon,
zcrm_815132000007457124,Community Keepers,SO,,,,,2025-09-30 21:09:33,f1b53ddbdeab1d0b,zcrm_815132000000433001,Sharon Bacon,
zcrm_815132000007457129,EDT,Partner - to be removed,"Research, Advisory and Think Tank",,,,2025-09-30 21:09:41,297e793e1c834f76,zcrm_815132000000433001,Sharon Bacon,
zcrm_815132000007457134,Eduspots,ESO,,,,,2025-09-30 21:09:45,be755b8e0512badf,zcrm_815132000000433001,Sharon Bacon,
zcrm_815132000007457139,Rangeet,ESO,,,,,2025-09-30 21:10:30,8ef8b452ca3a5c50,zcrm_815132000000433001,Sharon Bacon,
zcrm_815132000007458133,Lwalla community alliance,ESO,,,,,2025-09-30 21:10:14,0e4b5a72f4235403,zcrm_815132000000433001,Sharon Bacon,
zcrm_815132000007458138,Malaika,SO,,,,,2025-09-30 21:10:15,028b05fe9c5cbdf9,zcrm_815132000000433001,Sharon Bacon,
zcrm_815132000007458143,Ministry of Education,Partner - to be removed,Government Stakeholder,,,,2025-09-30 21:10:19,82501d88fccbfdf1,zcrm_815132000000433001,Sharon Bacon,
zcrm_815132000007459103,ELMA Philanthropies,Partner - to be removed,Funder,Foundation (incl. corporate foundations),,,2025-09-30 21:09:46,570e97f3bc9b39c9,zcrm_815132000000433001,Sharon Bacon,
zcrm_815132000007459108,GPE,Partner - to be removed,Multilateral and Bilateral,,,,2025-09-30 21:09:53,378fb38d6807103e,zcrm_815132000000433001,Sharon Bacon,
zcrm_815132000007459113,IDInsight,Partner - to be removed,"Research, Advisory and Think Tank",,,,2025-09-30 21:09:58,a46f0a47f1b42d9b,zcrm_815132000000433001,Sharon Bacon,
zcrm_815132000007459118,Opportunity International EduFinance,ESO,,,,,2025-09-30 21:10:25,ed08d9c5877a7914,zcrm_815132000000433001,Sharon Bacon,
zcrm_815132000007459123,Roger Federer Foundation,Partner - to be removed,Funder,,,,2025-09-30 21:10:33,cbd947ed3bc8ca02,zcrm_815132000000433001,Sharon Bacon,
zcrm_815132000007459128,Salt Analytics,Partner - to be removed,"Research, Advisory and Think Tank",,,,2025-09-30 21:10:34,7128f9df522578c7,zcrm_815132000000433001,Sharon Bacon,
zcrm_815132000007459133,TEP Centre,ESO,,,,,2025-09-30 21:10:47,cfef4c9480f6e662,zcrm_815132000000433001,Sharon Bacon,
zcrm_815132000007459138,UBS Optimus Foundation,Partner - to be removed,Funder,,,,2025-09-30 21:10:52,642a9a4236deea1c,zcrm_815132000000433001,Sharon Bacon,
zcrm_815132000007460083,Asociacion Esperanza Juvenil,SO,,,Standalone School,,2025-09-30 21:09:18,98c122f386b42c6b,zcrm_815132000000433001,Sharon Bacon,1
zcrm_815132000007460088,Better Purpose,ESO,,,,,2025-09-30 21:09:21,2735a4a86a12586f,zcrm_815132000000433001,Sharon Bacon,
zcrm_815132000007460093,Christel House,SO,,,School Network,,2025-09-30 21:09:30,70d2289f6d68265b,zcrm_815132000000433001,Sharon Bacon,9
zcrm_815132000007460098,David Weekley Family Foundation,Partner - to be removed,Funder,Foundation (incl. corporate foundations),,,2025-09-30 21:09:35,d7d23adb3725f0e2,zcrm_815132000000433001,Sharon Bacon,
zcrm_815132000007461112,Dovetail,Partner - to be removed,Funder,Foundation (incl. corporate foundations),,,2025-09-30 21:09:38,b41c0c53833e407e,zcrm_815132000000433001,Sharon Bacon,
zcrm_815132000007461117,eKitabu,ESO,,,,,2025-09-30 21:09:46,858f2ae651808234,zcrm_815132000000433001,Sharon Bacon,
zcrm_815132000007461122,ENKO Education,SO,,,School Network,,2025-09-30 21:09:47,85db79b0ad758e7b,zcrm_815132000000433001,Sharon Bacon,15
zcrm_815132000007461127,Impact Network,SO,,,School Network,,2025-09-30 21:10:01,9529b1674f40c62e,zcrm_815132000000433001,Sharon Bacon,43
zcrm_815132000007461132,Kaya Childcare,SO,,,Standalone School,,2025-09-30 21:10:06,bee54637035b727f,zcrm_815132000000433001,Sharon Bacon,1
zcrm_815132000007461137,Score ECD,ESO,,,,,2025-09-30 21:10:37,2ce03f8958d208fe,zcrm_815132000000433001,Sharon Bacon,
zcrm_815132000007461142,Taleem Finance Company Ltd,ESO,,,,,2025-09-30 21:10:43,ed03569f0f0fd315,zcrm_815132000000433001,Sharon Bacon,
zcrm_815132000007461147,University of Oxford/Young Lives,Partner - to be removed,"Research, Advisory and Think Tank",,,,2025-09-30 21:10:54,765a5438f2345e10,zcrm_815132000000433001,Sharon Bacon,
zcrm_815132000007462101,Acumen,Partner - to be removed,Funder,Investor,,,2025-09-30 21:09:02,b0876900626cfbed,zcrm_815132000000433001,Sharon Bacon,
zcrm_815132000007462106,Kgololo Academy,SO,,,Standalone School,,2025-09-30 21:10:07,f311d0a0f59202e4,zcrm_815132000000433001,Sharon Bacon,1
zcrm_815132000007462111,Kreedo,ESO,,,,,2025-09-30 21:10:08,a57733bfe94f7234,zcrm_815132000000433001,Sharon Bacon,
zcrm_815132000007462116,Nova Pioneer,SO,,,School Network,,2025-09-30 21:10:22,bbb648db47aa7148,zcrm_815132000000433001,Sharon Bacon,16
zcrm_815132000007462121,Todos Pela EducaÃ§Ã£o,ESO,,,,,2025-09-30 21:10:51,276a78b94c1b9e44,zcrm_815132000000433001,Sharon Bacon,
zcrm_815132000007462126,Youth Impact,ESO,,,,,2025-09-30 21:11:00,57758a2fd0c069d9,zcrm_815132000000433001,Sharon Bacon,
zcrm_815132000007463098,Agahozo Shalom Youth Village,SO,,,,,2025-09-30 21:09:09,f398febc08d32a9a,zcrm_815132000000433001,Sharon Bacon,
zcrm_815132000007463103,Children in Crossfire,ESO,,,,,2025-09-30 21:09:30,193c351c1b9dd81c,zcrm_815132000000433001,Sharon Bacon,
zcrm_815132000007463108,Education Fund,Partner - to be removed,Funder,Pooled Fund,,,2025-09-30 21:09:44,ea49ade3a0036e91,zcrm_815132000000433001,Sharon Bacon,
zcrm_815132000007463113,Futura Schools,SO,,,School Network,,2025-09-30 21:09:50,3705c93a72053c2e,zcrm_815132000000433001,Sharon Bacon,10
zcrm_815132000007463118,Malala Fund,Partner - to be removed,Funder,Foundation (incl. corporate foundations),,,2025-09-30 21:10:15,a7938bbfa576d76b,zcrm_815132000000433001,Sharon Bacon,
zcrm_815132000007463123,Parenting for Lifelong Health,Partner - to be removed,Individual consultant,,,,2025-09-30 21:10:26,9ab6a8ca0e7c7ed6,zcrm_815132000000433001,Sharon Bacon,
zcrm_815132000007463128,Social Finance,Partner - to be removed,"Research, Advisory and Think Tank",,,,2025-09-30 21:10:40,ac0d9486d2586897,zcrm_815132000000433001,Sharon Bacon,
zcrm_815132000007463133,Streetlight Schools,SO,,,Standalone School,,2025-09-30 21:10:43,90d0653342f1449c,zcrm_815132000000433001,Sharon Bacon,1
zcrm_815132000007464097,Asociación Alianza Educativa,SO,,,School Network,,2025-09-30 21:09:17,dbfea195c2dfb0c3,zcrm_815132000000433001,Sharon Bacon,12
zcrm_815132000007464102,Audacious Project,Partner - to be removed,Funder,Pooled Fund,,,2025-09-30 21:09:19,9bca3af5be846f92,zcrm_815132000000433001,Sharon Bacon,
zcrm_815132000007464107,DRK Foundation,Partner - to be removed,Funder,Foundation (incl. corporate foundations),,,2025-09-30 21:09:38,2bf5e6762e3bbe5d,zcrm_815132000000433001,Sharon Bacon,
zcrm_815132000007464112,Sabre Education,ESO,,,,,2025-09-30 21:10:34,c29929cc1eb556ca,zcrm_815132000000433001,Sharon Bacon,
zcrm_815132000007464117,The Sunflower Trust,ESO,,,ESO with Schools,,2025-09-30 21:10:50,263d3512559f85f1,zcrm_815132000000433001,Sharon Bacon,
zcrm_815132000007465155,Ark South Africa,SO,,,,,2025-09-30 21:09:16,a53a93ca4b4893e5,zcrm_815132000000433001,Sharon Bacon,
zcrm_815132000007465160,Bramble Network,Partner - to be removed,Individual consultant,,,,2025-09-30 21:09:24,8b7d9da35e6f00ee,zcrm_815132000000433001,Sharon Bacon,
zcrm_815132000007465165,Bridges Outcomes Partnership,ESO,,,,,2025-09-30 21:09:25,25681d3cfa71c760,zcrm_815132000000433001,Sharon Bacon,
zcrm_815132000007465170,Brookings Institute,Partner - to be removed,"Research, Advisory and Think Tank",,,,2025-09-30 21:09:26,ae853d72bd5b0558,zcrm_815132000000433001,Sharon Bacon,
zcrm_815132000007465175,Greater Share,Partner - to be removed,Funder,Foundation (incl. corporate foundations),,,2025-09-30 21:09:54,d49577177bf02f1f,zcrm_815132000000433001,Sharon Bacon,
zcrm_815132000007465180,Jackfruit Finance,ESO,,,,,2025-09-30 21:10:05,93242a4f12534a16,zcrm_815132000000433001,Sharon Bacon,
zcrm_815132000007465185,Metis Collective,ESO,,,,,2025-09-30 21:10:16,7f2dbba0f568b014,zcrm_815132000000433001,Sharon Bacon,
zcrm_815132000007465190,PHINMA Education,ESO,,,,,2025-09-30 21:10:27,99564fd014d8bb1b,zcrm_815132000000433001,Sharon Bacon,
zcrm_815132000007465195,Safeguarding Africa,ESO,,,,,2025-09-30 21:10:34,59e742db93aa52fb,zcrm_815132000000433001,Sharon Bacon,
zcrm_815132000007465200,Schoolinka,ESO,,,,,2025-09-30 21:10:36,62325a7a31ba2821,zcrm_815132000000433001,Sharon Bacon,
zcrm_815132000007465205,Street Child,SO,,,School Network,,2025-09-30 21:10:42,416dd1257e48a489,zcrm_815132000000433001,Sharon Bacon,1250
zcrm_815132000007465210,The Convergence Foundation,Partner - to be removed,Funder,Foundation (incl. corporate foundations),,,2025-09-30 21:10:47,2e9da8959a37391e,zcrm_815132000000433001,Sharon Bacon,
zcrm_815132000007465215,UNSDG,Partner - to be removed,Multilateral and Bilateral,,,,2025-09-30 21:10:54,151bfe098bc12399,zcrm_815132000000433001,Sharon Bacon,
zcrm_815132000007465220,Ward Family Foundation,ESO,,,,,2025-09-30 21:10:56,05073b707fff0446,zcrm_815132000000433001,Sharon Bacon,
zcrm_815132000007466167,aeioTU,SO,,,School Network,,2025-09-30 21:09:03,653f822524f0749a,zcrm_815132000000433001,Sharon Bacon,4791
zcrm_815132000007466172,Bowjow learning,ESO,,,,,2025-09-30 21:09:24,dbf3b3e5eea0d370,zcrm_815132000000433001,Sharon Bacon,
zcrm_815132000007466177,Cadmus Schools,SO,,,School Network,,2025-09-30 21:09:27,ad820106c690da0e,zcrm_815132000000433001,Sharon Bacon,10
zcrm_815132000007466182,Edzola,Partner - to be removed,"Research, Advisory and Think Tank",,,,2025-09-30 21:09:45,0aa183cf68aecd27,zcrm_815132000000433001,Sharon Bacon,
zcrm_815132000007466187,European Commission,Partner - to be removed,Government Stakeholder,,,,2025-09-30 21:09:48,c503119045a8bcf9,zcrm_815132000000433001,Sharon Bacon,
zcrm_815132000007466192,JBJ Foundation,Partner - to be removed,Funder,Foundation (incl. corporate foundations),,,2025-09-30 21:10:05,4e3da5faa27d30bd,zcrm_815132000000433001,Sharon Bacon,
zcrm_815132000007466197,Little Rock Kenya,SO,,,,,2025-09-30 21:10:13,6c832d2838b4bddb,zcrm_815132000000433001,Sharon Bacon,
zcrm_815132000007466202,Peculiar Child Care Support,SO,,,,,2025-09-30 21:10:26,97c96429f410d8fb,zcrm_815132000000433001,Sharon Bacon,
zcrm_815132000007466207,Right to Play,ESO,,,,,2025-09-30 21:10:32,fe398a1fb76428e5,zcrm_815132000000433001,Sharon Bacon,
zcrm_815132000007472084,Aga Khan University Examination Board,SO,,,,,2025-09-30 21:09:08,4bc387f3d31a59f5,zcrm_815132000000433001,Sharon Bacon,
zcrm_815132000007472089,AL for Education,ESO,,,,,2025-09-30 21:09:10,4afa01a5c606b76e,zcrm_815132000000433001,Sharon Bacon,
zcrm_815132000007472094,Imaginable Futures,Partner - to be removed,Funder,,,,2025-09-30 21:10:01,8e2055ae17daa53d,zcrm_815132000000433001,Sharon Bacon,
zcrm_815132000007472099,Language and Learning Foundation,ESO,,,,,2025-09-30 21:10:09,cfe1179f494b2cdd,zcrm_815132000000433001,Sharon Bacon,
zcrm_815132000007472104,Marshall Foundation,Partner - to be removed,Funder,Foundation (incl. corporate foundations),,,2025-09-30 21:10:16,6d78181a65417972,zcrm_815132000000433001,Sharon Bacon,
zcrm_815132000007472109,Prajayatna,ESO,,,,,2025-09-30 21:10:28,0777015522ce2739,zcrm_815132000000433001,Sharon Bacon,
zcrm_815132000007473088,Educate Girls,ESO,,,,,2025-09-30 21:09:42,4904dda91ac20be8,zcrm_815132000000433001,Sharon Bacon,
zcrm_815132000007473093,Ghana National Association of Private Schools,Partner - to be removed,"Global, National or Regional Network",,,,2025-09-30 21:09:51,7451ab3e4719ed8f,zcrm_815132000000433001,Sharon Bacon,
zcrm_815132000007473098,Siemens Stiftung,Partner - to be removed,Funder,Foundation (incl. corporate foundations),,,2025-09-30 21:10:39,307c928d581c8ac3,zcrm_815132000000433001,Sharon Bacon,
zcrm_815132000007473103,Teach For All,SO,,,,,2025-09-30 21:10:45,7f61fcfd93c5b039,zcrm_815132000000433001,Sharon Bacon,
zcrm_815132000007473108,The Peter Cundill Foundation,Partner - to be removed,Funder,Foundation (incl. corporate foundations),,,2025-09-30 21:10:49,8d1a655e91fde3b0,zcrm_815132000000433001,Sharon Bacon,
zcrm_815132000007473113,ThinkZone India,ESO,,,,,2025-09-30 21:10:50,7546d7a4d4a854d7,zcrm_815132000000433001,Sharon Bacon,
zcrm_815132000007475109,ECDAN,Partner - to be removed,"Global, National or Regional Network",,,,2025-09-30 21:09:40,cc1964394cef1884,zcrm_815132000000433001,Sharon Bacon,
zcrm_815132000007475114,Limitless Horizons Ixil,SO,,,Standalone School,,2025-09-30 21:10:12,bd7a0128e764e71d,zcrm_815132000000433001,Sharon Bacon,1
zcrm_815132000007475119,Mobile Creches,SO,,,School Network,,2025-09-30 21:10:19,9c424330f41131ab,zcrm_815132000000433001,Sharon Bacon,69
zcrm_815132000007475124,Money For Madagascar,ESO,,,,,2025-09-30 21:10:19,8bc8b99239d3ec85,zcrm_815132000000433001,Sharon Bacon,
zcrm_815132000007475129,Your Faith International School,SO,,,Standalone School,,2025-09-30 21:11:00,d7c1b844f38cb779,zcrm_815132000000433001,Sharon Bacon,1
zcrm_815132000007476135,Ace Policy Research Institute,Partner - to be removed,"Research, Advisory and Think Tank",,,,2025-09-30 21:09:02,e1631201a2aaf3c7,zcrm_815132000000433001,Sharon Bacon,
zcrm_815132000007476140,Aga Khan Development Network,Partner - to be removed,Multilateral and Bilateral,,,,2025-09-30 21:09:07,807619f12db628b2,zcrm_815132000000433001,Sharon Bacon,
zcrm_815132000007476145,Aptus,ESO,,,,,2025-09-30 21:09:16,0388bfb08f509019,zcrm_815132000000433001,Sharon Bacon,
zcrm_815132000007476150,Cambridge Organisation,Partner - to be removed,"Global, National or Regional Network",,,,2025-09-30 21:09:27,e77e0faf31618f3f,zcrm_815132000000433001,Sharon Bacon,
zcrm_815132000007476155,Global Fund for Children,Partner - to be removed,Funder,Foundation (incl. corporate foundations),,,2025-09-30 21:09:52,0d5ee07ddab07c10,zcrm_815132000000433001,Sharon Bacon,
zcrm_815132000007476160,Innova Schools,SO,,,,,2025-09-30 21:10:03,536aa23a6269fc24,zcrm_815132000000433001,Sharon Bacon,
zcrm_815132000007476165,Nimet Rener,Partner - to be removed,Individual consultant,,,,2025-09-30 21:10:21,f454d2eed4003047,zcrm_815132000000433001,Sharon Bacon,
zcrm_815132000007476170,Private Schools Associations,Partner - to be removed,"Global, National or Regional Network",,,,2025-09-30 21:10:29,6b58a1aac3743a70,zcrm_815132000000433001,Sharon Bacon,
zcrm_815132000007476175,Uthabiti Africa,ESO,,,,,2025-09-30 21:10:55,40578dd735430f67,zcrm_815132000000433001,Sharon Bacon,
zcrm_815132000007476180,Wings to Fly Initiative,ESO,,,,,2025-09-30 21:10:57,cc4d45906b020d16,zcrm_815132000000433001,Sharon Bacon,
zcrm_815132000007480122,Abaarso Network,ESO,,,ESO with Schools,,2025-09-30 21:09:01,e6b389fd51991419,zcrm_815132000000433001,Sharon Bacon,
zcrm_815132000007480127,Brookings Institution,Partner - to be removed,"Research, Advisory and Think Tank",,,,2025-09-30 21:09:26,f42d29af7648c7c2,zcrm_815132000000433001,Sharon Bacon,
zcrm_815132000007480132,Future Nation Schools,SO,,,School Network,,2025-09-30 21:09:50,46e4431ac9ea1c55,zcrm_815132000000433001,Sharon Bacon,3
zcrm_815132000007480137,Reflective Learning,ESO,,,,,2025-09-30 21:10:31,8acb169da336e136,zcrm_815132000000433001,Sharon Bacon,
zcrm_815132000007481129,ECD Network for Kenya,Partner - to be removed,"Global, National or Regional Network",,,,2025-09-30 21:09:39,5962621b16a47499,zcrm_815132000000433001,Sharon Bacon,
zcrm_815132000007481134,Edify,ESO,,,,,2025-09-30 21:09:41,392a8d53be081829,zcrm_815132000000433001,Sharon Bacon,
zcrm_815132000007481139,Fudela,ESO,,,,,2025-09-30 21:09:49,17f941f1ee0a5ca7,zcrm_815132000000433001,Sharon Bacon,
zcrm_815132000007481144,Grand Challenges,Partner - to be removed,Funder,Government,,,2025-09-30 21:09:53,b157c3f9dbb37849,zcrm_815132000000433001,Sharon Bacon,
zcrm_815132000007482085,APEC Schools,SO,,,School Network,,2025-09-30 21:09:14,c4af581f7eca38ad,zcrm_815132000000433001,Sharon Bacon,9
zcrm_815132000007482090,Ashoka,Partner - to be removed,"Global, National or Regional Network",,,,2025-09-30 21:09:17,9b3412e6670c300b,zcrm_815132000000433001,Sharon Bacon,
zcrm_815132000007482095,Blended Finance,ESO,,,,,2025-09-30 21:09:23,1b85361b077f3adf,zcrm_815132000000433001,Sharon Bacon,
zcrm_815132000007482100,CoSchool,ESO,,,,,2025-09-30 21:09:34,ed7e64cf7b969f6d,zcrm_815132000000433001,Sharon Bacon,
zcrm_815132000007482110,iTeach Schools,SO,,,School Network,,2025-09-30 21:10:05,334a99806f1ff2f1,zcrm_815132000000433001,Sharon Bacon,9
zcrm_815132000007482115,MAIA Impact,SO,,,Standalone School,,2025-09-30 21:10:15,6f43a078af9ef39e,zcrm_815132000000433001,Sharon Bacon,1
zcrm_815132000007482120,Save the Children,ESO,,,,,2025-09-30 21:10:35,c5555faa446fd259,zcrm_815132000000433001,Sharon Bacon,
zcrm_815132000007482125,SmartStart,SO,,,School Network,,2025-09-30 21:10:40,b3b9c3eb0c485663,zcrm_815132000000433001,Sharon Bacon,4450
zcrm_815132000007482130,Think Education,ESO,,,,,2025-09-30 21:10:50,c283f90ff42ebaf5,zcrm_815132000000433001,Sharon Bacon,
zcrm_815132000007483101,Axum,Partner - to be removed,"Research, Advisory and Think Tank",,,,2025-09-30 21:09:20,7415fc4d0837b17f,zcrm_815132000000433001,Sharon Bacon,
zcrm_815132000007483106,Collaborative Schools,SO,,,School Network,,2025-09-30 21:09:33,72341278fd4ebb7e,zcrm_815132000000433001,Sharon Bacon,6
zcrm_815132000007483111,Hilton Foundation,Partner - to be removed,Funder,,,,2025-09-30 21:09:56,22fa11121ce958f4,zcrm_815132000000433001,Sharon Bacon,
zcrm_815132000007483116,IssRoff Family Foundation,Partner - to be removed,Funder,HNWI / Family Office,,,2025-09-30 21:10:04,9bf80ccbad7041fb,zcrm_815132000000433001,Sharon Bacon,
zcrm_815132000007483121,One World Academy,SO,,,Standalone School,,2025-09-30 21:10:24,9f6d0a44c9d8148b,zcrm_815132000000433001,Sharon Bacon,1
zcrm_815132000007484117,Africa Practice,Partner - to be removed,"Research, Advisory and Think Tank",,,,2025-09-30 21:09:04,50e1289d18425283,zcrm_815132000000433001,Sharon Bacon,
zcrm_815132000007484122,Cambridge Partnership for Education,Partner - to be removed,"Global, National or Regional Network",,,,2025-09-30 21:09:27,cee71705e5137c66,zcrm_815132000000433001,Sharon Bacon,
zcrm_815132000007484127,Earlybird Community NPC,SO,,,,,2025-09-30 21:09:39,e715dff401ff62fd,zcrm_815132000000433001,Sharon Bacon,
zcrm_815132000007484132,Hope Worldwide International,ESO,,,,,2025-09-30 21:09:57,85a2f15ce251a215,zcrm_815132000000433001,Sharon Bacon,
zcrm_815132000007484137,Learning Equality,ESO,,,,,2025-09-30 21:10:11,5da3d4e8dca891b1,zcrm_815132000000433001,Sharon Bacon,
zcrm_815132000007484142,Madhi Foundation,ESO,,,,,2025-09-30 21:10:15,463646be9bfcf3c1,zcrm_815132000000433001,Sharon Bacon,
zcrm_815132000007484147,Nottingham Institute of Education,Partner - to be removed,"Global, National or Regional Network",,,,2025-09-30 21:10:22,5b4739abb3d24161,zcrm_815132000000433001,Sharon Bacon,
zcrm_815132000007484152,Zizi Afrique Foundation,SO,,,,,2025-09-30 21:11:00,cdd66f24df306b05,zcrm_815132000000433001,Sharon Bacon,
zcrm_815132000007485125,DBMF Douglas B Marshall Jr Family Foundation,Partner - to be removed,Funder,HNWI / Family Office,,,2025-09-30 21:09:36,0e87b731e5226a88,zcrm_815132000000433001,Sharon Bacon,
zcrm_815132000007485130,Education Organisation,Partner - to be removed,"Research, Advisory and Think Tank",,,,2025-09-30 21:09:44,fdb058840cf6bcc1,zcrm_815132000000433001,Sharon Bacon,
zcrm_815132000007485135,Huddle Education,ESO,,,,,2025-09-30 21:09:57,616cca1ad3bfdc7b,zcrm_815132000000433001,Sharon Bacon,
zcrm_815132000007485140,ID Insight,Partner - to be removed,"Research, Advisory and Think Tank",,,,2025-09-30 21:09:58,ca0a408bdae616ce,zcrm_815132000000433001,Sharon Bacon,
zcrm_815132000007485145,PAL Network,Partner - to be removed,"Research, Advisory and Think Tank",,,,2025-09-30 21:10:25,2b4c9153d9a71967,zcrm_815132000000433001,Sharon Bacon,
zcrm_815132000007485150,Prevail Fund,Partner - to be removed,Funder,Foundation (incl. corporate foundations),,,2025-09-30 21:10:29,d2db149946891ea8,zcrm_815132000000433001,Sharon Bacon,
zcrm_815132000007486095,CVC,Partner - to be removed,Funder,Foundation (incl. corporate foundations),,,2025-09-30 21:09:34,80ce6ce755741766,zcrm_815132000000433001,Sharon Bacon,
zcrm_815132000007486100,DG Murray Trust,Partner - to be removed,Funder,Foundation (incl. corporate foundations),,,2025-09-30 21:09:37,baf3223a088bb590,zcrm_815132000000433001,Sharon Bacon,
zcrm_815132000007486105,GIP Globa,Partner - to be removed,Funder,Corporate,,,2025-09-30 21:09:51,c439e973ad415178,zcrm_815132000000433001,Sharon Bacon,
zcrm_815132000007486110,Oxford Measured,Partner - to be removed,"Research, Advisory and Think Tank",,,,2025-09-30 21:10:25,a36f798711cda6f3,zcrm_815132000000433001,Sharon Bacon,
zcrm_815132000007486115,Rising Academies,SO,,,School Network,,2025-09-30 21:10:32,013767382927b294,zcrm_815132000000433001,Sharon Bacon,932
zcrm_815132000007487146,Bach Family Foundation,Partner - to be removed,Funder,Foundation (incl. corporate foundations),,,2025-09-30 21:09:20,cd3c45ef265d530b,zcrm_815132000000433001,Sharon Bacon,
zcrm_815132000007487151,Development Media International,Partner - to be removed,"Research, Advisory and Think Tank",,,,2025-09-30 21:09:36,5b91667561efc72e,zcrm_815132000000433001,Sharon Bacon,
zcrm_815132000007487156,Fundación Luker,ESO,,,,,2025-09-30 21:09:50,a52c72abc0d18092,zcrm_815132000000433001,Sharon Bacon,
zcrm_815132000007487161,Global School Leaders,Partner - to be removed,"Global, National or Regional Network",,,,2025-09-30 21:09:52,d5cb63585cc4bf69,zcrm_815132000000433001,Sharon Bacon,
zcrm_815132000007487166,Plan International,Partner - to be removed,"Global, National or Regional Network",,,,2025-09-30 21:10:27,74cc5f0ffa6e9aa5,zcrm_815132000000433001,Sharon Bacon,
zcrm_815132000007487171,Porticus Foundation,Partner - to be removed,Funder,Foundation (incl. corporate foundations),,,2025-09-30 21:10:27,3e8dd7db326d6011,zcrm_815132000000433001,Sharon Bacon,
zcrm_815132000007487176,SPARK Schools,SO,,,School Network,,2025-09-30 21:10:41,54d624039b27b4cc,zcrm_815132000000433001,Sharon Bacon,26
zcrm_815132000007487181,Teach for Kenya,ESO,,,,,2025-09-30 21:10:46,02c2af1709681eef,zcrm_815132000000433001,Sharon Bacon,
zcrm_815132000007487186,Think Equal,ESO,,,,,2025-09-30 21:10:50,a099aa0b2592f0a2,zcrm_815132000000433001,Sharon Bacon,
zcrm_815132000007487191,USAID,Partner - to be removed,Multilateral and Bilateral,,,,2025-09-30 21:10:54,a660c5c88c0e0e2f,zcrm_815132000000433001,Sharon Bacon,
zcrm_815132000007487196,World Bank,Partner - to be removed,Multilateral and Bilateral,,,,2025-09-30 21:10:58,4958bc499d8b6dd2,zcrm_815132000000433001,Sharon Bacon,
zcrm_815132000007488113,FSG,Partner - to be removed,"Research, Advisory and Think Tank",,,,2025-09-30 21:09:49,9d2949e67a2c7a76,zcrm_815132000000433001,Sharon Bacon,
zcrm_815132000007488118,Gates Foundation,Partner - to be removed,Funder,Foundation (incl. corporate foundations),,,2025-09-30 21:09:51,ab42ac414f835c3b,zcrm_815132000000433001,Sharon Bacon,
zcrm_815132000007488123,Hope and Homes for Children,SO,,,,,2025-09-30 21:09:56,d4267b12785d5c56,zcrm_815132000000433001,Sharon Bacon,
zcrm_815132000007488128,NYAF Sierra Leone,ESO,,,ESO with Schools,,2025-09-30 21:10:23,183a625fe33d269a,zcrm_815132000000433001,Sharon Bacon,
zcrm_815132000007488133,Said Business School,Partner - to be removed,"Research, Advisory and Think Tank",,,,2025-09-30 21:10:34,16104b49b2243c1f,zcrm_815132000000433001,Sharon Bacon,
zcrm_815132000007488138,Teach For Bangladesh,ESO,,,,,2025-09-30 21:10:46,b1a13b9f29aa0b14,zcrm_815132000000433001,Sharon Bacon,
zcrm_815132000007488143,UNICEF Kenya,Partner - to be removed,Multilateral and Bilateral,,,,2025-09-30 21:10:53,293f55c7ec14ffc4,zcrm_815132000000433001,Sharon Bacon,
zcrm_815132000007488148,Varthana,ESO,,,,,2025-09-30 21:10:55,2bdd626e47e6ab58,zcrm_815132000000433001,Sharon Bacon,
zcrm_815132000007489068,Alokit,ESO,,,,,2025-09-30 21:09:12,b046621c883da305,zcrm_815132000000433001,Sharon Bacon,
zcrm_815132000007489073,Binding Constraints Lab,ESO,,,,,2025-09-30 21:09:22,270c96811b4f5261,zcrm_815132000000433001,Sharon Bacon,
zcrm_815132000007489078,Children on the Edge,ESO,,,,,2025-09-30 21:09:30,e82a30e8f2d04bb5,zcrm_815132000000433001,Sharon Bacon,
zcrm_815132000007489083,English Quest,ESO,,,,,2025-09-30 21:09:47,65327947768dca59,zcrm_815132000000433001,Sharon Bacon,
zcrm_815132000007489088,Maitri Trust,Partner - to be removed,Funder,Foundation (incl. corporate foundations),,,2025-09-30 21:10:15,ba089114aacc4d9d,zcrm_815132000000433001,Sharon Bacon,
zcrm_815132000007489093,SIP Red de Colegios,SO,,,,,2025-09-30 21:10:40,0b1c1f591ddb9a21,zcrm_815132000000433001,Sharon Bacon,
zcrm_815132000007489098,Yidan Prize,Partner - to be removed,Funder,Foundation (incl. corporate foundations),,,2025-09-30 21:11:00,9181a76b015afefd,zcrm_815132000000433001,Sharon Bacon,
zcrm_815132000007490088,Hello Brink,Partner - to be removed,"Research, Advisory and Think Tank",,,,2025-09-30 21:09:55,0e5b364bb1b7a859,zcrm_815132000000433001,Sharon Bacon,
zcrm_815132000007490093,Learn to Play,SO,,,School Network,,2025-09-30 21:10:10,52bdd7f4cc4b24da,zcrm_815132000000433001,Sharon Bacon,11
zcrm_815132000007490098,Learning Differently,ESO,,,,,2025-09-30 21:10:10,cb0a86b6ab11cfb5,zcrm_815132000000433001,Sharon Bacon,
zcrm_815132000007490103,Mastercard Foundation,Partner - to be removed,Funder,Foundation (incl. corporate foundations),,,2025-09-30 21:10:16,c486741747291ac2,zcrm_815132000000433001,Sharon Bacon,
zcrm_815132000007490108,SER,SO,,,School Network,,2025-09-30 21:10:37,a1232d90757bb69e,zcrm_815132000000433001,Sharon Bacon,16
zcrm_815132000007490113,Wildbound,ESO,,,,,2025-09-30 21:10:57,61cdd7baf0a60b2b,zcrm_815132000000433001,Sharon Bacon,
zcrm_815132000007491116,Central Square Foundation,ESO,,,,,2025-09-30 21:09:28,d225b0f43fc249e4,zcrm_815132000000433001,Sharon Bacon,
zcrm_815132000007491121,Fudela Eucador,ESO,,,,,2025-09-30 21:09:50,395fe9fb1c102b72,zcrm_815132000000433001,Sharon Bacon,
zcrm_815132000007491126,Funda Wande,ESO,,,,,2025-09-30 21:09:50,f28087580e298391,zcrm_815132000000433001,Sharon Bacon,
zcrm_815132000007491131,KEPSA,ESO,,,,,2025-09-30 21:10:07,a3c35a972f6f812d,zcrm_815132000000433001,Sharon Bacon,
zcrm_815132000007491136,Kidogo ECD Centres,SO,,,School Network,,2025-09-30 21:10:07,7b981d55a834f0d2,zcrm_815132000000433001,Sharon Bacon,1500
zcrm_815132000007491141,Lutheran World Federation,Partner - to be removed,Multilateral and Bilateral,,,,2025-09-30 21:10:14,f861f31f55e92b47,zcrm_815132000000433001,Sharon Bacon,
zcrm_815132000007491146,Raspberry PI Organisation,Partner - to be removed,Funder,Foundation (incl. corporate foundations),,,2025-09-30 21:10:31,f51bd3f56130cc92,zcrm_815132000000433001,Sharon Bacon,
zcrm_815132000007491151,SPIX Foundation,ESO,,,,,2025-09-30 21:10:41,c57f763f8a325fa6,zcrm_815132000000433001,Sharon Bacon,
zcrm_815132000007491156,Tata Education Services,Partner - to be removed,Funder,,,,2025-09-30 21:10:44,dada4a1ecdc69f3f,zcrm_815132000000433001,Sharon Bacon,
zcrm_815132000007491161,Teach For Botswana,ESO,,,,,2025-09-30 21:10:46,e399ad2df657e389,zcrm_815132000000433001,Sharon Bacon,
zcrm_815132000007491166,TotoCare - Nawirika foundation,SO,,,School Network,,2025-09-30 21:10:51,96abf579a6372440,zcrm_815132000000433001,Sharon Bacon,125
zcrm_815132000007492065,Ark Ventures,SO,,,,,2025-09-30 21:09:16,483ca38833fd37f9,zcrm_815132000000433001,Sharon Bacon,
zcrm_815132000007492070,Cartier Philanthropies,Partner - to be removed,"Research, Advisory and Think Tank",,,,2025-09-30 21:09:27,fe10a2e8b1e9c48f,zcrm_815132000000433001,Sharon Bacon,
zcrm_815132000007492075,Education Design Unlimited,ESO,,,,,2025-09-30 21:09:43,212036ce8f2955bb,zcrm_815132000000433001,Sharon Bacon,
zcrm_815132000007492080,EIDU,ESO,,,,,2025-09-30 21:09:46,2f622ebc76eac6db,zcrm_815132000000433001,Sharon Bacon,
zcrm_815132000007492085,Justice Rising,ESO,,,ESO with Schools,,2025-09-30 21:10:06,9f23f3aadd0f80fd,zcrm_815132000000433001,Sharon Bacon,
zcrm_815132000007526092,Zamunda,Partner - to be removed,,,,,2025-10-02 12:27:31,f95a57e4358750cb,zcrm_815132000000433001,Sharon Bacon,
zcrm_815132000007724015,AfriKids,ESO,,,,,2025-10-06 17:54:32,d2745ae318c429da,zcrm_815132000000433001,Sharon Bacon,
zcrm_815132000007724309,One World Network of Schools,ESO,,,,,2025-10-08 07:49:58,7c6501e9a6f41773,zcrm_815132000000433001,Sharon Bacon,
zcrm_815132000007724314,Centre for Learning Resources,ESO,,,,,2025-10-08 07:50:31,70ffc3a1612e5c17,zcrm_815132000000433001,Sharon Bacon,
zcrm_815132000007724319,Sustainable Education & Enterprise Development (SEED),ESO,,,,,2025-10-08 07:51:04,d58d3b0432951912,zcrm_815132000000433001,Sharon Bacon,
zcrm_815132000007724375,Educore Services: Frontier Schools,SO,,,School Network,,2025-10-08 09:51:49,cf388ad6a5996ca9,zcrm_815132000000433001,Sharon Bacon,7
zcrm_815132000007778038,Women and Rural Development Networks,ESO,,,,,2025-10-08 16:19:15,e2c6cd3674b69dc6,zcrm_815132000000433001,Sharon Bacon,
zcrm_815132000007866001,Action for sustainable change,ESO,,,,,2025-10-12 14:14:44,fa9299e6d87c317e,zcrm_815132000000433001,Sharon Bacon,
zcrm_815132000007871001,Expanding Boundaries International,SO,,,,,2025-10-12 21:50:04,9ed1b10d9bc0d8c3,zcrm_815132000000433001,Sharon Bacon,
zcrm_815132000007885001,Go Economic Empowerment Progrmme GEEP KENYA,ESO,,,,,2025-10-13 10:58:12,990a4bf3770c487d,zcrm_815132000000433001,Sharon Bacon,
zcrm_815132000007885018,Great Hood Academy,SO,,,,,2025-10-13 12:30:41,4fa24a3a20fe0801,zcrm_815132000000433001,Sharon Bacon,
zcrm_815132000007891001,Teaching at the Right Level (TaRL) Africa,ESO,,,,,2025-10-13 12:16:22,5bf76b5d0a75a28e,zcrm_815132000000433001,Sharon Bacon,
zcrm_815132000007910001,Sierra Leone Educators Association (SLEA),SO,,,,,2025-10-13 21:25:44,653feefdf94ce6e1,zcrm_815132000000433001,Sharon Bacon,
zcrm_815132000007927001,Freshta Foundation,SO,,,,,2025-10-14 15:27:51,4aeda8943e61f072,zcrm_815132000000433001,Sharon Bacon,
zcrm_815132000007927018,Community And Family Aid Foundation-Ghana,SO,,,,,2025-10-15 03:37:35,ee26a887499cdb54,zcrm_815132000000433001,Sharon Bacon,
zcrm_815132000007986001,"The Learning Foundation, Sierra Leone",ESO,,,,,2025-10-17 13:10:48,f5cd0aab1b71097e,zcrm_815132000000433001,Sharon Bacon,
zcrm_815132000008014001,Brightland High School,SO,,,,,2025-10-18 15:32:05,fa2e0ee0c5f24fe5,zcrm_815132000000433001,Sharon Bacon,
zcrm_815132000008021046,Aid for Rural Education Access Initiative (AREAi),ESO,,,,,2025-10-19 14:44:26,6347aada45150873,zcrm_815132000000433001,Sharon Bacon,
zcrm_815132000008021051,Associates in Research and Education for Development (ARED),ESO,,,,,2025-10-19 14:44:35,ee4bc1243e7feb8f,zcrm_815132000000433001,Sharon Bacon,
zcrm_815132000008021056,Child's Destiny and Development Organization (CHIDDO),ESO,,,,,2025-10-19 14:44:46,10f87e802c61a96c,zcrm_815132000000433001,Sharon Bacon,
zcrm_815132000008021061,Community Action for Health and Education Development (CAHED),ESO,,,,,2025-10-19 14:44:54,f161ceefd3ef36ec,zcrm_815132000000433001,Sharon Bacon,
zcrm_815132000008021066,Creative Centre for Community Mobilization (CRECCOM),ESO,,,,,2025-10-19 14:45:05,9361035f59da36d3,zcrm_815132000000433001,Sharon Bacon,
zcrm_815132000008021071,Development of Educational Action Network (DEAN),ESO,,,,,2025-10-19 14:45:15,a4504e6f1c074b95,zcrm_815132000000433001,Sharon Bacon,
zcrm_815132000008021076,Dignity Education Vision International (DEVI Sansthan),ESO,,,,,2025-10-19 14:45:25,c85144647f5f3ee9,zcrm_815132000000433001,Sharon Bacon,
zcrm_815132000008021081,Education Empowerment for Rural and Urban Slums Initiative (EERUi),ESO,,,ESO with Schools,,2025-10-19 14:45:34,d02ad8ec98f3dd84,zcrm_815132000000433001,Sharon Bacon,
zcrm_815132000008021086,Educational Initiatives (EI),ESO,,,,,2025-10-19 14:45:44,c6f4ce1623cba0ef,zcrm_815132000000433001,Sharon Bacon,
zcrm_815132000008021091,Instructional Leadership Institute (ILI),ESO,,,,,2025-10-19 14:45:55,198d7244f971dc1e,zcrm_815132000000433001,Sharon Bacon,
zcrm_815132000008021096,Kisumu Medical and Education Trust (KMET),ESO,,,,,2025-10-19 14:46:04,e2b06e1fdc70a7be,zcrm_815132000000433001,Sharon Bacon,
zcrm_815132000008021101,Lake Region Development Programme (LRDP),ESO,,,,,2025-10-19 14:46:13,102de873ce5fe2f7,zcrm_815132000000433001,Sharon Bacon,
zcrm_815132000008021106,Learning Links Foundation (LLF),ESO,,,,,2025-10-19 14:46:26,16c59d49af84281d,zcrm_815132000000433001,Sharon Bacon,
zcrm_815132000008021111,Tanzania Early Childhood Education and Care (TECEC),ESO,,,,,2025-10-19 14:46:37,c9ad1f96d629f5a5,zcrm_815132000000433001,Sharon Bacon,
zcrm_815132000008021116,Together in Development & Education (TIDE),ESO,,,,,2025-10-19 14:46:46,7323bbdc6571b79c,zcrm_815132000000433001,Sharon Bacon,
zcrm_815132000008021121,Turning Point Trust (TPT),ESO,,,ESO with Schools,,2025-10-19 14:46:56,fc6b6e2fe147bf96,zcrm_815132000000433001,Sharon Bacon,
zcrm_815132000008021126,Young African Refugees for Integral Development (YARID),ESO,,,,,2025-10-19 14:47:05,7b55d13989e3b274,zcrm_815132000000433001,Sharon Bacon,
zcrm_815132000008021131,Zambia Open Community Schools (ZOCS),ESO,,,ESO with Schools,,2025-10-19 14:47:15,2fa7e983bd954c5c,zcrm_815132000000433001,Sharon Bacon,
zcrm_815132000008021136,The Action Foundation,ESO,,,,,2025-10-19 14:47:29,29624810fe43be8f,zcrm_815132000000433001,Sharon Bacon,
zcrm_815132000008021141,Kalobeyei Initiative for Better Life (KI4BLI),ESO,,,ESO with Schools,,2025-10-19 14:47:38,1f3f3fe154f671c6,zcrm_815132000000433001,Sharon Bacon,
zcrm_815132000008021146,PEAS (Promoting Equality in African Schools),SO,,,School Network,,2025-10-19 14:47:51,fb8f22fce36e5e68,zcrm_815132000000433001,Sharon Bacon,337
zcrm_815132000008021151,Peepul (Absolute Return for Kids),SO,,,School Network,,2025-10-19 14:48:01,191fd37cbc6fd631,zcrm_815132000000433001,Sharon Bacon,550
zcrm_815132000008021156,The Education Partnership (TEP) Centre,ESO,,,ESO with Schools,,2025-10-19 14:48:19,d2c402374d52b1a0,zcrm_815132000000433001,Sharon Bacon,
zcrm_815132000008021161,Youth Co-operation for Ideas (YCI),ESO,,,ESO with Schools,,2025-10-19 14:48:28,5c62983bad3003d9,zcrm_815132000000433001,Sharon Bacon,
zcrm_815132000008021166,Africa Early Childhood Network (AfECN),Partner - to be removed,"Global, National or Regional Network",,,,2025-10-19 14:48:43,3e56b09cd81c24e5,zcrm_815132000000433001,Sharon Bacon,
zcrm_815132000008021171,Inter-agency Network for Education in Emergencies (INEE),Partner - to be removed,"Global, National or Regional Network",,,,2025-10-19 14:48:54,17e2a3c26ec04611,zcrm_815132000000433001,Sharon Bacon,
zcrm_815132000008021176,Results for Development (R4D),Partner - to be removed,"Research, Advisory and Think Tank",,,Leadership coaching & development,2025-10-19 14:49:20,4839517e05c3d6e9,zcrm_815132000000433001,Sharon Bacon,
zcrm_815132000008021190,Global Schools Forum,Staff,,,,,2025-10-19 15:14:52,4cb1d7d4ca5ebc74,zcrm_815132000000433001,Sharon Bacon,
zcrm_815132000008057193,LaTisha Nicole LLC,ESO,,,,,2025-10-21 02:06:24,ccb660475629a35b,zcrm_815132000000433001,Sharon Bacon,
zcrm_815132000008088171,BeMyBuddy Foundation,ESO,,,,,2025-10-20 15:36:53,9996cc61ed12ff00,zcrm_815132000000433001,Sharon Bacon,
zcrm_815132000008118001,Perkins School for the Blind India Foundation,ESO,,,,,2025-10-22 10:14:01,354c63e550283a16,zcrm_815132000000433001,Sharon Bacon,
zcrm_815132000008118018,individual,TBC,,,,,2025-10-22 20:17:55,b8b565922428253b,zcrm_815132000000433001,Sharon Bacon,
zcrm_815132000008118035,"EMAN ISLAMIC DEVELOPMENT ORGANIZATION (EIDO) - SIERRA LEONE, WEST AFRICA.",SO,,,,,2025-10-23 12:39:28,330d7fac5375ee88,zcrm_815132000000433001,Sharon Bacon,
zcrm_815132000008127001,Watoto Wasoka,TBC,,,,,2025-10-22 14:51:13,baef9ab987c8eb65,zcrm_815132000000433001,Sharon Bacon,
zcrm_815132000008127030,Light Up Hope Africa,ESO,,,,,2025-10-23 14:07:29,69ae06defad92d3c,zcrm_815132000000433001,Sharon Bacon,
zcrm_815132000008137001,World Educare Network,SO,,,,,2025-10-22 19:59:13,d38fd3206ade53ff,zcrm_815132000000433001,Sharon Bacon,
zcrm_815132000008167001,Ambo University,SO,,,,,2025-10-23 17:01:03,972204b9a9ae175a,zcrm_815132000000433001,Sharon Bacon,
zcrm_815132000008198001,Shiksharth,ESO,,,,,2025-10-24 17:04:28,dd806ebf9028e8b8,zcrm_815132000000433001,Sharon Bacon,
zcrm_815132000008207001,EMAN ISLAMIC DEVELOPMENT ORGANIZATION (EIDO) SIERRA LEONE,SO,,,,,2025-10-25 00:18:45,fba5b7f2e1e63a89,zcrm_815132000000433001,Sharon Bacon,
zcrm_815132000008220001,CSTA INDIA,ESO,,,,,2025-10-25 10:55:55,86a034c29a0dd4e7,zcrm_815132000000433001,Sharon Bacon,
zcrm_815132000008220018,ChildFund India,ESO,,,,,2025-10-26 09:54:19,d761a1389e6cd80c,zcrm_815132000000433001,Sharon Bacon,
zcrm_815132000008266007,ReGEN,ESO,,,,,2025-10-28 12:22:01,766c2307b0aafde1,zcrm_815132000000433001,Sharon Bacon,
zcrm_815132000008286005,Lukenya Community Schools,SO,,,,,2025-10-29 13:42:40,4cd99d5db76475b5,zcrm_815132000000433001,Sharon Bacon,
zcrm_815132000008299001,UNLEASH,SO,,,,,2025-10-27 17:29:12,5e70e5e3aa144dc4,zcrm_815132000000433001,Sharon Bacon,
zcrm_815132000008299018,Masentle Community Development,SO,,,,,2025-10-28 14:56:30,e93d2af395253471,zcrm_815132000000433001,Sharon Bacon,
zcrm_815132000008310033,The Cecily Group,,,,,,2025-10-28 12:22:35,7c7990197d714b45,zcrm_815132000000433001,Sharon Bacon,
zcrm_815132000008310057,Unwomen,,,,,,2025-10-28 12:25:03,f3f1b32ffdcc7347,zcrm_815132000000433001,Sharon Bacon,
zcrm_815132000008310086,AKU,,,,,,2025-10-28 12:28:36,3426324172dd6799,zcrm_815132000000433001,Sharon Bacon,
zcrm_815132000008310091,IDRC,,,,,,2025-10-28 12:29:47,464cb8e0119342a6,zcrm_815132000000433001,Sharon Bacon,
zcrm_815132000008310096,Nuture First,,,,,,2025-10-28 12:31:42,fc37f5155beaa4b1,zcrm_815132000000433001,Sharon Bacon,
zcrm_815132000008310101,Clinton Health Access,,,,,,2025-10-28 12:32:57,acecccdc6cfe8d0c,zcrm_815132000000433001,Sharon Bacon,
zcrm_815132000008310106,Nurtura,,,,,,2025-10-28 12:36:00,e4f88c1b9a2eb833,zcrm_815132000000433001,Sharon Bacon,
zcrm_815132000008310111,Global Development Incubator,,,,,,2025-10-28 12:37:45,8db49eed9f4cd2ae,zcrm_815132000000433001,Sharon Bacon,
zcrm_815132000008310116,Social Protection,,,,,,2025-10-28 12:38:33,b95134a360220d6b,zcrm_815132000000433001,Sharon Bacon,
zcrm_815132000008310255,Taraji Schools,,,,,,2025-10-28 12:48:03,c3fcc0b75b107137,zcrm_815132000000433001,Sharon Bacon,
zcrm_815132000008340001,Delta Education Collective,ESO,,,,,2025-10-30 13:07:40,819810243f464c16,zcrm_815132000000433001,Sharon Bacon,
zcrm_815132000008362001,Guide Star Organization,SO,,,,,2025-10-31 06:51:12,8d92a4a91ae82b1c,zcrm_815132000000433001,Sharon Bacon,
zcrm_815132000008366001,Pestalozzi International,SO,,,,,2025-10-31 09:48:51,95a49b8de72de8f0,zcrm_815132000000433001,Sharon Bacon,
zcrm_815132000008373001,GETU Education and Research Consultancy Firm,TBC,,,,,2025-10-31 16:13:15,12cbe2bf8a6756ad,zcrm_815132000000433001,Sharon Bacon,
zcrm_815132000008402001,The Noble Academy/School,SO,,,,,2025-11-01 19:32:27,1f67acf6c4c9be3c,zcrm_815132000000433001,Sharon Bacon,
zcrm_815132000008436001,WIDOWS AND SINGLE MOTHERS DEVELOPMENT ORGANIZATION-WISIMODO,ESO,,,,,2025-11-03 03:50:33,4a975676794b7e07,zcrm_815132000000433001,Sharon Bacon,
zcrm_815132000008451001,"Pratham International, Inc.",ESO,,,,,2025-11-03 12:45:04,cb7d175796d7fbd4,zcrm_815132000000433001,Sharon Bacon,
zcrm_815132000008488001,POPE JOHN PAUL II MODEL SECONDARY SCHOOL UMUNAGBOR IHITTE,SO,,,,,2025-11-04 08:12:48,4f5dbae76964852f,zcrm_815132000000433001,Sharon Bacon,
zcrm_815132000008501001,LEAD Edu,TBC,,,,,2025-11-04 15:14:05,703f4631050b776c,zcrm_815132000000433001,Sharon Bacon,
zcrm_815132000008501041,#TUNAWEZA faundation,TBC,,,,,2025-11-06 11:25:40,4f75f69d6e2cc2bb,zcrm_815132000000433001,Sharon Bacon,
zcrm_815132000008510001,WisdomWood High,TBC,,,,,2025-11-04 15:40:46,6b0e906075cc5453,zcrm_815132000000433001,Sharon Bacon,
zcrm_815132000008605073,Hello Future,,,,,,2025-11-07 17:02:53,0865e98e9f42d388,zcrm_815132000000433001,Sharon Bacon,
zcrm_815132000008605085,Learning Equality,,,,,,2025-11-07 17:03:18,962ccdee0867946e,zcrm_815132000000433001,Sharon Bacon,
zcrm_815132000008605097,Lend a Hand India,,,,,,2025-11-07 17:03:42,7e4aa3021556716a,zcrm_815132000000433001,Sharon Bacon,
zcrm_815132000008663002,Centro Cultural Aliwen,ESO,,,,,2025-11-08 10:54:44,1ce6ce06d4ee0b3b,zcrm_815132000000433001,Sharon Bacon,
zcrm_815132000008702008,iDreamCareer,ESO,,,,,2025-11-10 07:25:14,36d3871cf0943bc0,zcrm_815132000000433001,Sharon Bacon,
zcrm_815132000008710002,Khanyisa Inanda Seminary Community Projects,SO,,,,,2025-11-10 08:15:08,a8a5092d5916299c,zcrm_815132000000433001,Sharon Bacon,
zcrm_815132000008762014,Lumina Academy Limited,TBC,,,,,2025-11-12 17:31:34,e2444ae3e2165e33,zcrm_815132000000433001,Sharon Bacon,
zcrm_815132000008765002,Heritage School of Kenya,SO,,,,,2025-11-11 12:27:11,f9d276186d7b789f,zcrm_815132000000433001,Sharon Bacon,
zcrm_815132000008765027,BIGKID Foundation,ESO,,,,,2025-11-12 11:08:03,d89a1bb7428542a0,zcrm_815132000000433001,Sharon Bacon,
zcrm_815132000008827002,Guruji Education Foundation,ESO,,,,,2025-11-13 11:36:53,9af25c3f99e0c973,zcrm_815132000000433001,Sharon Bacon,
zcrm_815132000008886002,Skills Builder Partnership,ESO,,,,,2025-11-14 11:03:57,25778984516b3fa2,zcrm_815132000000433001,Sharon Bacon,
zcrm_815132000008902002,Nurturing Early Childhood Community Support Initiative,ESO,,,,,2025-11-14 14:04:29,80c9650403107f8f,zcrm_815132000000433001,Sharon Bacon,
zcrm_815132000008902033,Morogoro Saving the Poor Organization (MOSAPORG),SO,,,,,2025-11-18 07:22:10,3332bf0148088596,zcrm_815132000000433001,Sharon Bacon,
zcrm_815132000008915002,Psych Care Uganda,ESO,,,,,2025-11-14 21:44:05,7d767d6858b156e1,zcrm_815132000000433001,Sharon Bacon,
zcrm_815132000008942002,Kathkali Swpnopuran Welfare Society,SO,,,,,2025-11-16 14:53:17,37433e7f9bcca9e2,zcrm_815132000000433001,Sharon Bacon,
zcrm_815132000009010002,Helambu Education Livelihood Partnership,ESO,,,,,2025-11-20 06:59:50,630148edc672f7fe,zcrm_815132000000433001,Sharon Bacon,
zcrm_815132000009010027,Team4Tech,TBC,,,,,2025-11-20 09:18:30,7852eefa6ae0a057,zcrm_815132000000433001,Sharon Bacon,
zcrm_815132000009010078,XEEVOLVE,TBC,,,,,2025-11-23 21:36:35,0faf878f22fbd9f9,zcrm_815132000000433001,Sharon Bacon,
zcrm_815132000009040002,Kimmy Chic Intergrated Academy,SO,,,,,2025-11-20 19:40:56,51b7a1f5bc5bd0e4,zcrm_815132000000433001,Sharon Bacon,
zcrm_815132000009040043,Mount Usambara English Medium Pre and Primary School,SO,,,,,2025-11-22 18:38:05,a9f9c0d54de88f3c,zcrm_815132000000433001,Sharon Bacon,
zcrm_815132000009040084,SolarBuddy,TBC,,,,,2025-11-25 00:05:26,512d2a14ad313cde,zcrm_815132000000433001,Sharon Bacon,
zcrm_815132000009053002,Youth Leaders for Restoration and Development - YOLRED,ESO,,,,,2025-11-21 09:13:34,59b8694f34b04c3d,zcrm_815132000000433001,Sharon Bacon,
zcrm_815132000009076002,OM Foundation,SO,,,,,2025-11-23 14:26:13,72d207151b2ddd52,zcrm_815132000000433001,Sharon Bacon,
zcrm_815132000009127062,Aprender (UK) Ltd,ESO,,,,,2025-11-25 11:43:10,,zcrm_815132000000433001,Sharon Bacon,
zcrm_815132000009181002,Action Pour le Developpement des Jeunes au Congo,SO,,,,,2025-11-25 15:02:10,,zcrm_815132000000433001,Sharon Bacon,
zcrm_815132000009197002,Pangea Educational Development,ESO,,,,,2025-11-25 18:10:09,,zcrm_815132000000433001,Sharon Bacon,
zcrm_815132000009352002,Kingdomway generaruon pre school,SO,,,,,2025-11-29 07:52:55,,zcrm_815132000000433001,Sharon Bacon,
zcrm_815132000009352039,Ajibu Community,SO,,,,,2025-11-30 11:40:43,,zcrm_815132000000433001,Sharon Bacon,
zcrm_815132000009387002,Piramal F,ESO,,,,,2025-12-01 12:34:38,,zcrm_815132000000433001,Sharon Bacon,
zcrm_815132000009405002,Global Scientific Network (GSN),ESO,,,,,2025-12-01 21:49:27,,zcrm_815132000000433001,Sharon Bacon,
zcrm_815132000009408007,Teach Me Well Ghana,ESO,,,,,2025-12-02 15:21:49,,zcrm_815132000000433001,Sharon Bacon,
zcrm_815132000009408032,Scopus International School & College,SO,,,,,2025-12-02 15:40:27,,zcrm_815132000000433001,Sharon Bacon,
zcrm_815132000009421002,Joy for Children,ESO,,,,,2025-12-02 15:33:44,,zcrm_815132000000433001,Sharon Bacon,
zcrm_815132000009421027,Alarm Ministries,ESO,,,,,2025-12-02 15:42:31,,zcrm_815132000000433001,Sharon Bacon,
zcrm_815132000009479014,Liberal educational Academy,SO,,,,,2025-12-07 18:59:51,,zcrm_815132000000433001,Sharon Bacon,
zcrm_815132000009494002,CHIYEMBEKEZO ACADEMY,SO,,,,,2025-12-05 07:43:36,,zcrm_815132000000433001,Sharon Bacon,
zcrm_815132000009527002,Edge Hope Builders For Youth and Women Initiative,ESO,,,,,2025-12-08 16:19:19,,zcrm_815132000000433001,Sharon Bacon,
zcrm_815132000009572002,Reach To Teach Foundation,ESO,,,,,2025-12-10 14:40:48,,zcrm_815132000000433001,Sharon Bacon,
zcrm_815132000009574002,EHALINE EMPOWERMENT INITIATIVE CENTRE UGANDA,SO,,,,,2025-12-10 15:57:54,,zcrm_815132000000433001,Sharon Bacon,
zcrm_815132000009596002,Pratham Education Foundation,ESO,,,,,2025-12-11 11:16:52,,zcrm_815132000000433001,Sharon Bacon,
zcrm_815132000009596027,Joy for Children Uganda,SO,,,,,2025-12-12 08:23:46,,zcrm_815132000000433001,Sharon Bacon,
zcrm_815132000009630005,Freshta Foundation Inc,ESO,,,,,2025-12-12 15:28:09,,zcrm_815132000000433001,Sharon Bacon,
zcrm_815132000009630023,Apni Shala Foundation,SO,,,,,2025-12-13 06:19:15,,zcrm_815132000000433001,Sharon Bacon,
zcrm_815132000009630048,Teacher coaches Uganda,ESO,,,,,2025-12-14 08:23:56,,zcrm_815132000000433001,Sharon Bacon,
zcrm_815132000009667001,Science Fuse,ESO,,,,,2025-12-15 13:19:46,,zcrm_815132000001160001,Herve Sumu,50
zcrm_815132000009679002,Safisha Africa Welfare Foundation,SO,,,,,2025-12-15 20:16:42,,zcrm_815132000000433001,Sharon Bacon,
zcrm_815132000009692002,The Kilgoris Project,SO,,,,,2025-12-16 09:21:59,,zcrm_815132000000433001,Sharon Bacon,
zcrm_815132000009692017,ATENXIA,ESO,,,,,2025-12-16 19:16:53,,zcrm_815132000000433001,Sharon Bacon,
zcrm_815132000009736002,TEST Heram Solutions,SO,,,,,2025-12-17 12:34:00,,zcrm_815132000000433001,Sharon Bacon,
zcrm_815132000009769002,Clinton Health Access Initiative,TBC,,,,,2025-12-18 09:53:21,,zcrm_815132000000433001,Sharon Bacon,
zcrm_815132000009883002,The Presbyterian University of East Africa,ESO,,,,,2025-12-26 09:09:24,,zcrm_815132000000433001,Sharon Bacon,
zcrm_815132000009893002,Dar Tawheed community school,SO,,,,,2025-12-26 21:43:15,,zcrm_815132000000433001,Sharon Bacon,
zcrm_815132000009893027,Mary joy Ethiopia,SO,,,,,2025-12-29 09:02:11,,zcrm_815132000000433001,Sharon Bacon,
zcrm_815132000009948002,Agrani viklang Foundation,ESO,,,,,2025-12-31 04:37:23,,zcrm_815132000000433001,Sharon Bacon,
zcrm_815132000010028002,Sensotech Consultants Limited,SO,,,,,2026-01-05 08:05:04,,zcrm_815132000000433001,Sharon Bacon,
zcrm_815132000010053002,Sharon test,ESO,,,,,2026-01-06 10:14:23,,zcrm_815132000000433001,Sharon Bacon,
zcrm_815132000010075016,TEST TEJASWINI -6th JAn,PARTNER,,,,,2026-01-06 15:28:32,,zcrm_815132000000433001,Sharon Bacon,
zcrm_815132000010078002,Sharon Partner,PARTNER,,,,,2026-01-06 14:06:37,,zcrm_815132000000433001,Sharon Bacon,
zcrm_815132000010104002,Sharon swap test,SO,,,,,2026-01-07 19:34:59,,zcrm_815132000000433001,Sharon Bacon,
zcrm_815132000010110002,Sharon SO Swap test,SO,,,,,2026-01-07 19:39:24,,zcrm_815132000000433001,Sharon Bacon,
zcrm_815132000010164002,Northern Kenya Fund,ESO,,,,,2026-01-09 10:33:49,,zcrm_815132000000433001,Sharon Bacon,
zcrm_815132000010169001,Perkins,,,,,,2026-01-09 18:37:43,,zcrm_815132000000433001,Sharon Bacon,
zcrm_815132000010175002,Salam Green Hills high School,SO,,,,,2026-01-10 14:53:15,,zcrm_815132000000433001,Sharon Bacon,
zcrm_815132000010190015,Mbariro,ESO,,,,,2026-01-14 11:36:55,,zcrm_815132000000433001,Sharon Bacon,
zcrm_815132000010229002,Musana,SO,,,,,2026-01-14 11:01:23,,zcrm_815132000000433001,Sharon Bacon,
zcrm_815132000010268002,GRACE Association,SO,,,,,2026-01-17 07:09:44,,zcrm_815132000000433001,Sharon Bacon,
zcrm_815132000010283002,SEF Partner School (Foundation-Assisted School),SO,,,,,2026-01-17 19:36:19,,zcrm_815132000000433001,Sharon Bacon,
zcrm_815132000010319002,Asante Aid for Children and Schools in Africa,SO,,,,,2026-01-20 08:26:37,,zcrm_815132000000433001,Sharon Bacon,
zcrm_815132000010327002,Hope for Youth - Uganda,SO,,,,,2026-01-20 12:07:27,,zcrm_815132000000433001,Sharon Bacon,
zcrm_815132000010336002,Commonwealth Education Trust,ESO,,,,,2026-01-20 16:23:47,,zcrm_815132000000433001,Sharon Bacon,
zcrm_815132000010370002,Community Centred Conservation - C3 Madagascar,SO,,,,,2026-01-22 12:49:02,,zcrm_815132000000433001,Sharon Bacon,
zcrm_815132000010508002,Oakland General merchant Consulting (OGMC),SO,,,,,2026-01-26 10:34:57,,zcrm_815132000000433001,Sharon Bacon,
zcrm_815132000010576007,Learning alliance,,,,,,2026-01-28 11:57:07,,zcrm_815132000000433001,Sharon Bacon,
zcrm_815132000010577008,Tanzania organization of serving orphans and vurnelable children,SO,,,,,2026-01-28 13:31:53,,zcrm_815132000000433001,Sharon Bacon,
zcrm_815132000010623002,Delight Public School,SO,,,,,2026-01-30 06:50:29,,zcrm_815132000000433001,Sharon Bacon,
