id,Survey respondant
1267a52e-0865-52d0-ab33-054ff15daebb,TRUE
fb9cbcd8-9d59-4d00-b19d-771df72ad501,TRUE
e7abb2fa-a5e6-48aa-b31a-a04c4a5ab6f7,TRUE
5b369d95-a31f-4a91-a7b8-11f1f22134a3,TRUE
1183fd5a-be52-56c0-a115-5608bf707ce5,TRUE
880f12b8-a569-4114-8f7f-ebe0fdd10f4f,TRUE
2451b63a-da1e-4031-844f-17f19d768756,TRUE
fb91e245-a5a3-4e82-a8e8-75ad99b9a265,TRUE
001c4956-5400-40df-8d35-df201f5b7f85,TRUE
d1bc98f3-db0d-4eb0-8600-f4b1f6924e54,TRUE
d5beedef-dd9e-466a-b594-f613858bedb0,TRUE
fa76d1a1-4227-414e-aece-5fe9cf22d69e,TRUE
743ed4ac-52a2-4067-98b9-57de45af477f,TRUE
7d78577f-6b5e-44bd-990c-f840d2162d88,TRUE
576783a0-6401-4d79-9afb-625a67463cab,TRUE
6e273540-ac69-444d-afa9-f2ed88704049,TRUE
74be3dbf-7816-5693-a567-39f8f03ccb72,TRUE
6be27152-a0b5-442f-b653-ffba7a95e26e,TRUE
266ef7f6-7161-45a4-bca4-47cc4cc727e7,TRUE
31229637-a01f-4da2-9403-0d6f13044df8,TRUE
87fced35-1cc3-44c4-bc8c-e27e6bcc9538,TRUE
bc1fc7f2-e921-4f64-b652-118d33e2c487,TRUE
7d90bfbf-7cea-40aa-83c3-9888d70a162f,TRUE
44f6dd48-8d90-58c3-a56e-d3a2f4a9e07c,TRUE
4c3dd6c3-6a2e-4dc9-af2a-e25aadbfbd8c,TRUE
880d1d25-4014-4150-b831-c6a73f46b61b,TRUE
36f3eb92-7524-5ab3-a362-decaa5f0c7b9,TRUE
c10b5b44-01b7-473b-ad33-721613ac6388,TRUE
2e8d5cc5-c6da-4c4b-81eb-875853938f2d,TRUE
4a78ad81-7373-5598-a4fa-34ee17f727a3,TRUE
101a7163-c38c-50e4-a2a5-026bfaf2e8d7,TRUE
57cc20b8-88f3-49bd-888a-fa735713f9da,TRUE
38bca406-5692-4749-9a8f-9834468b5c22,TRUE
a978c219-061a-4f4f-ae3e-8f0897175e71,TRUE
46d036ed-b430-44a7-83b0-e2abb5d16cd6,TRUE
1a245fd7-efd2-4750-8b98-e1915b01063d,TRUE
a0283d04-71c0-5afc-aa93-09bb1a6ad216,TRUE
b31a72f6-b764-4554-a6f7-0c262b5e9403,TRUE
c0c51370-7f7a-497a-80eb-839ad60599bf,TRUE
2ec74adb-f4aa-568d-ab7d-61303de9bc57,TRUE
f741204e-c0be-4845-a1c9-a28c14f4dde8,TRUE
d27b9df0-7785-5dc6-a0a5-49cbd49508ee,TRUE
ce27f5cb-34a9-407c-8a33-33a1d9330c80,TRUE
80297865-d46b-5c0f-a268-4699eca7d507,TRUE
411a30d9-9874-47c9-b42e-d9c2ce13f0b9,TRUE
b3bd1489-a98b-4195-8f45-f563d8e8060a,TRUE
69ca6c0e-2eb6-50f9-a95a-519227877218,TRUE
01625a3e-7e11-4815-9260-b7fbd892d3ef,TRUE
5e3cfb16-eed5-4bfc-bf68-d2fbcc8f5f4e,TRUE
f8a86f86-4cd9-4984-882c-1989b2c915f5,TRUE
ca635c15-9e19-4d25-b29e-3690c90b970b,TRUE
37661967-a970-4c6b-af35-cadceda66604,TRUE
22f26bba-cfbc-48a6-a881-a6f0f15ffd45,TRUE
