Iconnect unique id,Org logo URL
6b1b1f1f-2cef-4f2e-bad2-991e6323fdff,https://creatorapp.zohopublic.eu/globalschoolsforum/gsf-by-isaasi/report/All_Logos/214672000000488119/logo/download-file/PqOmg2d5D8bqw2r17u70bOOmG46BhA46zTUxjGfvgSQGPaUTxNDmUXfQjKg7KZP9qDDNFC7Vn0tG3eqztRKfQM4JAQPbp3Ad9K0W?filepath=/1759910267554741_Fundacion_Luker.png&digestValue=eyJsYW5ndWFnZSI6ImVuIn0=
fd73cff2-9894-42ca-8b82-2851eeed1435,https://creatorapp.zohopublic.eu/globalschoolsforum/gsf-by-isaasi/report/All_Logos/214672000000488151/logo/download-file/PqOmg2d5D8bqw2r17u70bOOmG46BhA46zTUxjGfvgSQGPaUTxNDmUXfQjKg7KZP9qDDNFC7Vn0tG3eqztRKfQM4JAQPbp3Ad9K0W?filepath=/1759910287659955_TEA-Logo.jpg&digestValue=eyJsYW5ndWFnZSI6ImVuIn0=
fb9f739c-43df-4b78-a719-c313da0435b9,https://creatorapp.zohopublic.eu/globalschoolsforum/gsf-by-isaasi/report/All_Logos/214672000000483179/logo/download-file/PqOmg2d5D8bqw2r17u70bOOmG46BhA46zTUxjGfvgSQGPaUTxNDmUXfQjKg7KZP9qDDNFC7Vn0tG3eqztRKfQM4JAQPbp3Ad9K0W?filepath=/1759910262677734_Ei.png&digestValue=eyJsYW5ndWFnZSI6ImVuIn0=
f7a34971-27d7-4b1b-b47a-f99963e1fcf0,https://creatorapp.zohopublic.eu/globalschoolsforum/gsf-by-isaasi/report/All_Logos/214672000000483139/logo/download-file/PqOmg2d5D8bqw2r17u70bOOmG46BhA46zTUxjGfvgSQGPaUTxNDmUXfQjKg7KZP9qDDNFC7Vn0tG3eqztRKfQM4JAQPbp3Ad9K0W?filepath=/1759910237331247_ZOCS__1_.png&digestValue=eyJsYW5ndWFnZSI6ImVuIn0=
f0df7ea8-1530-4062-b2c1-aa2755943863,https://creatorapp.zohopublic.eu/globalschoolsforum/gsf-by-isaasi/report/All_Logos/214672000000483215/logo/download-file/PqOmg2d5D8bqw2r17u70bOOmG46BhA46zTUxjGfvgSQGPaUTxNDmUXfQjKg7KZP9qDDNFC7Vn0tG3eqztRKfQM4JAQPbp3Ad9K0W?filepath=/1759910285798968_STiR_Education.jpg&digestValue=eyJsYW5ndWFnZSI6ImVuIn0=
ef1abd83-828b-4a78-bec5-e5348dafe39e,https://creatorapp.zohopublic.eu/globalschoolsforum/gsf-by-isaasi/report/All_Logos/214672000000490099/logo/download-file/PqOmg2d5D8bqw2r17u70bOOmG46BhA46zTUxjGfvgSQGPaUTxNDmUXfQjKg7KZP9qDDNFC7Vn0tG3eqztRKfQM4JAQPbp3Ad9K0W?filepath=/1759910275777849_Link_Education_International.jpg&digestValue=eyJsYW5ndWFnZSI6ImVuIn0=
ef0e0669-62db-4279-9f67-cdf947503ba9,https://creatorapp.zohopublic.eu/globalschoolsforum/gsf-by-isaasi/report/All_Logos/214672000000483107/logo/download-file/PqOmg2d5D8bqw2r17u70bOOmG46BhA46zTUxjGfvgSQGPaUTxNDmUXfQjKg7KZP9qDDNFC7Vn0tG3eqztRKfQM4JAQPbp3Ad9K0W?filepath=/1759910224780328_Umovement_-_logo.jpg&digestValue=eyJsYW5ndWFnZSI6ImVuIn0=
ec5f7510-874f-45d8-9e94-626926dbee64,https://creatorapp.zohopublic.eu/globalschoolsforum/gsf-by-isaasi/report/All_Logos/214672000000499007/logo/download-file/PqOmg2d5D8bqw2r17u70bOOmG46BhA46zTUxjGfvgSQGPaUTxNDmUXfQjKg7KZP9qDDNFC7Vn0tG3eqztRKfQM4JAQPbp3Ad9K0W?filepath=/1759910157960215_One_World_Network_of_Schools.jpg&digestValue=eyJsYW5ndWFnZSI6ImVuIn0=
e83791b2-1c50-4e3c-8c00-8a65681508f5,https://creatorapp.zohopublic.eu/globalschoolsforum/gsf-by-isaasi/report/All_Logos/214672000000483143/logo/download-file/PqOmg2d5D8bqw2r17u70bOOmG46BhA46zTUxjGfvgSQGPaUTxNDmUXfQjKg7KZP9qDDNFC7Vn0tG3eqztRKfQM4JAQPbp3Ad9K0W?filepath=/1759910237828417_Watoto_Wasome__1_.png&digestValue=eyJsYW5ndWFnZSI6ImVuIn0=
e775cebf-c243-4b10-b85a-a2e02151cc15,https://creatorapp.zohopublic.eu/globalschoolsforum/gsf-by-isaasi/report/All_Logos/214672000000486083/logo/download-file/PqOmg2d5D8bqw2r17u70bOOmG46BhA46zTUxjGfvgSQGPaUTxNDmUXfQjKg7KZP9qDDNFC7Vn0tG3eqztRKfQM4JAQPbp3Ad9K0W?filepath=/1759910223936674_WR_Logo.png&digestValue=eyJsYW5ndWFnZSI6ImVuIn0=
df96e8d8-ff35-410f-849f-ba783c060f92,https://creatorapp.zohopublic.eu/globalschoolsforum/gsf-by-isaasi/report/All_Logos/214672000000486167/logo/download-file/PqOmg2d5D8bqw2r17u70bOOmG46BhA46zTUxjGfvgSQGPaUTxNDmUXfQjKg7KZP9qDDNFC7Vn0tG3eqztRKfQM4JAQPbp3Ad9K0W?filepath=/1759910270727949_JackFruit_black_logo.jpg&digestValue=eyJsYW5ndWFnZSI6ImVuIn0=
df03f45c-656d-434d-b713-ee97748b3829,https://creatorapp.zohopublic.eu/globalschoolsforum/gsf-by-isaasi/report/All_Logos/214672000000483099/logo/download-file/PqOmg2d5D8bqw2r17u70bOOmG46BhA46zTUxjGfvgSQGPaUTxNDmUXfQjKg7KZP9qDDNFC7Vn0tG3eqztRKfQM4JAQPbp3Ad9K0W?filepath=/1759910220597476_Kalobeyei_Initiave_Logo.jpeg&digestValue=eyJsYW5ndWFnZSI6ImVuIn0=
dec8ec84-bd62-43a9-9476-aba2ec7a0998,https://creatorapp.zohopublic.eu/globalschoolsforum/gsf-by-isaasi/report/All_Logos/214672000000486091/logo/download-file/PqOmg2d5D8bqw2r17u70bOOmG46BhA46zTUxjGfvgSQGPaUTxNDmUXfQjKg7KZP9qDDNFC7Vn0tG3eqztRKfQM4JAQPbp3Ad9K0W?filepath=/1759910228715441_DEVI_Sansthan_-_logo.png&digestValue=eyJsYW5ndWFnZSI6ImVuIn0=
dc4f2859-5a6a-479e-89bc-d2b7ec755f45,https://creatorapp.zohopublic.eu/globalschoolsforum/gsf-by-isaasi/report/All_Logos/214672000000486179/logo/download-file/PqOmg2d5D8bqw2r17u70bOOmG46BhA46zTUxjGfvgSQGPaUTxNDmUXfQjKg7KZP9qDDNFC7Vn0tG3eqztRKfQM4JAQPbp3Ad9K0W?filepath=/1759910281747425_PATH__1_.jpg&digestValue=eyJsYW5ndWFnZSI6ImVuIn0=
db4ad8ea-58aa-4c7a-aff1-16d32a5a94f7,https://creatorapp.zohopublic.eu/globalschoolsforum/gsf-by-isaasi/report/All_Logos/214672000000483051/logo/download-file/PqOmg2d5D8bqw2r17u70bOOmG46BhA46zTUxjGfvgSQGPaUTxNDmUXfQjKg7KZP9qDDNFC7Vn0tG3eqztRKfQM4JAQPbp3Ad9K0W?filepath=/1759910181062762_Involve_-_Logo.png&digestValue=eyJsYW5ndWFnZSI6ImVuIn0=
d3622d6f-009a-4f9e-a205-e4fe01a80f09,https://creatorapp.zohopublic.eu/globalschoolsforum/gsf-by-isaasi/report/All_Logos/214672000000488115/logo/download-file/PqOmg2d5D8bqw2r17u70bOOmG46BhA46zTUxjGfvgSQGPaUTxNDmUXfQjKg7KZP9qDDNFC7Vn0tG3eqztRKfQM4JAQPbp3Ad9K0W?filepath=/1759910261112348_EdFin_web.png&digestValue=eyJsYW5ndWFnZSI6ImVuIn0=
d2c46b7b-2d3b-4633-bd60-806493628e06,https://creatorapp.zohopublic.eu/globalschoolsforum/gsf-by-isaasi/report/All_Logos/214672000000490083/logo/download-file/PqOmg2d5D8bqw2r17u70bOOmG46BhA46zTUxjGfvgSQGPaUTxNDmUXfQjKg7KZP9qDDNFC7Vn0tG3eqztRKfQM4JAQPbp3Ad9K0W?filepath=/1759910251311980_Gyan_shala_Logo.PNG&digestValue=eyJsYW5ndWFnZSI6ImVuIn0=
d0a5308e-56c3-462e-8365-9da3dde14518,https://creatorapp.zohopublic.eu/globalschoolsforum/gsf-by-isaasi/report/All_Logos/214672000000486183/logo/download-file/PqOmg2d5D8bqw2r17u70bOOmG46BhA46zTUxjGfvgSQGPaUTxNDmUXfQjKg7KZP9qDDNFC7Vn0tG3eqztRKfQM4JAQPbp3Ad9K0W?filepath=/1759910282930517_Pursue_Education_Logo__002_.png&digestValue=eyJsYW5ndWFnZSI6ImVuIn0=
cd4ca651-8bb9-4073-8562-2728cb78da99,https://creatorapp.zohopublic.eu/globalschoolsforum/gsf-by-isaasi/report/All_Logos/214672000000483055/logo/download-file/PqOmg2d5D8bqw2r17u70bOOmG46BhA46zTUxjGfvgSQGPaUTxNDmUXfQjKg7KZP9qDDNFC7Vn0tG3eqztRKfQM4JAQPbp3Ad9K0W?filepath=/1759910182078650_Africa_Dyslexia_Organisation_-_logo.png&digestValue=eyJsYW5ndWFnZSI6ImVuIn0=
cd347c4e-8952-484b-b88f-a1b251ca2202,https://creatorapp.zohopublic.eu/globalschoolsforum/gsf-by-isaasi/report/All_Logos/214672000000488159/logo/download-file/PqOmg2d5D8bqw2r17u70bOOmG46BhA46zTUxjGfvgSQGPaUTxNDmUXfQjKg7KZP9qDDNFC7Vn0tG3eqztRKfQM4JAQPbp3Ad9K0W?filepath=/1759910290670483_TIDE.jpg&digestValue=eyJsYW5ndWFnZSI6ImVuIn0=
cbe1b386-274b-4455-ae1e-3268c2d53051,https://creatorapp.zohopublic.eu/globalschoolsforum/gsf-by-isaasi/report/All_Logos/214672000000488187/logo/download-file/PqOmg2d5D8bqw2r17u70bOOmG46BhA46zTUxjGfvgSQGPaUTxNDmUXfQjKg7KZP9qDDNFC7Vn0tG3eqztRKfQM4JAQPbp3Ad9K0W?filepath=/1759910330884314_BRAC_logo.svg.png&digestValue=eyJsYW5ndWFnZSI6ImVuIn0=
c616f149-e82c-4127-9582-10d22c9f44c9,https://creatorapp.zohopublic.eu/globalschoolsforum/gsf-by-isaasi/report/All_Logos/214672000000483259/logo/download-file/PqOmg2d5D8bqw2r17u70bOOmG46BhA46zTUxjGfvgSQGPaUTxNDmUXfQjKg7KZP9qDDNFC7Vn0tG3eqztRKfQM4JAQPbp3Ad9K0W?filepath=/1759910329869254_JR-logo.png&digestValue=eyJsYW5ndWFnZSI6ImVuIn0=
c41962ca-b5d4-4aaf-bfda-d410e9a86355,https://creatorapp.zohopublic.eu/globalschoolsforum/gsf-by-isaasi/report/All_Logos/214672000000490047/logo/download-file/PqOmg2d5D8bqw2r17u70bOOmG46BhA46zTUxjGfvgSQGPaUTxNDmUXfQjKg7KZP9qDDNFC7Vn0tG3eqztRKfQM4JAQPbp3Ad9K0W?filepath=/1759910229191312_Coschool_logo.png&digestValue=eyJsYW5ndWFnZSI6ImVuIn0=
c2f2240a-9f33-452a-94e2-d50ee85c86df,https://creatorapp.zohopublic.eu/globalschoolsforum/gsf-by-isaasi/report/All_Logos/214672000000483059/logo/download-file/PqOmg2d5D8bqw2r17u70bOOmG46BhA46zTUxjGfvgSQGPaUTxNDmUXfQjKg7KZP9qDDNFC7Vn0tG3eqztRKfQM4JAQPbp3Ad9K0W?filepath=/1759910183074768_Pharo_foundation_-_logo.png&digestValue=eyJsYW5ndWFnZSI6ImVuIn0=
c2040e62-e603-43d6-b83b-53c300ac60b8,https://creatorapp.zohopublic.eu/globalschoolsforum/gsf-by-isaasi/report/All_Logos/214672000000483087/logo/download-file/PqOmg2d5D8bqw2r17u70bOOmG46BhA46zTUxjGfvgSQGPaUTxNDmUXfQjKg7KZP9qDDNFC7Vn0tG3eqztRKfQM4JAQPbp3Ad9K0W?filepath=/1759910209330947_Angaza_Elimu_-_logo.png&digestValue=eyJsYW5ndWFnZSI6ImVuIn0=
bdb9283c-b8b1-4cd0-af1c-2b3e4bdfecb1,https://creatorapp.zohopublic.eu/globalschoolsforum/gsf-by-isaasi/report/All_Logos/214672000000488111/logo/download-file/PqOmg2d5D8bqw2r17u70bOOmG46BhA46zTUxjGfvgSQGPaUTxNDmUXfQjKg7KZP9qDDNFC7Vn0tG3eqztRKfQM4JAQPbp3Ad9K0W?filepath=/1759910257419717_ARED.jpg&digestValue=eyJsYW5ndWFnZSI6ImVuIn0=
bd93b828-3262-4d55-94eb-eb5eb10db0d4,https://creatorapp.zohopublic.eu/globalschoolsforum/gsf-by-isaasi/report/All_Logos/214672000000494011/logo/download-file/PqOmg2d5D8bqw2r17u70bOOmG46BhA46zTUxjGfvgSQGPaUTxNDmUXfQjKg7KZP9qDDNFC7Vn0tG3eqztRKfQM4JAQPbp3Ad9K0W?filepath=/1759910143605835_Learning_Equality.jpg&digestValue=eyJsYW5ndWFnZSI6ImVuIn0=
bb1d4f9d-daf8-43c9-b2a5-db254c8679ee,https://creatorapp.zohopublic.eu/globalschoolsforum/gsf-by-isaasi/report/All_Logos/214672000000494007/logo/download-file/PqOmg2d5D8bqw2r17u70bOOmG46BhA46zTUxjGfvgSQGPaUTxNDmUXfQjKg7KZP9qDDNFC7Vn0tG3eqztRKfQM4JAQPbp3Ad9K0W?filepath=/1759910135936807_Avasar_Foundation.jpg&digestValue=eyJsYW5ndWFnZSI6ImVuIn0=
bae7e4e0-1b0b-4476-b757-0f1e2b3be7d5,https://creatorapp.zohopublic.eu/globalschoolsforum/gsf-by-isaasi/report/All_Logos/214672000000488123/logo/download-file/PqOmg2d5D8bqw2r17u70bOOmG46BhA46zTUxjGfvgSQGPaUTxNDmUXfQjKg7KZP9qDDNFC7Vn0tG3eqztRKfQM4JAQPbp3Ad9K0W?filepath=/1759910273641329_Kizazi_Logo.png&digestValue=eyJsYW5ndWFnZSI6ImVuIn0=
bae3c913-d39e-4271-9e16-34286300b8d3,https://creatorapp.zohopublic.eu/globalschoolsforum/gsf-by-isaasi/report/All_Logos/214672000000490091/logo/download-file/PqOmg2d5D8bqw2r17u70bOOmG46BhA46zTUxjGfvgSQGPaUTxNDmUXfQjKg7KZP9qDDNFC7Vn0tG3eqztRKfQM4JAQPbp3Ad9K0W?filepath=/1759910254755307_Aloha_Foundation.jpg&digestValue=eyJsYW5ndWFnZSI6ImVuIn0=
b888ae9f-a672-4ba0-bdd3-eb3a45701a13,https://creatorapp.zohopublic.eu/globalschoolsforum/gsf-by-isaasi/report/All_Logos/214672000000490063/logo/download-file/PqOmg2d5D8bqw2r17u70bOOmG46BhA46zTUxjGfvgSQGPaUTxNDmUXfQjKg7KZP9qDDNFC7Vn0tG3eqztRKfQM4JAQPbp3Ad9K0W?filepath=/1759910240165988_Room_to_Read__1_.png&digestValue=eyJsYW5ndWFnZSI6ImVuIn0=
b851e5d6-5260-4e07-acab-c1b6bce60048,https://creatorapp.zohopublic.eu/globalschoolsforum/gsf-by-isaasi/report/All_Logos/214672000000496011/logo/download-file/PqOmg2d5D8bqw2r17u70bOOmG46BhA46zTUxjGfvgSQGPaUTxNDmUXfQjKg7KZP9qDDNFC7Vn0tG3eqztRKfQM4JAQPbp3Ad9K0W?filepath=/1759910137771375_Dean_Foundation.jpg&digestValue=eyJsYW5ndWFnZSI6ImVuIn0=
b7e7c69c-b0bc-4ba6-971f-2262e1f9105f,https://creatorapp.zohopublic.eu/globalschoolsforum/gsf-by-isaasi/report/All_Logos/214672000000490035/logo/download-file/PqOmg2d5D8bqw2r17u70bOOmG46BhA46zTUxjGfvgSQGPaUTxNDmUXfQjKg7KZP9qDDNFC7Vn0tG3eqztRKfQM4JAQPbp3Ad9K0W?filepath=/1759910198313221_logo__6_.png&digestValue=eyJsYW5ndWFnZSI6ImVuIn0=
b43e2e4c-491d-49c9-8eb6-26146f183a68,https://creatorapp.zohopublic.eu/globalschoolsforum/gsf-by-isaasi/report/All_Logos/214672000000483103/logo/download-file/PqOmg2d5D8bqw2r17u70bOOmG46BhA46zTUxjGfvgSQGPaUTxNDmUXfQjKg7KZP9qDDNFC7Vn0tG3eqztRKfQM4JAQPbp3Ad9K0W?filepath=/1759910222779101_Jumpstart_Foundation_Trust_-_Logo.png&digestValue=eyJsYW5ndWFnZSI6ImVuIn0=
b2508e96-3a7e-42c2-bb1e-4d80ac1a5c9b,https://creatorapp.zohopublic.eu/globalschoolsforum/gsf-by-isaasi/report/All_Logos/214672000000483187/logo/download-file/PqOmg2d5D8bqw2r17u70bOOmG46BhA46zTUxjGfvgSQGPaUTxNDmUXfQjKg7KZP9qDDNFC7Vn0tG3eqztRKfQM4JAQPbp3Ad9K0W?filepath=/1759910269610554_Inspiring_Teachers1_logo_new.png&digestValue=eyJsYW5ndWFnZSI6ImVuIn0=
b1625ef8-b62d-41d4-92f6-afb25abc6eb2,https://creatorapp.zohopublic.eu/globalschoolsforum/gsf-by-isaasi/report/All_Logos/214672000000486151/logo/download-file/PqOmg2d5D8bqw2r17u70bOOmG46BhA46zTUxjGfvgSQGPaUTxNDmUXfQjKg7KZP9qDDNFC7Vn0tG3eqztRKfQM4JAQPbp3Ad9K0W?filepath=/1759910263187790_EIDU-Logo-RGB_Green.png&digestValue=eyJsYW5ndWFnZSI6ImVuIn0=
b0d8e278-b376-4dc3-ad7c-4d6bdb31e2d2,https://creatorapp.zohopublic.eu/globalschoolsforum/gsf-by-isaasi/report/All_Logos/214672000000490023/logo/download-file/PqOmg2d5D8bqw2r17u70bOOmG46BhA46zTUxjGfvgSQGPaUTxNDmUXfQjKg7KZP9qDDNFC7Vn0tG3eqztRKfQM4JAQPbp3Ad9K0W?filepath=/1759910183779597_Kurasa_Africa_-_logo.png&digestValue=eyJsYW5ndWFnZSI6ImVuIn0=
afeb1dbb-0f75-40c6-845c-d2e1b0c9c261,https://creatorapp.zohopublic.eu/globalschoolsforum/gsf-by-isaasi/report/All_Logos/214672000000483219/logo/download-file/PqOmg2d5D8bqw2r17u70bOOmG46BhA46zTUxjGfvgSQGPaUTxNDmUXfQjKg7KZP9qDDNFC7Vn0tG3eqztRKfQM4JAQPbp3Ad9K0W?filepath=/1759910286324561_Taleemabad_logo.png&digestValue=eyJsYW5ndWFnZSI6ImVuIn0=
ac2bb14e-9d20-4611-8a63-a5000df13bad,https://creatorapp.zohopublic.eu/globalschoolsforum/gsf-by-isaasi/report/All_Logos/214672000000486111/logo/download-file/PqOmg2d5D8bqw2r17u70bOOmG46BhA46zTUxjGfvgSQGPaUTxNDmUXfQjKg7KZP9qDDNFC7Vn0tG3eqztRKfQM4JAQPbp3Ad9K0W?filepath=/1759910245922368_Kreedo__1_.png&digestValue=eyJsYW5ndWFnZSI6ImVuIn0=
aa76a72d-dca8-4865-b959-7c4d22bcbf9e,https://creatorapp.zohopublic.eu/globalschoolsforum/gsf-by-isaasi/report/All_Logos/214672000000486147/logo/download-file/PqOmg2d5D8bqw2r17u70bOOmG46BhA46zTUxjGfvgSQGPaUTxNDmUXfQjKg7KZP9qDDNFC7Vn0tG3eqztRKfQM4JAQPbp3Ad9K0W?filepath=/1759910258668917_Axium_website_logo.png&digestValue=eyJsYW5ndWFnZSI6ImVuIn0=
a95afb09-6be7-4413-bf52-db567b643387,https://creatorapp.zohopublic.eu/globalschoolsforum/gsf-by-isaasi/report/All_Logos/214672000000488083/logo/download-file/PqOmg2d5D8bqw2r17u70bOOmG46BhA46zTUxjGfvgSQGPaUTxNDmUXfQjKg7KZP9qDDNFC7Vn0tG3eqztRKfQM4JAQPbp3Ad9K0W?filepath=/1759910219857293_Kisumu_Medical_and_Education_Trust_-_logo.png&digestValue=eyJsYW5ndWFnZSI6ImVuIn0=
a82d274d-c65d-4208-9da4-f06450a2d13f,https://creatorapp.zohopublic.eu/globalschoolsforum/gsf-by-isaasi/report/All_Logos/214672000000490051/logo/download-file/PqOmg2d5D8bqw2r17u70bOOmG46BhA46zTUxjGfvgSQGPaUTxNDmUXfQjKg7KZP9qDDNFC7Vn0tG3eqztRKfQM4JAQPbp3Ad9K0W?filepath=/1759910231994475_Duara_education_-_logo.png&digestValue=eyJsYW5ndWFnZSI6ImVuIn0=
a64d5c91-308c-427c-a252-c7b3f4a98b35,https://creatorapp.zohopublic.eu/globalschoolsforum/gsf-by-isaasi/report/All_Logos/214672000000490059/logo/download-file/PqOmg2d5D8bqw2r17u70bOOmG46BhA46zTUxjGfvgSQGPaUTxNDmUXfQjKg7KZP9qDDNFC7Vn0tG3eqztRKfQM4JAQPbp3Ad9K0W?filepath=/1759910239304438_Schoolinka__1_.png&digestValue=eyJsYW5ndWFnZSI6ImVuIn0=
a1e0bfb3-06d1-478a-a47f-36a7d6343f04,https://creatorapp.zohopublic.eu/globalschoolsforum/gsf-by-isaasi/report/All_Logos/214672000000488063/logo/download-file/PqOmg2d5D8bqw2r17u70bOOmG46BhA46zTUxjGfvgSQGPaUTxNDmUXfQjKg7KZP9qDDNFC7Vn0tG3eqztRKfQM4JAQPbp3Ad9K0W?filepath=/1759910185970572_Ubuntu_-_logo.png&digestValue=eyJsYW5ndWFnZSI6ImVuIn0=
a1d88490-b141-421b-9661-d3c860e0d928,https://creatorapp.zohopublic.eu/globalschoolsforum/gsf-by-isaasi/report/All_Logos/214672000000486079/logo/download-file/PqOmg2d5D8bqw2r17u70bOOmG46BhA46zTUxjGfvgSQGPaUTxNDmUXfQjKg7KZP9qDDNFC7Vn0tG3eqztRKfQM4JAQPbp3Ad9K0W?filepath=/1759910212202532_Lake_Region_Development_Programme_-_logo.png&digestValue=eyJsYW5ndWFnZSI6ImVuIn0=
99175644-9a8e-4803-af86-05827c2cf709,https://creatorapp.zohopublic.eu/globalschoolsforum/gsf-by-isaasi/report/All_Logos/214672000000496007/logo/download-file/PqOmg2d5D8bqw2r17u70bOOmG46BhA46zTUxjGfvgSQGPaUTxNDmUXfQjKg7KZP9qDDNFC7Vn0tG3eqztRKfQM4JAQPbp3Ad9K0W?filepath=/1759910131816475_YARID_logo.webp&digestValue=eyJsYW5ndWFnZSI6ImVuIn0=
9662e9ac-ac53-4001-b86f-2fc3283e1772,https://creatorapp.zohopublic.eu/globalschoolsforum/gsf-by-isaasi/report/All_Logos/214672000000483207/logo/download-file/PqOmg2d5D8bqw2r17u70bOOmG46BhA46zTUxjGfvgSQGPaUTxNDmUXfQjKg7KZP9qDDNFC7Vn0tG3eqztRKfQM4JAQPbp3Ad9K0W?filepath=/1759910281004539_Opp_Int_logo.jpg&digestValue=eyJsYW5ndWFnZSI6ImVuIn0=
950d0786-f4c7-450c-9436-23d42030d435,https://creatorapp.zohopublic.eu/globalschoolsforum/gsf-by-isaasi/report/All_Logos/214672000000500003/logo/download-file/PqOmg2d5D8bqw2r17u70bOOmG46BhA46zTUxjGfvgSQGPaUTxNDmUXfQjKg7KZP9qDDNFC7Vn0tG3eqztRKfQM4JAQPbp3Ad9K0W?filepath=/1759910153925861_Centre_for_Learning_Resource.jpg&digestValue=eyJsYW5ndWFnZSI6ImVuIn0=
94f8adeb-4eb1-417f-9425-d7641c125b37,https://creatorapp.zohopublic.eu/globalschoolsforum/gsf-by-isaasi/report/All_Logos/214672000000483267/logo/download-file/PqOmg2d5D8bqw2r17u70bOOmG46BhA46zTUxjGfvgSQGPaUTxNDmUXfQjKg7KZP9qDDNFC7Vn0tG3eqztRKfQM4JAQPbp3Ad9K0W?filepath=/1759910335825888_Abaarso_logo.png&digestValue=eyJsYW5ndWFnZSI6ImVuIn0=
94b89295-c6bb-4480-8248-01b85196dc81,https://creatorapp.zohopublic.eu/globalschoolsforum/gsf-by-isaasi/report/All_Logos/214672000000486051/logo/download-file/PqOmg2d5D8bqw2r17u70bOOmG46BhA46zTUxjGfvgSQGPaUTxNDmUXfQjKg7KZP9qDDNFC7Vn0tG3eqztRKfQM4JAQPbp3Ad9K0W?filepath=/1759910180553157_HigherLife_Foundation_-_Logo.png&digestValue=eyJsYW5ndWFnZSI6ImVuIn0=
92161627-411f-4c46-b822-f321e5532ade,https://creatorapp.zohopublic.eu/globalschoolsforum/gsf-by-isaasi/report/All_Logos/214672000000490111/logo/download-file/PqOmg2d5D8bqw2r17u70bOOmG46BhA46zTUxjGfvgSQGPaUTxNDmUXfQjKg7KZP9qDDNFC7Vn0tG3eqztRKfQM4JAQPbp3Ad9K0W?filepath=/1759910283898906_Reflective_Learning.png&digestValue=eyJsYW5ndWFnZSI6ImVuIn0=
8f0971db-53d2-440b-a504-741eefb6bfa9,https://creatorapp.zohopublic.eu/globalschoolsforum/gsf-by-isaasi/report/All_Logos/214672000000483191/logo/download-file/PqOmg2d5D8bqw2r17u70bOOmG46BhA46zTUxjGfvgSQGPaUTxNDmUXfQjKg7KZP9qDDNFC7Vn0tG3eqztRKfQM4JAQPbp3Ad9K0W?filepath=/1759910270079710_Instructional_Leadership_Institute.jpg&digestValue=eyJsYW5ndWFnZSI6ImVuIn0=
8ea8b06f-855e-4684-bee2-146ff3e2590f,https://creatorapp.zohopublic.eu/globalschoolsforum/gsf-by-isaasi/report/All_Logos/214672000000486155/logo/download-file/PqOmg2d5D8bqw2r17u70bOOmG46BhA46zTUxjGfvgSQGPaUTxNDmUXfQjKg7KZP9qDDNFC7Vn0tG3eqztRKfQM4JAQPbp3Ad9K0W?filepath=/1759910265729718_English_Quest.jpg&digestValue=eyJsYW5ndWFnZSI6ImVuIn0=
8c3fccfb-5e42-4ec6-a0fb-d1d24eedd9f9,https://creatorapp.zohopublic.eu/globalschoolsforum/gsf-by-isaasi/report/All_Logos/214672000000483083/logo/download-file/PqOmg2d5D8bqw2r17u70bOOmG46BhA46zTUxjGfvgSQGPaUTxNDmUXfQjKg7KZP9qDDNFC7Vn0tG3eqztRKfQM4JAQPbp3Ad9K0W?filepath=/1759910203623466_Uthabiti_logo_without_tagline_HD__19.04.2023_.png&digestValue=eyJsYW5ndWFnZSI6ImVuIn0=
8a422589-ccdd-4ef6-b7a5-623be8f86017,https://creatorapp.zohopublic.eu/globalschoolsforum/gsf-by-isaasi/report/All_Logos/214672000000490107/logo/download-file/PqOmg2d5D8bqw2r17u70bOOmG46BhA46zTUxjGfvgSQGPaUTxNDmUXfQjKg7KZP9qDDNFC7Vn0tG3eqztRKfQM4JAQPbp3Ad9K0W?filepath=/1759910283455369_Rangeet_new_logo.png&digestValue=eyJsYW5ndWFnZSI6ImVuIn0=
89bc30cc-b6fa-4a65-9384-0f3997493dc2,https://creatorapp.zohopublic.eu/globalschoolsforum/gsf-by-isaasi/report/All_Logos/214672000000494023/logo/download-file/PqOmg2d5D8bqw2r17u70bOOmG46BhA46zTUxjGfvgSQGPaUTxNDmUXfQjKg7KZP9qDDNFC7Vn0tG3eqztRKfQM4JAQPbp3Ad9K0W?filepath=/1759910147408874_Sunflower.jpg&digestValue=eyJsYW5ndWFnZSI6ImVuIn0=
878f0acc-3216-43d4-9fb9-849622175ee4,https://creatorapp.zohopublic.eu/globalschoolsforum/gsf-by-isaasi/report/All_Logos/214672000000486143/logo/download-file/PqOmg2d5D8bqw2r17u70bOOmG46BhA46zTUxjGfvgSQGPaUTxNDmUXfQjKg7KZP9qDDNFC7Vn0tG3eqztRKfQM4JAQPbp3Ad9K0W?filepath=/1759910257997875_Asante_Africa_Foundation_-_LOGO.png&digestValue=eyJsYW5ndWFnZSI6ImVuIn0=
7a9b5b11-6653-4473-b23b-c4233afd401d,https://creatorapp.zohopublic.eu/globalschoolsforum/gsf-by-isaasi/report/All_Logos/214672000000486163/logo/download-file/PqOmg2d5D8bqw2r17u70bOOmG46BhA46zTUxjGfvgSQGPaUTxNDmUXfQjKg7KZP9qDDNFC7Vn0tG3eqztRKfQM4JAQPbp3Ad9K0W?filepath=/1759910269107663_IDP_logo_300x150.png&digestValue=eyJsYW5ndWFnZSI6ImVuIn0=
7a1c1bcd-9d17-4f0e-88c2-f089a68ad91b,https://creatorapp.zohopublic.eu/globalschoolsforum/gsf-by-isaasi/report/All_Logos/214672000000483211/logo/download-file/PqOmg2d5D8bqw2r17u70bOOmG46BhA46zTUxjGfvgSQGPaUTxNDmUXfQjKg7KZP9qDDNFC7Vn0tG3eqztRKfQM4JAQPbp3Ad9K0W?filepath=/1759910282310343_Prajayatna_-_logo.jpg&digestValue=eyJsYW5ndWFnZSI6ImVuIn0=
792240b3-8bad-4e22-8d1a-fa33ed91f0ad,https://creatorapp.zohopublic.eu/globalschoolsforum/gsf-by-isaasi/report/All_Logos/214672000000490055/logo/download-file/PqOmg2d5D8bqw2r17u70bOOmG46BhA46zTUxjGfvgSQGPaUTxNDmUXfQjKg7KZP9qDDNFC7Vn0tG3eqztRKfQM4JAQPbp3Ad9K0W?filepath=/1759910236799876_Children_on_the_Edge__2_.png&digestValue=eyJsYW5ndWFnZSI6ImVuIn0=
78f62a1b-edee-4f7c-8539-2d48b5e39ebc,https://creatorapp.zohopublic.eu/globalschoolsforum/gsf-by-isaasi/report/All_Logos/214672000000490115/logo/download-file/PqOmg2d5D8bqw2r17u70bOOmG46BhA46zTUxjGfvgSQGPaUTxNDmUXfQjKg7KZP9qDDNFC7Vn0tG3eqztRKfQM4JAQPbp3Ad9K0W?filepath=/1759910291599936_Transform_Schools.jpg&digestValue=eyJsYW5ndWFnZSI6ImVuIn0=
78edb83d-6d4b-4bda-b63f-517207f674c3,https://creatorapp.zohopublic.eu/globalschoolsforum/gsf-by-isaasi/report/All_Logos/214672000000486087/logo/download-file/PqOmg2d5D8bqw2r17u70bOOmG46BhA46zTUxjGfvgSQGPaUTxNDmUXfQjKg7KZP9qDDNFC7Vn0tG3eqztRKfQM4JAQPbp3Ad9K0W?filepath=/1759910225607338_Logo__2_.png&digestValue=eyJsYW5ndWFnZSI6ImVuIn0=
72a11d41-0202-4405-9185-1a46507a5e4b,https://creatorapp.zohopublic.eu/globalschoolsforum/gsf-by-isaasi/report/All_Logos/214672000000483175/logo/download-file/PqOmg2d5D8bqw2r17u70bOOmG46BhA46zTUxjGfvgSQGPaUTxNDmUXfQjKg7KZP9qDDNFC7Vn0tG3eqztRKfQM4JAQPbp3Ad9K0W?filepath=/1759910261789422_Edify_Logo.png&digestValue=eyJsYW5ndWFnZSI6ImVuIn0=
6d2731a1-52aa-4983-ae5d-40196b1d88aa,https://creatorapp.zohopublic.eu/globalschoolsforum/gsf-by-isaasi/report/All_Logos/214672000000486071/logo/download-file/PqOmg2d5D8bqw2r17u70bOOmG46BhA46zTUxjGfvgSQGPaUTxNDmUXfQjKg7KZP9qDDNFC7Vn0tG3eqztRKfQM4JAQPbp3Ad9K0W?filepath=/1759910207171385_Stadi_Za_Maisha_Educational_Trust__Logo.png&digestValue=eyJsYW5ndWFnZSI6ImVuIn0=
6a5a187a-9eaf-4f5d-a5db-6b31fb352610,https://creatorapp.zohopublic.eu/globalschoolsforum/gsf-by-isaasi/report/All_Logos/214672000000483071/logo/download-file/PqOmg2d5D8bqw2r17u70bOOmG46BhA46zTUxjGfvgSQGPaUTxNDmUXfQjKg7KZP9qDDNFC7Vn0tG3eqztRKfQM4JAQPbp3Ad9K0W?filepath=/1759910195485509_Gyan_Prakash_-_logo.png&digestValue=eyJsYW5ndWFnZSI6ImVuIn0=
69a017fa-4ca7-47c0-9a3e-a461741602db,https://creatorapp.zohopublic.eu/globalschoolsforum/gsf-by-isaasi/report/All_Logos/214672000000488071/logo/download-file/PqOmg2d5D8bqw2r17u70bOOmG46BhA46zTUxjGfvgSQGPaUTxNDmUXfQjKg7KZP9qDDNFC7Vn0tG3eqztRKfQM4JAQPbp3Ad9K0W?filepath=/1759910200738604_ALA-logo-RGB-Horizontal-01.png&digestValue=eyJsYW5ndWFnZSI6ImVuIn0=
67eb6467-e998-4887-8a6a-51add6a908f6,https://creatorapp.zohopublic.eu/globalschoolsforum/gsf-by-isaasi/report/All_Logos/214672000000483091/logo/download-file/PqOmg2d5D8bqw2r17u70bOOmG46BhA46zTUxjGfvgSQGPaUTxNDmUXfQjKg7KZP9qDDNFC7Vn0tG3eqztRKfQM4JAQPbp3Ad9K0W?filepath=/1759910209843543_Think_Education_-_logo.png&digestValue=eyJsYW5ndWFnZSI6ImVuIn0=
67a56764-4951-4075-ace9-7eb5b411019a,https://creatorapp.zohopublic.eu/globalschoolsforum/gsf-by-isaasi/report/All_Logos/214672000000486075/logo/download-file/PqOmg2d5D8bqw2r17u70bOOmG46BhA46zTUxjGfvgSQGPaUTxNDmUXfQjKg7KZP9qDDNFC7Vn0tG3eqztRKfQM4JAQPbp3Ad9K0W?filepath=/1759910208785245_SEF_logo-01_-_Mainak_Roy__1_.png&digestValue=eyJsYW5ndWFnZSI6ImVuIn0=
672952e4-a760-4def-bb06-f6f37fad4257,https://creatorapp.zohopublic.eu/globalschoolsforum/gsf-by-isaasi/report/All_Logos/214672000000497007/logo/download-file/PqOmg2d5D8bqw2r17u70bOOmG46BhA46zTUxjGfvgSQGPaUTxNDmUXfQjKg7KZP9qDDNFC7Vn0tG3eqztRKfQM4JAQPbp3Ad9K0W?filepath=/1759910136835493_CAHED.jpg&digestValue=eyJsYW5ndWFnZSI6ImVuIn0=
66bf7f94-9825-4195-84e0-3c6f10da516c,https://creatorapp.zohopublic.eu/globalschoolsforum/gsf-by-isaasi/report/All_Logos/214672000000488075/logo/download-file/PqOmg2d5D8bqw2r17u70bOOmG46BhA46zTUxjGfvgSQGPaUTxNDmUXfQjKg7KZP9qDDNFC7Vn0tG3eqztRKfQM4JAQPbp3Ad9K0W?filepath=/1759910202766683_Ugeafi_Logo.png&digestValue=eyJsYW5ndWFnZSI6ImVuIn0=
6393516d-d6bd-4625-8d83-0dd663f338d8,https://creatorapp.zohopublic.eu/globalschoolsforum/gsf-by-isaasi/report/All_Logos/214672000000483147/logo/download-file/PqOmg2d5D8bqw2r17u70bOOmG46BhA46zTUxjGfvgSQGPaUTxNDmUXfQjKg7KZP9qDDNFC7Vn0tG3eqztRKfQM4JAQPbp3Ad9K0W?filepath=/1759910243147590_LLF__1_.png&digestValue=eyJsYW5ndWFnZSI6ImVuIn0=
62d04526-080a-462b-ae2f-32a63f6e3a41,https://creatorapp.zohopublic.eu/globalschoolsforum/gsf-by-isaasi/report/All_Logos/214672000000488087/logo/download-file/PqOmg2d5D8bqw2r17u70bOOmG46BhA46zTUxjGfvgSQGPaUTxNDmUXfQjKg7KZP9qDDNFC7Vn0tG3eqztRKfQM4JAQPbp3Ad9K0W?filepath=/1759910223263595_Central_Square_Foundation_-_logo.png&digestValue=eyJsYW5ndWFnZSI6ImVuIn0=
61dac8c7-005b-4952-8173-fbea61a244ba,https://creatorapp.zohopublic.eu/globalschoolsforum/gsf-by-isaasi/report/All_Logos/214672000000486099/logo/download-file/PqOmg2d5D8bqw2r17u70bOOmG46BhA46zTUxjGfvgSQGPaUTxNDmUXfQjKg7KZP9qDDNFC7Vn0tG3eqztRKfQM4JAQPbp3Ad9K0W?filepath=/1759910234908992_TECEC__1_.png&digestValue=eyJsYW5ndWFnZSI6ImVuIn0=
5c1e323e-9260-4c62-9c43-3b697a9c5ca0,https://creatorapp.zohopublic.eu/globalschoolsforum/gsf-by-isaasi/report/All_Logos/214672000000490103/logo/download-file/PqOmg2d5D8bqw2r17u70bOOmG46BhA46zTUxjGfvgSQGPaUTxNDmUXfQjKg7KZP9qDDNFC7Vn0tG3eqztRKfQM4JAQPbp3Ad9K0W?filepath=/1759910277168431_Logo-Horiz-01-PMS.jpg&digestValue=eyJsYW5ndWFnZSI6ImVuIn0=
59e29d23-77eb-450e-80ec-f97e9f58200f,https://creatorapp.zohopublic.eu/globalschoolsforum/gsf-by-isaasi/report/All_Logos/214672000000483199/logo/download-file/PqOmg2d5D8bqw2r17u70bOOmG46BhA46zTUxjGfvgSQGPaUTxNDmUXfQjKg7KZP9qDDNFC7Vn0tG3eqztRKfQM4JAQPbp3Ad9K0W?filepath=/1759910273058675_Kids_Collab.png&digestValue=eyJsYW5ndWFnZSI6ImVuIn0=
589fc0b2-c37b-499f-8178-050d818cb9a7,https://creatorapp.zohopublic.eu/globalschoolsforum/gsf-by-isaasi/report/All_Logos/214672000000486059/logo/download-file/PqOmg2d5D8bqw2r17u70bOOmG46BhA46zTUxjGfvgSQGPaUTxNDmUXfQjKg7KZP9qDDNFC7Vn0tG3eqztRKfQM4JAQPbp3Ad9K0W?filepath=/1759910194716263_Huddle_Education_-_logo.png&digestValue=eyJsYW5ndWFnZSI6ImVuIn0=
5400e9ad-6ce4-4178-ba9b-1f37eb268c76,https://creatorapp.zohopublic.eu/globalschoolsforum/gsf-by-isaasi/report/All_Logos/214672000000493023/logo/download-file/PqOmg2d5D8bqw2r17u70bOOmG46BhA46zTUxjGfvgSQGPaUTxNDmUXfQjKg7KZP9qDDNFC7Vn0tG3eqztRKfQM4JAQPbp3Ad9K0W?filepath=/1759910140759766_Hello_Future.jpg&digestValue=eyJsYW5ndWFnZSI6ImVuIn0=
4fa2011b-a663-4fde-8c37-a2b44f9f8074,https://creatorapp.zohopublic.eu/globalschoolsforum/gsf-by-isaasi/report/All_Logos/214672000000483079/logo/download-file/PqOmg2d5D8bqw2r17u70bOOmG46BhA46zTUxjGfvgSQGPaUTxNDmUXfQjKg7KZP9qDDNFC7Vn0tG3eqztRKfQM4JAQPbp3Ad9K0W?filepath=/1759910197014347_Metis_Collective_-_logo.png&digestValue=eyJsYW5ndWFnZSI6ImVuIn0=
49fd709f-0b73-43f1-a83b-39ae9c0c6fb0,https://creatorapp.zohopublic.eu/globalschoolsforum/gsf-by-isaasi/report/All_Logos/214672000000490067/logo/download-file/PqOmg2d5D8bqw2r17u70bOOmG46BhA46zTUxjGfvgSQGPaUTxNDmUXfQjKg7KZP9qDDNFC7Vn0tG3eqztRKfQM4JAQPbp3Ad9K0W?filepath=/1759910241320451_NYAF__1_.png&digestValue=eyJsYW5ndWFnZSI6ImVuIn0=
4606cd20-bbc9-4fda-b151-38cf16c08430,https://creatorapp.zohopublic.eu/globalschoolsforum/gsf-by-isaasi/report/All_Logos/214672000000488103/logo/download-file/PqOmg2d5D8bqw2r17u70bOOmG46BhA46zTUxjGfvgSQGPaUTxNDmUXfQjKg7KZP9qDDNFC7Vn0tG3eqztRKfQM4JAQPbp3Ad9K0W?filepath=/1759910245421217_Learning_Differently__1_.png&digestValue=eyJsYW5ndWFnZSI6ImVuIn0=
43f55d31-59b1-4b30-9c3f-52ad25216ddb,https://creatorapp.zohopublic.eu/globalschoolsforum/gsf-by-isaasi/report/All_Logos/214672000000488143/logo/download-file/PqOmg2d5D8bqw2r17u70bOOmG46BhA46zTUxjGfvgSQGPaUTxNDmUXfQjKg7KZP9qDDNFC7Vn0tG3eqztRKfQM4JAQPbp3Ad9K0W?filepath=/1759910279768664_MfM.jpg&digestValue=eyJsYW5ndWFnZSI6ImVuIn0=
40943bb1-2e96-49ae-a1b3-c2a826981a7a,https://creatorapp.zohopublic.eu/globalschoolsforum/gsf-by-isaasi/report/All_Logos/214672000000488067/logo/download-file/PqOmg2d5D8bqw2r17u70bOOmG46BhA46zTUxjGfvgSQGPaUTxNDmUXfQjKg7KZP9qDDNFC7Vn0tG3eqztRKfQM4JAQPbp3Ad9K0W?filepath=/1759910194018417_The_Reading_Factory_-_logo.png&digestValue=eyJsYW5ndWFnZSI6ImVuIn0=
3dc5dc88-1f9a-4bfe-aa4f-c7faed384120,https://creatorapp.zohopublic.eu/globalschoolsforum/gsf-by-isaasi/report/All_Logos/214672000000483067/logo/download-file/PqOmg2d5D8bqw2r17u70bOOmG46BhA46zTUxjGfvgSQGPaUTxNDmUXfQjKg7KZP9qDDNFC7Vn0tG3eqztRKfQM4JAQPbp3Ad9K0W?filepath=/1759910185463714_EERUi_-_Logo.jpg&digestValue=eyJsYW5ndWFnZSI6ImVuIn0=
372f257b-dad1-4de4-b0a2-6623160ce524,https://creatorapp.zohopublic.eu/globalschoolsforum/gsf-by-isaasi/report/All_Logos/214672000000483159/logo/download-file/PqOmg2d5D8bqw2r17u70bOOmG46BhA46zTUxjGfvgSQGPaUTxNDmUXfQjKg7KZP9qDDNFC7Vn0tG3eqztRKfQM4JAQPbp3Ad9K0W?filepath=/1759910256733361_AREAi.jpg&digestValue=eyJsYW5ndWFnZSI6ImVuIn0=
31c451da-fab6-4f79-a6a2-3224032e6d7a,https://creatorapp.zohopublic.eu/globalschoolsforum/gsf-by-isaasi/report/All_Logos/214672000000497015/logo/download-file/PqOmg2d5D8bqw2r17u70bOOmG46BhA46zTUxjGfvgSQGPaUTxNDmUXfQjKg7KZP9qDDNFC7Vn0tG3eqztRKfQM4JAQPbp3Ad9K0W?filepath=/1759910145054755_Lend_a_Hand_India_-_Logo.png&digestValue=eyJsYW5ndWFnZSI6ImVuIn0=
316b6815-667d-4618-b274-4d651893f521,https://creatorapp.zohopublic.eu/globalschoolsforum/gsf-by-isaasi/report/All_Logos/214672000000488099/logo/download-file/PqOmg2d5D8bqw2r17u70bOOmG46BhA46zTUxjGfvgSQGPaUTxNDmUXfQjKg7KZP9qDDNFC7Vn0tG3eqztRKfQM4JAQPbp3Ad9K0W?filepath=/1759910236191524_Olinga__1_.png&digestValue=eyJsYW5ndWFnZSI6ImVuIn0=
31285061-fb0c-4226-950c-e83133779e0e,https://creatorapp.zohopublic.eu/globalschoolsforum/gsf-by-isaasi/report/All_Logos/214672000000486107/logo/download-file/PqOmg2d5D8bqw2r17u70bOOmG46BhA46zTUxjGfvgSQGPaUTxNDmUXfQjKg7KZP9qDDNFC7Vn0tG3eqztRKfQM4JAQPbp3Ad9K0W?filepath=/1759910244108933_Link__Community_Dev_Malawi.png&digestValue=eyJsYW5ndWFnZSI6ImVuIn0=
2b85b0a9-e698-4bbf-91e8-2a731aaa7fb3,https://creatorapp.zohopublic.eu/globalschoolsforum/gsf-by-isaasi/report/All_Logos/214672000000498007/logo/download-file/PqOmg2d5D8bqw2r17u70bOOmG46BhA46zTUxjGfvgSQGPaUTxNDmUXfQjKg7KZP9qDDNFC7Vn0tG3eqztRKfQM4JAQPbp3Ad9K0W?filepath=/1759910156184491_Sustainable_SEED.jpg&digestValue=eyJsYW5ndWFnZSI6ImVuIn0=
293a0981-a2a8-4b30-9701-d5bf819e6365,https://creatorapp.zohopublic.eu/globalschoolsforum/gsf-by-isaasi/report/All_Logos/214672000000483047/logo/download-file/PqOmg2d5D8bqw2r17u70bOOmG46BhA46zTUxjGfvgSQGPaUTxNDmUXfQjKg7KZP9qDDNFC7Vn0tG3eqztRKfQM4JAQPbp3Ad9K0W?filepath=/1759910178022101_LOGO__7_.png&digestValue=eyJsYW5ndWFnZSI6ImVuIn0=
286d7d00-ce6f-446a-90ad-21defe358399,https://creatorapp.zohopublic.eu/globalschoolsforum/gsf-by-isaasi/report/All_Logos/214672000000486115/logo/download-file/PqOmg2d5D8bqw2r17u70bOOmG46BhA46zTUxjGfvgSQGPaUTxNDmUXfQjKg7KZP9qDDNFC7Vn0tG3eqztRKfQM4JAQPbp3Ad9K0W?filepath=/1759910246475882_Kenya_Connect__1_.png&digestValue=eyJsYW5ndWFnZSI6ImVuIn0=
27a7c0a7-04a0-44ae-b2d1-3843fd8abccc,https://creatorapp.zohopublic.eu/globalschoolsforum/gsf-by-isaasi/report/All_Logos/214672000000490043/logo/download-file/PqOmg2d5D8bqw2r17u70bOOmG46BhA46zTUxjGfvgSQGPaUTxNDmUXfQjKg7KZP9qDDNFC7Vn0tG3eqztRKfQM4JAQPbp3Ad9K0W?filepath=/1759910211005522_logo__5_.png&digestValue=eyJsYW5ndWFnZSI6ImVuIn0=
278801c6-3d49-4620-9f35-0c3fba3394e9,https://creatorapp.zohopublic.eu/globalschoolsforum/gsf-by-isaasi/report/All_Logos/214672000000486175/logo/download-file/PqOmg2d5D8bqw2r17u70bOOmG46BhA46zTUxjGfvgSQGPaUTxNDmUXfQjKg7KZP9qDDNFC7Vn0tG3eqztRKfQM4JAQPbp3Ad9K0W?filepath=/1759910280415654_NADEV_-_Logo.jpg&digestValue=eyJsYW5ndWFnZSI6ImVuIn0=
26993e62-7873-4163-9ff9-fb57590e2073,https://creatorapp.zohopublic.eu/globalschoolsforum/gsf-by-isaasi/report/All_Logos/214672000000483263/logo/download-file/PqOmg2d5D8bqw2r17u70bOOmG46BhA46zTUxjGfvgSQGPaUTxNDmUXfQjKg7KZP9qDDNFC7Vn0tG3eqztRKfQM4JAQPbp3Ad9K0W?filepath=/1759910332530933_BT-Logo-2C_2_.png&digestValue=eyJsYW5ndWFnZSI6ImVuIn0=
202ddb8e-e91c-43b9-9369-3751338d50ab,https://creatorapp.zohopublic.eu/globalschoolsforum/gsf-by-isaasi/report/All_Logos/214672000000483167/logo/download-file/PqOmg2d5D8bqw2r17u70bOOmG46BhA46zTUxjGfvgSQGPaUTxNDmUXfQjKg7KZP9qDDNFC7Vn0tG3eqztRKfQM4JAQPbp3Ad9K0W?filepath=/1759910259655805_CRECCOM.jpg&digestValue=eyJsYW5ndWFnZSI6ImVuIn0=
1ec6e394-0672-4c5d-8e5b-71c5fc74a9c9,https://creatorapp.zohopublic.eu/globalschoolsforum/gsf-by-isaasi/report/All_Logos/214672000000488127/logo/download-file/PqOmg2d5D8bqw2r17u70bOOmG46BhA46zTUxjGfvgSQGPaUTxNDmUXfQjKg7KZP9qDDNFC7Vn0tG3eqztRKfQM4JAQPbp3Ad9K0W?filepath=/1759910276320681_Logo.png&digestValue=eyJsYW5ndWFnZSI6ImVuIn0=
1d87229d-6d2e-4889-82a9-ba28828004d7,https://creatorapp.zohopublic.eu/globalschoolsforum/gsf-by-isaasi/report/All_Logos/214672000000483227/logo/download-file/PqOmg2d5D8bqw2r17u70bOOmG46BhA46zTUxjGfvgSQGPaUTxNDmUXfQjKg7KZP9qDDNFC7Vn0tG3eqztRKfQM4JAQPbp3Ad9K0W?filepath=/1759910288867498_Think_Zone__1_.jpg&digestValue=eyJsYW5ndWFnZSI6ImVuIn0=
1d710f1c-72f9-41b3-a219-a8dff9fde454,https://creatorapp.zohopublic.eu/globalschoolsforum/gsf-by-isaasi/report/All_Logos/214672000000490071/logo/download-file/PqOmg2d5D8bqw2r17u70bOOmG46BhA46zTUxjGfvgSQGPaUTxNDmUXfQjKg7KZP9qDDNFC7Vn0tG3eqztRKfQM4JAQPbp3Ad9K0W?filepath=/1759910244910523_Learning_Links__1_.png&digestValue=eyJsYW5ndWFnZSI6ImVuIn0=
1ab9bc11-ce55-467e-ac4b-6ed98ccff581,https://creatorapp.zohopublic.eu/globalschoolsforum/gsf-by-isaasi/report/All_Logos/214672000000483095/logo/download-file/PqOmg2d5D8bqw2r17u70bOOmG46BhA46zTUxjGfvgSQGPaUTxNDmUXfQjKg7KZP9qDDNFC7Vn0tG3eqztRKfQM4JAQPbp3Ad9K0W?filepath=/1759910210455359_Sabre_Education_Logo.png&digestValue=eyJsYW5ndWFnZSI6ImVuIn0=
19e9e142-d20c-48dd-be85-12fa58f8928a,https://creatorapp.zohopublic.eu/globalschoolsforum/gsf-by-isaasi/report/All_Logos/214672000000483163/logo/download-file/PqOmg2d5D8bqw2r17u70bOOmG46BhA46zTUxjGfvgSQGPaUTxNDmUXfQjKg7KZP9qDDNFC7Vn0tG3eqztRKfQM4JAQPbp3Ad9K0W?filepath=/1759910259171888_CHIDDO.jpg&digestValue=eyJsYW5ndWFnZSI6ImVuIn0=
185ed091-62eb-47ff-98bc-ba3be0928ee4,https://creatorapp.zohopublic.eu/globalschoolsforum/gsf-by-isaasi/report/All_Logos/214672000000483115/logo/download-file/PqOmg2d5D8bqw2r17u70bOOmG46BhA46zTUxjGfvgSQGPaUTxNDmUXfQjKg7KZP9qDDNFC7Vn0tG3eqztRKfQM4JAQPbp3Ad9K0W?filepath=/1759910227996175_Dyslexia_Organization_Kenya_-_logo.jpg&digestValue=eyJsYW5ndWFnZSI6ImVuIn0=
181730ed-667a-4bb7-8ba2-edcdd9aaed3f,https://creatorapp.zohopublic.eu/globalschoolsforum/gsf-by-isaasi/report/All_Logos/214672000000488155/logo/download-file/PqOmg2d5D8bqw2r17u70bOOmG46BhA46zTUxjGfvgSQGPaUTxNDmUXfQjKg7KZP9qDDNFC7Vn0tG3eqztRKfQM4JAQPbp3Ad9K0W?filepath=/1759910288156246_Think_Equal_-_Logo.png&digestValue=eyJsYW5ndWFnZSI6ImVuIn0=
15e6973f-1364-4f37-afb5-af603440f6eb,https://creatorapp.zohopublic.eu/globalschoolsforum/gsf-by-isaasi/report/All_Logos/214672000000483119/logo/download-file/PqOmg2d5D8bqw2r17u70bOOmG46BhA46zTUxjGfvgSQGPaUTxNDmUXfQjKg7KZP9qDDNFC7Vn0tG3eqztRKfQM4JAQPbp3Ad9K0W?filepath=/1759910229875206_children_in_crossfire_-_logo.png&digestValue=eyJsYW5ndWFnZSI6ImVuIn0=
13de6158-9034-4555-88df-f829f68e1174,https://creatorapp.zohopublic.eu/globalschoolsforum/gsf-by-isaasi/report/All_Logos/214672000000483203/logo/download-file/PqOmg2d5D8bqw2r17u70bOOmG46BhA46zTUxjGfvgSQGPaUTxNDmUXfQjKg7KZP9qDDNFC7Vn0tG3eqztRKfQM4JAQPbp3Ad9K0W?filepath=/1759910274266828_Leadership_for_Skilled_Education_Foundation_-_logo.png&digestValue=eyJsYW5ndWFnZSI6ImVuIn0=
128a70ad-9f23-4cb8-b801-e35aff03d833,https://creatorapp.zohopublic.eu/globalschoolsforum/gsf-by-isaasi/report/All_Logos/214672000000483123/logo/download-file/PqOmg2d5D8bqw2r17u70bOOmG46BhA46zTUxjGfvgSQGPaUTxNDmUXfQjKg7KZP9qDDNFC7Vn0tG3eqztRKfQM4JAQPbp3Ad9K0W?filepath=/1759910231461579_NABU_Logo.png&digestValue=eyJsYW5ndWFnZSI6ImVuIn0=
11c9e56d-df60-4464-bdbe-432484007676,https://creatorapp.zohopublic.eu/globalschoolsforum/gsf-by-isaasi/report/All_Logos/214672000000486119/logo/download-file/PqOmg2d5D8bqw2r17u70bOOmG46BhA46zTUxjGfvgSQGPaUTxNDmUXfQjKg7KZP9qDDNFC7Vn0tG3eqztRKfQM4JAQPbp3Ad9K0W?filepath=/1759910247021877_Turning_Point_Trust.png&digestValue=eyJsYW5ndWFnZSI6ImVuIn0=
0d5173b0-1e13-4ec5-90b2-1042f835d125,https://creatorapp.zohopublic.eu/globalschoolsforum/gsf-by-isaasi/report/All_Logos/214672000000483223/logo/download-file/PqOmg2d5D8bqw2r17u70bOOmG46BhA46zTUxjGfvgSQGPaUTxNDmUXfQjKg7KZP9qDDNFC7Vn0tG3eqztRKfQM4JAQPbp3Ad9K0W?filepath=/1759910286985613_TeachUnited_logo.png&digestValue=eyJsYW5ndWFnZSI6ImVuIn0=
0c416e1d-4c3c-4a92-b111-259458fd40e2,https://creatorapp.zohopublic.eu/globalschoolsforum/gsf-by-isaasi/report/All_Logos/214672000000490095/logo/download-file/PqOmg2d5D8bqw2r17u70bOOmG46BhA46zTUxjGfvgSQGPaUTxNDmUXfQjKg7KZP9qDDNFC7Vn0tG3eqztRKfQM4JAQPbp3Ad9K0W?filepath=/1759910272276941_Kashf.jpg&digestValue=eyJsYW5ndWFnZSI6ImVuIn0=
0b1ceb78-9fc8-4c4c-a545-0607be1d91df,https://creatorapp.zohopublic.eu/globalschoolsforum/gsf-by-isaasi/report/All_Logos/214672000000483251/logo/download-file/PqOmg2d5D8bqw2r17u70bOOmG46BhA46zTUxjGfvgSQGPaUTxNDmUXfQjKg7KZP9qDDNFC7Vn0tG3eqztRKfQM4JAQPbp3Ad9K0W?filepath=/1759910313268801_LEAD_300x150.png&digestValue=eyJsYW5ndWFnZSI6ImVuIn0=
095a0cc1-eac1-4d27-9769-1640b6f62c2b,https://creatorapp.zohopublic.eu/globalschoolsforum/gsf-by-isaasi/report/All_Logos/214672000000486103/logo/download-file/PqOmg2d5D8bqw2r17u70bOOmG46BhA46zTUxjGfvgSQGPaUTxNDmUXfQjKg7KZP9qDDNFC7Vn0tG3eqztRKfQM4JAQPbp3Ad9K0W?filepath=/1759910242123712_Meerkat_Learning__1_.png&digestValue=eyJsYW5ndWFnZSI6ImVuIn0=
06cfe499-7da2-4113-98cf-c43d109bbe13,https://creatorapp.zohopublic.eu/globalschoolsforum/gsf-by-isaasi/report/All_Logos/214672000000488135/logo/download-file/PqOmg2d5D8bqw2r17u70bOOmG46BhA46zTUxjGfvgSQGPaUTxNDmUXfQjKg7KZP9qDDNFC7Vn0tG3eqztRKfQM4JAQPbp3Ad9K0W?filepath=/1759910278782322_Madhi_logo.png&digestValue=eyJsYW5ndWFnZSI6ImVuIn0=
05cf1680-410c-4692-a465-267f67b1988c,https://creatorapp.zohopublic.eu/globalschoolsforum/gsf-by-isaasi/report/All_Logos/214672000000488095/logo/download-file/PqOmg2d5D8bqw2r17u70bOOmG46BhA46zTUxjGfvgSQGPaUTxNDmUXfQjKg7KZP9qDDNFC7Vn0tG3eqztRKfQM4JAQPbp3Ad9K0W?filepath=/1759910235619972_Right_to_Play__1_.png&digestValue=eyJsYW5ndWFnZSI6ImVuIn0=
052e492c-bfbd-4591-a95b-8a33ed9db466,https://creatorapp.zohopublic.eu/globalschoolsforum/gsf-by-isaasi/report/All_Logos/214672000000483171/logo/download-file/PqOmg2d5D8bqw2r17u70bOOmG46BhA46zTUxjGfvgSQGPaUTxNDmUXfQjKg7KZP9qDDNFC7Vn0tG3eqztRKfQM4JAQPbp3Ad9K0W?filepath=/1759910260330220_Dignitas_Logo.png&digestValue=eyJsYW5ndWFnZSI6ImVuIn0=
0187e9bb-1694-4588-b39b-847aae39b2d5,https://creatorapp.zohopublic.eu/globalschoolsforum/gsf-by-isaasi/report/All_Logos/214672000000486135/logo/download-file/PqOmg2d5D8bqw2r17u70bOOmG46BhA46zTUxjGfvgSQGPaUTxNDmUXfQjKg7KZP9qDDNFC7Vn0tG3eqztRKfQM4JAQPbp3Ad9K0W?filepath=/1759910255746320_Antarang.jpg&digestValue=eyJsYW5ndWFnZSI6ImVuIn0=
007c6dc7-3d03-482d-83cb-049cc66e10a7,https://creatorapp.zohopublic.eu/globalschoolsforum/gsf-by-isaasi/report/All_Logos/214672000000486139/logo/download-file/PqOmg2d5D8bqw2r17u70bOOmG46BhA46zTUxjGfvgSQGPaUTxNDmUXfQjKg7KZP9qDDNFC7Vn0tG3eqztRKfQM4JAQPbp3Ad9K0W?filepath=/1759910256288481_Aptus__1_.jpg&digestValue=eyJsYW5ndWFnZSI6ImVuIn0=
a5679678-1e17-4c45-b282-9acc93ada878,https://creatorapp.zohopublic.eu/globalschoolsforum/gsf-by-isaasi/report/All_Logos/214672000000490139/logo/download-file/PqOmg2d5D8bqw2r17u70bOOmG46BhA46zTUxjGfvgSQGPaUTxNDmUXfQjKg7KZP9qDDNFC7Vn0tG3eqztRKfQM4JAQPbp3Ad9K0W?filepath=/1759910309585233_Logo_Alianza_Eductiva_Color.png&digestValue=eyJsYW5ndWFnZSI6ImVuIn0=
593ca178-3e9d-4831-9bf0-2613e284c357,https://creatorapp.zohopublic.eu/globalschoolsforum/gsf-by-isaasi/report/All_Logos/214672000000486159/logo/download-file/PqOmg2d5D8bqw2r17u70bOOmG46BhA46zTUxjGfvgSQGPaUTxNDmUXfQjKg7KZP9qDDNFC7Vn0tG3eqztRKfQM4JAQPbp3Ad9K0W?filepath=/1759910266213611_Fundacion_ical_logo_website.png&digestValue=eyJsYW5ndWFnZSI6ImVuIn0=
fb9feb74-4c74-49d8-ab16-d4b93ea5e88f,https://creatorapp.zohopublic.eu/globalschoolsforum/gsf-by-isaasi/report/All_Logos/214672000000483235/logo/download-file/PqOmg2d5D8bqw2r17u70bOOmG46BhA46zTUxjGfvgSQGPaUTxNDmUXfQjKg7KZP9qDDNFC7Vn0tG3eqztRKfQM4JAQPbp3Ad9K0W?filepath=/1759910297697857_Rede_logo-3.png&digestValue=eyJsYW5ndWFnZSI6ImVuIn0=
fea02831-ef8c-46c7-8f14-22dbca8380ef,https://creatorapp.zohopublic.eu/globalschoolsforum/gsf-by-isaasi/report/All_Logos/214672000000483131/logo/download-file/PqOmg2d5D8bqw2r17u70bOOmG46BhA46zTUxjGfvgSQGPaUTxNDmUXfQjKg7KZP9qDDNFC7Vn0tG3eqztRKfQM4JAQPbp3Ad9K0W?filepath=/1759910233183922_Logo__1_.png&digestValue=eyJsYW5ndWFnZSI6ImVuIn0=
f9cfb8f7-fd38-46ae-a356-3ea12904ea90,https://creatorapp.zohopublic.eu/globalschoolsforum/gsf-by-isaasi/report/All_Logos/214672000000486063/logo/download-file/PqOmg2d5D8bqw2r17u70bOOmG46BhA46zTUxjGfvgSQGPaUTxNDmUXfQjKg7KZP9qDDNFC7Vn0tG3eqztRKfQM4JAQPbp3Ad9K0W?filepath=/1759910196331163_Amala_Education__logo.png&digestValue=eyJsYW5ndWFnZSI6ImVuIn0=
f27a0dd4-b58b-40dd-b89b-bf9579f38753,https://creatorapp.zohopublic.eu/globalschoolsforum/gsf-by-isaasi/report/All_Logos/214672000000488167/logo/download-file/PqOmg2d5D8bqw2r17u70bOOmG46BhA46zTUxjGfvgSQGPaUTxNDmUXfQjKg7KZP9qDDNFC7Vn0tG3eqztRKfQM4JAQPbp3Ad9K0W?filepath=/1759910299085158_PEAS_Logo_-_Kaitlynn_Saldanha.png&digestValue=eyJsYW5ndWFnZSI6ImVuIn0=
f22e8498-6e1b-42a3-9e93-74c7bf9e94d0,https://creatorapp.zohopublic.eu/globalschoolsforum/gsf-by-isaasi/report/All_Logos/214672000000486095/logo/download-file/PqOmg2d5D8bqw2r17u70bOOmG46BhA46zTUxjGfvgSQGPaUTxNDmUXfQjKg7KZP9qDDNFC7Vn0tG3eqztRKfQM4JAQPbp3Ad9K0W?filepath=/1759910230510807_Rightway_schools_-_logo.png&digestValue=eyJsYW5ndWFnZSI6ImVuIn0=
eac40ab2-a794-4f0a-8150-5179279d0fe3,https://creatorapp.zohopublic.eu/globalschoolsforum/gsf-by-isaasi/report/All_Logos/214672000000483239/logo/download-file/PqOmg2d5D8bqw2r17u70bOOmG46BhA46zTUxjGfvgSQGPaUTxNDmUXfQjKg7KZP9qDDNFC7Vn0tG3eqztRKfQM4JAQPbp3Ad9K0W?filepath=/1759910298503410_Peepul_newlogo_H2_1_.jpg&digestValue=eyJsYW5ndWFnZSI6ImVuIn0=
dad8f366-74cb-4946-b1f5-7bee08f2cca2,https://creatorapp.zohopublic.eu/globalschoolsforum/gsf-by-isaasi/report/All_Logos/214672000000490039/logo/download-file/PqOmg2d5D8bqw2r17u70bOOmG46BhA46zTUxjGfvgSQGPaUTxNDmUXfQjKg7KZP9qDDNFC7Vn0tG3eqztRKfQM4JAQPbp3Ad9K0W?filepath=/1759910200068410_300x150.png&digestValue=eyJsYW5ndWFnZSI6ImVuIn0=
d5bddeba-93c6-4dcb-a56d-729279a2979b,https://creatorapp.zohopublic.eu/globalschoolsforum/gsf-by-isaasi/report/All_Logos/214672000000488195/logo/download-file/PqOmg2d5D8bqw2r17u70bOOmG46BhA46zTUxjGfvgSQGPaUTxNDmUXfQjKg7KZP9qDDNFC7Vn0tG3eqztRKfQM4JAQPbp3Ad9K0W?filepath=/1759910331880377_Cadmus-Logo-Border.jpg&digestValue=eyJsYW5ndWFnZSI6ImVuIn0=
d455d477-6604-4523-b52a-9aff0742eef2,https://creatorapp.zohopublic.eu/globalschoolsforum/gsf-by-isaasi/report/All_Logos/214672000000486191/logo/download-file/PqOmg2d5D8bqw2r17u70bOOmG46BhA46zTUxjGfvgSQGPaUTxNDmUXfQjKg7KZP9qDDNFC7Vn0tG3eqztRKfQM4JAQPbp3Ad9K0W?filepath=/1759910291148786_Totocare_-_Nawirika.jpg&digestValue=eyJsYW5ndWFnZSI6ImVuIn0=
d2407ebb-f25a-42c3-b268-3c8ac77889d6,https://creatorapp.zohopublic.eu/globalschoolsforum/gsf-by-isaasi/report/All_Logos/214672000000490131/logo/download-file/PqOmg2d5D8bqw2r17u70bOOmG46BhA46zTUxjGfvgSQGPaUTxNDmUXfQjKg7KZP9qDDNFC7Vn0tG3eqztRKfQM4JAQPbp3Ad9K0W?filepath=/1759910305740459_logo_Spark_-_Frances_Piper_.jpg&digestValue=eyJsYW5ndWFnZSI6ImVuIn0=
d1f25346-308e-421a-a865-05b27997eb50,https://creatorapp.zohopublic.eu/globalschoolsforum/gsf-by-isaasi/report/All_Logos/214672000000483111/logo/download-file/PqOmg2d5D8bqw2r17u70bOOmG46BhA46zTUxjGfvgSQGPaUTxNDmUXfQjKg7KZP9qDDNFC7Vn0tG3eqztRKfQM4JAQPbp3Ad9K0W?filepath=/1759910226285883_FNS-Logo__1_.jpg&digestValue=eyJsYW5ndWFnZSI6ImVuIn0=
cc881cd5-c4e0-4a36-8b98-63881b0ccdf3,https://creatorapp.zohopublic.eu/globalschoolsforum/gsf-by-isaasi/report/All_Logos/214672000000490079/logo/download-file/PqOmg2d5D8bqw2r17u70bOOmG46BhA46zTUxjGfvgSQGPaUTxNDmUXfQjKg7KZP9qDDNFC7Vn0tG3eqztRKfQM4JAQPbp3Ad9K0W?filepath=/1759910250803538_Enko_Logo.jpg&digestValue=eyJsYW5ndWFnZSI6ImVuIn0=
cbe04c3c-8f8a-4435-b9c8-7bc16366a07c,https://creatorapp.zohopublic.eu/globalschoolsforum/gsf-by-isaasi/report/All_Logos/214672000000496019/logo/download-file/PqOmg2d5D8bqw2r17u70bOOmG46BhA46zTUxjGfvgSQGPaUTxNDmUXfQjKg7KZP9qDDNFC7Vn0tG3eqztRKfQM4JAQPbp3Ad9K0W?filepath=/1759910149292663_life_builders_logo.png&digestValue=eyJsYW5ndWFnZSI6ImVuIn0=
c88ddeee-ac6f-4faa-a7a6-c44e869fa2b9,https://creatorapp.zohopublic.eu/globalschoolsforum/gsf-by-isaasi/report/All_Logos/214672000000488059/logo/download-file/PqOmg2d5D8bqw2r17u70bOOmG46BhA46zTUxjGfvgSQGPaUTxNDmUXfQjKg7KZP9qDDNFC7Vn0tG3eqztRKfQM4JAQPbp3Ad9K0W?filepath=/1759910179771553_One_World_Academy_-_logo.png&digestValue=eyJsYW5ndWFnZSI6ImVuIn0=
c3b20162-9884-4e73-96ab-541dd07628d6,https://creatorapp.zohopublic.eu/globalschoolsforum/gsf-by-isaasi/report/All_Logos/214672000000483255/logo/download-file/PqOmg2d5D8bqw2r17u70bOOmG46BhA46zTUxjGfvgSQGPaUTxNDmUXfQjKg7KZP9qDDNFC7Vn0tG3eqztRKfQM4JAQPbp3Ad9K0W?filepath=/1759910329172843_Jupiter_Academy.jpg&digestValue=eyJsYW5ndWFnZSI6ImVuIn0=
c204a932-0c54-451f-94f9-b7ad590ad1e2,https://creatorapp.zohopublic.eu/globalschoolsforum/gsf-by-isaasi/report/All_Logos/214672000000486199/logo/download-file/PqOmg2d5D8bqw2r17u70bOOmG46BhA46zTUxjGfvgSQGPaUTxNDmUXfQjKg7KZP9qDDNFC7Vn0tG3eqztRKfQM4JAQPbp3Ad9K0W?filepath=/1759910293516871_TCF_300x150.jpg&digestValue=eyJsYW5ndWFnZSI6ImVuIn0=
c11316d1-2bd7-4520-956c-c1237c76a1b0,https://creatorapp.zohopublic.eu/globalschoolsforum/gsf-by-isaasi/report/All_Logos/214672000000483247/logo/download-file/PqOmg2d5D8bqw2r17u70bOOmG46BhA46zTUxjGfvgSQGPaUTxNDmUXfQjKg7KZP9qDDNFC7Vn0tG3eqztRKfQM4JAQPbp3Ad9K0W?filepath=/1759910307970777_logo_common_good.png&digestValue=eyJsYW5ndWFnZSI6ImVuIn0=
be92cbeb-cbb8-4100-8f5b-786367f3d522,https://creatorapp.zohopublic.eu/globalschoolsforum/gsf-by-isaasi/report/All_Logos/214672000000490119/logo/download-file/PqOmg2d5D8bqw2r17u70bOOmG46BhA46zTUxjGfvgSQGPaUTxNDmUXfQjKg7KZP9qDDNFC7Vn0tG3eqztRKfQM4JAQPbp3Ad9K0W?filepath=/1759910297117932_SFL_logo.jpg&digestValue=eyJsYW5ndWFnZSI6ImVuIn0=
bc4bbe9d-5dc0-490a-a41f-432220813bb2,https://creatorapp.zohopublic.eu/globalschoolsforum/gsf-by-isaasi/report/All_Logos/214672000000486127/logo/download-file/PqOmg2d5D8bqw2r17u70bOOmG46BhA46zTUxjGfvgSQGPaUTxNDmUXfQjKg7KZP9qDDNFC7Vn0tG3eqztRKfQM4JAQPbp3Ad9K0W?filepath=/1759910252532347_HLC-New-Logo_Colour.jpg&digestValue=eyJsYW5ndWFnZSI6ImVuIn0=
b3ebbe21-d559-4e86-9138-6f2a5266375c,https://creatorapp.zohopublic.eu/globalschoolsforum/gsf-by-isaasi/report/All_Logos/214672000000483183/logo/download-file/PqOmg2d5D8bqw2r17u70bOOmG46BhA46zTUxjGfvgSQGPaUTxNDmUXfQjKg7KZP9qDDNFC7Vn0tG3eqztRKfQM4JAQPbp3Ad9K0W?filepath=/1759910264192315_Ek_Tara_new_logo.png&digestValue=eyJsYW5ndWFnZSI6ImVuIn0=
ae951ca4-c258-45ac-aaa4-0775e6aefd86,https://creatorapp.zohopublic.eu/globalschoolsforum/gsf-by-isaasi/report/All_Logos/214672000000483135/logo/download-file/PqOmg2d5D8bqw2r17u70bOOmG46BhA46zTUxjGfvgSQGPaUTxNDmUXfQjKg7KZP9qDDNFC7Vn0tG3eqztRKfQM4JAQPbp3Ad9K0W?filepath=/1759910234402827_Cree_logo_300x150.png&digestValue=eyJsYW5ndWFnZSI6ImVuIn0=
a26aaba1-9ef4-4c42-b8ed-3437944c8857,https://creatorapp.zohopublic.eu/globalschoolsforum/gsf-by-isaasi/report/All_Logos/214672000000499011/logo/download-file/PqOmg2d5D8bqw2r17u70bOOmG46BhA46zTUxjGfvgSQGPaUTxNDmUXfQjKg7KZP9qDDNFC7Vn0tG3eqztRKfQM4JAQPbp3Ad9K0W?filepath=/1759910153051751_Educore_Foundation.jpg&digestValue=eyJsYW5ndWFnZSI6ImVuIn0=
9d7ecc63-a729-4567-87b9-3b4fa8add3e6,https://creatorapp.zohopublic.eu/globalschoolsforum/gsf-by-isaasi/report/All_Logos/214672000000483151/logo/download-file/PqOmg2d5D8bqw2r17u70bOOmG46BhA46zTUxjGfvgSQGPaUTxNDmUXfQjKg7KZP9qDDNFC7Vn0tG3eqztRKfQM4JAQPbp3Ad9K0W?filepath=/1759910249221452_Beehive_School__1_.png&digestValue=eyJsYW5ndWFnZSI6ImVuIn0=
9a494891-cf91-4a1f-8dde-cf1fc38802f1,https://creatorapp.zohopublic.eu/globalschoolsforum/gsf-by-isaasi/report/All_Logos/214672000000486123/logo/download-file/PqOmg2d5D8bqw2r17u70bOOmG46BhA46zTUxjGfvgSQGPaUTxNDmUXfQjKg7KZP9qDDNFC7Vn0tG3eqztRKfQM4JAQPbp3Ad9K0W?filepath=/1759910248205151_Little_Barn_Kindergarten__1_.png&digestValue=eyJsYW5ndWFnZSI6ImVuIn0=
9a2cac3f-ba87-49d2-a069-8a2086c28cb8,https://creatorapp.zohopublic.eu/globalschoolsforum/gsf-by-isaasi/report/All_Logos/214672000000486215/logo/download-file/PqOmg2d5D8bqw2r17u70bOOmG46BhA46zTUxjGfvgSQGPaUTxNDmUXfQjKg7KZP9qDDNFC7Vn0tG3eqztRKfQM4JAQPbp3Ad9K0W?filepath=/1759910310514960_logo_aga_khan.png&digestValue=eyJsYW5ndWFnZSI6ImVuIn0=
976adfe1-ba02-4e78-aa22-bb8b97fe8d2e,https://creatorapp.zohopublic.eu/globalschoolsforum/gsf-by-isaasi/report/All_Logos/214672000000488171/logo/download-file/PqOmg2d5D8bqw2r17u70bOOmG46BhA46zTUxjGfvgSQGPaUTxNDmUXfQjKg7KZP9qDDNFC7Vn0tG3eqztRKfQM4JAQPbp3Ad9K0W?filepath=/1759910301325245_Muktangan_Logo.png&digestValue=eyJsYW5ndWFnZSI6ImVuIn0=
945f7f4c-5f3e-42b2-8853-bd58030254f4,https://creatorapp.zohopublic.eu/globalschoolsforum/gsf-by-isaasi/report/All_Logos/214672000000483063/logo/download-file/PqOmg2d5D8bqw2r17u70bOOmG46BhA46zTUxjGfvgSQGPaUTxNDmUXfQjKg7KZP9qDDNFC7Vn0tG3eqztRKfQM4JAQPbp3Ad9K0W?filepath=/1759910184747666_HilltopSchools_Logo__1_.png&digestValue=eyJsYW5ndWFnZSI6ImVuIn0=
8fbdfb60-eba9-4f96-b5cf-cc116e69bcc5,https://creatorapp.zohopublic.eu/globalschoolsforum/gsf-by-isaasi/report/All_Logos/214672000000496023/logo/download-file/PqOmg2d5D8bqw2r17u70bOOmG46BhA46zTUxjGfvgSQGPaUTxNDmUXfQjKg7KZP9qDDNFC7Vn0tG3eqztRKfQM4JAQPbp3Ad9K0W?filepath=/1759910150129354_Maia_impact_logo.png&digestValue=eyJsYW5ndWFnZSI6ImVuIn0=
889bd346-3adf-4965-ba56-107f318560f5,https://creatorapp.zohopublic.eu/globalschoolsforum/gsf-by-isaasi/report/All_Logos/214672000000486207/logo/download-file/PqOmg2d5D8bqw2r17u70bOOmG46BhA46zTUxjGfvgSQGPaUTxNDmUXfQjKg7KZP9qDDNFC7Vn0tG3eqztRKfQM4JAQPbp3Ad9K0W?filepath=/1759910302342402_Luminos_Logo.jpg&digestValue=eyJsYW5ndWFnZSI6ImVuIn0=
84404298-e2e8-4c27-acdc-854a7c1db610,https://creatorapp.zohopublic.eu/globalschoolsforum/gsf-by-isaasi/report/All_Logos/214672000000488163/logo/download-file/PqOmg2d5D8bqw2r17u70bOOmG46BhA46zTUxjGfvgSQGPaUTxNDmUXfQjKg7KZP9qDDNFC7Vn0tG3eqztRKfQM4JAQPbp3Ad9K0W?filepath=/1759910296147659_SHOFCO.png&digestValue=eyJsYW5ndWFnZSI6ImVuIn0=
7b264711-4d16-41bc-ba5a-11af55c09615,https://creatorapp.zohopublic.eu/globalschoolsforum/gsf-by-isaasi/report/All_Logos/214672000000483231/logo/download-file/PqOmg2d5D8bqw2r17u70bOOmG46BhA46zTUxjGfvgSQGPaUTxNDmUXfQjKg7KZP9qDDNFC7Vn0tG3eqztRKfQM4JAQPbp3Ad9K0W?filepath=/1759910294767564_Streetlight-logo.jpg&digestValue=eyJsYW5ndWFnZSI6ImVuIn0=
7429ab95-a746-4a6f-b1e4-6b706dd650d2,https://creatorapp.zohopublic.eu/globalschoolsforum/gsf-by-isaasi/report/All_Logos/214672000000486067/logo/download-file/PqOmg2d5D8bqw2r17u70bOOmG46BhA46zTUxjGfvgSQGPaUTxNDmUXfQjKg7KZP9qDDNFC7Vn0tG3eqztRKfQM4JAQPbp3Ad9K0W?filepath=/1759910206558441_Tiny_Totos_-_Logo.png&digestValue=eyJsYW5ndWFnZSI6ImVuIn0=
73585c27-b130-4055-8f0b-8f826b877122,https://creatorapp.zohopublic.eu/globalschoolsforum/gsf-by-isaasi/report/All_Logos/214672000000490027/logo/download-file/PqOmg2d5D8bqw2r17u70bOOmG46BhA46zTUxjGfvgSQGPaUTxNDmUXfQjKg7KZP9qDDNFC7Vn0tG3eqztRKfQM4JAQPbp3Ad9K0W?filepath=/1759910184268897_Kaya_childcare_-_logo.png&digestValue=eyJsYW5ndWFnZSI6ImVuIn0=
718eb39e-a929-4d5e-820e-656cf84468e5,https://creatorapp.zohopublic.eu/globalschoolsforum/gsf-by-isaasi/report/All_Logos/214672000000490127/logo/download-file/PqOmg2d5D8bqw2r17u70bOOmG46BhA46zTUxjGfvgSQGPaUTxNDmUXfQjKg7KZP9qDDNFC7Vn0tG3eqztRKfQM4JAQPbp3Ad9K0W?filepath=/1759910303433767_logo-futura-cmyk.jpg&digestValue=eyJsYW5ndWFnZSI6ImVuIn0=
6ecb4b9d-b929-41b4-9da7-2b7477b8be88,https://creatorapp.zohopublic.eu/globalschoolsforum/gsf-by-isaasi/report/All_Logos/214672000000490087/logo/download-file/PqOmg2d5D8bqw2r17u70bOOmG46BhA46zTUxjGfvgSQGPaUTxNDmUXfQjKg7KZP9qDDNFC7Vn0tG3eqztRKfQM4JAQPbp3Ad9K0W?filepath=/1759910251946693_EducAidsquare_logo_fc.jpg&digestValue=eyJsYW5ndWFnZSI6ImVuIn0=
66886e4c-0c26-45a8-abb2-ea4e618c9052,https://creatorapp.zohopublic.eu/globalschoolsforum/gsf-by-isaasi/report/All_Logos/214672000000486171/logo/download-file/PqOmg2d5D8bqw2r17u70bOOmG46BhA46zTUxjGfvgSQGPaUTxNDmUXfQjKg7KZP9qDDNFC7Vn0tG3eqztRKfQM4JAQPbp3Ad9K0W?filepath=/1759910274939578_Learn_to_Play_Logo.png&digestValue=eyJsYW5ndWFnZSI6ImVuIn0=
6353f84b-8718-4726-9898-4f1f9582693a,https://creatorapp.zohopublic.eu/globalschoolsforum/gsf-by-isaasi/report/All_Logos/214672000000483127/logo/download-file/PqOmg2d5D8bqw2r17u70bOOmG46BhA46zTUxjGfvgSQGPaUTxNDmUXfQjKg7KZP9qDDNFC7Vn0tG3eqztRKfQM4JAQPbp3Ad9K0W?filepath=/1759910232614929_RA_Logo_RGB_Transparent__1_.png&digestValue=eyJsYW5ndWFnZSI6ImVuIn0=
5ff8babb-d102-4071-a9fe-a97eb6a9c1f9,https://creatorapp.zohopublic.eu/globalschoolsforum/gsf-by-isaasi/report/All_Logos/214672000000488179/logo/download-file/PqOmg2d5D8bqw2r17u70bOOmG46BhA46zTUxjGfvgSQGPaUTxNDmUXfQjKg7KZP9qDDNFC7Vn0tG3eqztRKfQM4JAQPbp3Ad9K0W?filepath=/1759910306802744_Logo_kidogo.jpg&digestValue=eyJsYW5ndWFnZSI6ImVuIn0=
5fc41397-d0e3-4128-bdcb-922c7629598e,https://creatorapp.zohopublic.eu/globalschoolsforum/gsf-by-isaasi/report/All_Logos/214672000000490135/logo/download-file/PqOmg2d5D8bqw2r17u70bOOmG46BhA46zTUxjGfvgSQGPaUTxNDmUXfQjKg7KZP9qDDNFC7Vn0tG3eqztRKfQM4JAQPbp3Ad9K0W?filepath=/1759910307355609_Logo_iteach.jpg&digestValue=eyJsYW5ndWFnZSI6ImVuIn0=
5b2d1413-f3aa-4193-9e8a-317d40a3bb18,https://creatorapp.zohopublic.eu/globalschoolsforum/gsf-by-isaasi/report/All_Logos/214672000000488175/logo/download-file/PqOmg2d5D8bqw2r17u70bOOmG46BhA46zTUxjGfvgSQGPaUTxNDmUXfQjKg7KZP9qDDNFC7Vn0tG3eqztRKfQM4JAQPbp3Ad9K0W?filepath=/1759910306275715_Logo_silverleaf.png&digestValue=eyJsYW5ndWFnZSI6ImVuIn0=
5a579cb9-87a2-4fa6-8a58-51d4c680aaeb,https://creatorapp.zohopublic.eu/globalschoolsforum/gsf-by-isaasi/report/All_Logos/214672000000486203/logo/download-file/PqOmg2d5D8bqw2r17u70bOOmG46BhA46zTUxjGfvgSQGPaUTxNDmUXfQjKg7KZP9qDDNFC7Vn0tG3eqztRKfQM4JAQPbp3Ad9K0W?filepath=/1759910295510593_Street-Child-Logo-Large.jpeg&digestValue=eyJsYW5ndWFnZSI6ImVuIn0=
5544953b-d992-4091-b9ed-68c3c4abdf52,https://creatorapp.zohopublic.eu/globalschoolsforum/gsf-by-isaasi/report/All_Logos/214672000000486131/logo/download-file/PqOmg2d5D8bqw2r17u70bOOmG46BhA46zTUxjGfvgSQGPaUTxNDmUXfQjKg7KZP9qDDNFC7Vn0tG3eqztRKfQM4JAQPbp3Ad9K0W?filepath=/1759910253816889_Esperanza_Juvenil.jpg&digestValue=eyJsYW5ndWFnZSI6ImVuIn0=
541f7b57-553b-4470-93d7-e550573be4ba,https://creatorapp.zohopublic.eu/globalschoolsforum/gsf-by-isaasi/report/All_Logos/214672000000486047/logo/download-file/PqOmg2d5D8bqw2r17u70bOOmG46BhA46zTUxjGfvgSQGPaUTxNDmUXfQjKg7KZP9qDDNFC7Vn0tG3eqztRKfQM4JAQPbp3Ad9K0W?filepath=/1759910175964551_Your_Faith_International_School_-_logo.jpg&digestValue=eyJsYW5ndWFnZSI6ImVuIn0=
53e0959d-d338-45a7-b252-3ed5c5808421,https://creatorapp.zohopublic.eu/globalschoolsforum/gsf-by-isaasi/report/All_Logos/214672000000488055/logo/download-file/PqOmg2d5D8bqw2r17u70bOOmG46BhA46zTUxjGfvgSQGPaUTxNDmUXfQjKg7KZP9qDDNFC7Vn0tG3eqztRKfQM4JAQPbp3Ad9K0W?filepath=/1759910175008802_Mobile_Creches_Logo.jpeg&digestValue=eyJsYW5ndWFnZSI6ImVuIn0=
4e146483-6532-4c3e-8e60-c6e1ba59ab87,https://creatorapp.zohopublic.eu/globalschoolsforum/gsf-by-isaasi/report/All_Logos/214672000000488203/logo/download-file/PqOmg2d5D8bqw2r17u70bOOmG46BhA46zTUxjGfvgSQGPaUTxNDmUXfQjKg7KZP9qDDNFC7Vn0tG3eqztRKfQM4JAQPbp3Ad9K0W?filepath=/1759910334279170_Akanksha_300x150.png&digestValue=eyJsYW5ndWFnZSI6ImVuIn0=
4830b5a0-aa21-442b-bd98-e9a611f98bfc,https://creatorapp.zohopublic.eu/globalschoolsforum/gsf-by-isaasi/report/All_Logos/214672000000493027/logo/download-file/PqOmg2d5D8bqw2r17u70bOOmG46BhA46zTUxjGfvgSQGPaUTxNDmUXfQjKg7KZP9qDDNFC7Vn0tG3eqztRKfQM4JAQPbp3Ad9K0W?filepath=/1759910151012121_Planting_seeds_logo.jpg&digestValue=eyJsYW5ndWFnZSI6ImVuIn0=
460ea07d-0c76-49f3-82da-9626125e0a44,https://creatorapp.zohopublic.eu/globalschoolsforum/gsf-by-isaasi/report/All_Logos/214672000000486211/logo/download-file/PqOmg2d5D8bqw2r17u70bOOmG46BhA46zTUxjGfvgSQGPaUTxNDmUXfQjKg7KZP9qDDNFC7Vn0tG3eqztRKfQM4JAQPbp3Ad9K0W?filepath=/1759910304208825_Logo_Christel_House_1_.jpg&digestValue=eyJsYW5ndWFnZSI6ImVuIn0=
45687629-ac87-476f-9c4c-99cb892aef14,https://creatorapp.zohopublic.eu/globalschoolsforum/gsf-by-isaasi/report/All_Logos/214672000000483243/logo/download-file/PqOmg2d5D8bqw2r17u70bOOmG46BhA46zTUxjGfvgSQGPaUTxNDmUXfQjKg7KZP9qDDNFC7Vn0tG3eqztRKfQM4JAQPbp3Ad9K0W?filepath=/1759910299794385_Nova_logo.png&digestValue=eyJsYW5ndWFnZSI6ImVuIn0=
3ff8507f-dca2-462d-82dd-39ebf0229d01,https://creatorapp.zohopublic.eu/globalschoolsforum/gsf-by-isaasi/report/All_Logos/214672000000488091/logo/download-file/PqOmg2d5D8bqw2r17u70bOOmG46BhA46zTUxjGfvgSQGPaUTxNDmUXfQjKg7KZP9qDDNFC7Vn0tG3eqztRKfQM4JAQPbp3Ad9K0W?filepath=/1759910233719127_Education_Bridge_-_logo.png&digestValue=eyJsYW5ndWFnZSI6ImVuIn0=
3ee7ddc9-7a87-4247-b9f5-efb0d784d2a7,https://creatorapp.zohopublic.eu/globalschoolsforum/gsf-by-isaasi/report/All_Logos/214672000000490147/logo/download-file/PqOmg2d5D8bqw2r17u70bOOmG46BhA46zTUxjGfvgSQGPaUTxNDmUXfQjKg7KZP9qDDNFC7Vn0tG3eqztRKfQM4JAQPbp3Ad9K0W?filepath=/1759910330384704_Indus_300x150.png&digestValue=eyJsYW5ndWFnZSI6ImVuIn0=
3b4cf2ca-3f90-461c-bb68-6b027cbc749c,https://creatorapp.zohopublic.eu/globalschoolsforum/gsf-by-isaasi/report/All_Logos/214672000000483271/logo/download-file/PqOmg2d5D8bqw2r17u70bOOmG46BhA46zTUxjGfvgSQGPaUTxNDmUXfQjKg7KZP9qDDNFC7Vn0tG3eqztRKfQM4JAQPbp3Ad9K0W?filepath=/1759584173467813_aeiotu.png&digestValue=eyJsYW5ndWFnZSI6ImVuIn0=
3aa8e9ed-daba-4b89-ae93-7654ddcd21e6,https://creatorapp.zohopublic.eu/globalschoolsforum/gsf-by-isaasi/report/All_Logos/214672000000490143/logo/download-file/PqOmg2d5D8bqw2r17u70bOOmG46BhA46zTUxjGfvgSQGPaUTxNDmUXfQjKg7KZP9qDDNFC7Vn0tG3eqztRKfQM4JAQPbp3Ad9K0W?filepath=/1759910312042142_Lekki_logo.jpg&digestValue=eyJsYW5ndWFnZSI6ImVuIn0=
3a083f8f-99b2-4e05-9347-9318a28103d1,https://creatorapp.zohopublic.eu/globalschoolsforum/gsf-by-isaasi/report/All_Logos/214672000000486195/logo/download-file/PqOmg2d5D8bqw2r17u70bOOmG46BhA46zTUxjGfvgSQGPaUTxNDmUXfQjKg7KZP9qDDNFC7Vn0tG3eqztRKfQM4JAQPbp3Ad9K0W?filepath=/1759910292316565_UWS_300x150.png&digestValue=eyJsYW5ndWFnZSI6ImVuIn0=
2f4df8cb-c7d4-4ba1-bb0c-c69b80d28a30,https://creatorapp.zohopublic.eu/globalschoolsforum/gsf-by-isaasi/report/All_Logos/214672000000490031/logo/download-file/PqOmg2d5D8bqw2r17u70bOOmG46BhA46zTUxjGfvgSQGPaUTxNDmUXfQjKg7KZP9qDDNFC7Vn0tG3eqztRKfQM4JAQPbp3Ad9K0W?filepath=/1759910197831836_Lotus_Flower_Community_School_logo.jpg&digestValue=eyJsYW5ndWFnZSI6ImVuIn0=
2df34aa2-1c87-4c13-a2f4-7eb07d1634f2,https://creatorapp.zohopublic.eu/globalschoolsforum/gsf-by-isaasi/report/All_Logos/214672000000490151/logo/download-file/PqOmg2d5D8bqw2r17u70bOOmG46BhA46zTUxjGfvgSQGPaUTxNDmUXfQjKg7KZP9qDDNFC7Vn0tG3eqztRKfQM4JAQPbp3Ad9K0W?filepath=/1759910333717435_APEC_Logo.png&digestValue=eyJsYW5ndWFnZSI6ImVuIn0=
2d2939bd-bfaf-4f1c-9d38-0131d2472d7e,https://creatorapp.zohopublic.eu/globalschoolsforum/gsf-by-isaasi/report/All_Logos/214672000000497003/logo/download-file/PqOmg2d5D8bqw2r17u70bOOmG46BhA46zTUxjGfvgSQGPaUTxNDmUXfQjKg7KZP9qDDNFC7Vn0tG3eqztRKfQM4JAQPbp3Ad9K0W?filepath=/1759910133963524_Apex_Education.jpg&digestValue=eyJsYW5ndWFnZSI6ImVuIn0=
29296924-8a32-43fd-978b-797c35a4214c,https://creatorapp.zohopublic.eu/globalschoolsforum/gsf-by-isaasi/report/All_Logos/214672000000496015/logo/download-file/PqOmg2d5D8bqw2r17u70bOOmG46BhA46zTUxjGfvgSQGPaUTxNDmUXfQjKg7KZP9qDDNFC7Vn0tG3eqztRKfQM4JAQPbp3Ad9K0W?filepath=/1759910142846775_Kgololo_Logo.jpeg&digestValue=eyJsYW5ndWFnZSI6ImVuIn0=
2354cb56-1b08-40e3-b903-dbc1a92a7768,https://creatorapp.zohopublic.eu/globalschoolsforum/gsf-by-isaasi/report/All_Logos/214672000000494015/logo/download-file/PqOmg2d5D8bqw2r17u70bOOmG46BhA46zTUxjGfvgSQGPaUTxNDmUXfQjKg7KZP9qDDNFC7Vn0tG3eqztRKfQM4JAQPbp3Ad9K0W?filepath=/1759910146061944_Standard_of_Excellence_in_Education_and_Development.jpg&digestValue=eyJsYW5ndWFnZSI6ImVuIn0=
1faa33a3-505c-4483-8c57-c2c2e4f9100c,https://creatorapp.zohopublic.eu/globalschoolsforum/gsf-by-isaasi/report/All_Logos/214672000000483155/logo/download-file/PqOmg2d5D8bqw2r17u70bOOmG46BhA46zTUxjGfvgSQGPaUTxNDmUXfQjKg7KZP9qDDNFC7Vn0tG3eqztRKfQM4JAQPbp3Ad9K0W?filepath=/1759910253117438_Impact_NEW_logo.png&digestValue=eyJsYW5ndWFnZSI6ImVuIn0=
10c02b2a-ae21-4b09-8754-a5e23b81abc8,https://creatorapp.zohopublic.eu/globalschoolsforum/gsf-by-isaasi/report/All_Logos/214672000000486187/logo/download-file/PqOmg2d5D8bqw2r17u70bOOmG46BhA46zTUxjGfvgSQGPaUTxNDmUXfQjKg7KZP9qDDNFC7Vn0tG3eqztRKfQM4JAQPbp3Ad9K0W?filepath=/1759910284754332_SER__1_.jpg&digestValue=eyJsYW5ndWFnZSI6ImVuIn0=
10658304-b4fd-4b0f-9917-387206cbc653,https://creatorapp.zohopublic.eu/globalschoolsforum/gsf-by-isaasi/report/All_Logos/214672000000490123/logo/download-file/PqOmg2d5D8bqw2r17u70bOOmG46BhA46zTUxjGfvgSQGPaUTxNDmUXfQjKg7KZP9qDDNFC7Vn0tG3eqztRKfQM4JAQPbp3Ad9K0W?filepath=/1759910300290462_New_logo_schole.png&digestValue=eyJsYW5ndWFnZSI6ImVuIn0=
0a8778dd-a98d-4085-9d24-9f6041c2d2d1,https://creatorapp.zohopublic.eu/globalschoolsforum/gsf-by-isaasi/report/All_Logos/214672000000488147/logo/download-file/PqOmg2d5D8bqw2r17u70bOOmG46BhA46zTUxjGfvgSQGPaUTxNDmUXfQjKg7KZP9qDDNFC7Vn0tG3eqztRKfQM4JAQPbp3Ad9K0W?filepath=/1759910285239994_Smart_Start_logo_website.png&digestValue=eyJsYW5ndWFnZSI6ImVuIn0=
09d4db9c-04a1-4a75-a74a-a2724d055d2d,https://creatorapp.zohopublic.eu/globalschoolsforum/gsf-by-isaasi/report/All_Logos/214672000000488079/logo/download-file/PqOmg2d5D8bqw2r17u70bOOmG46BhA46zTUxjGfvgSQGPaUTxNDmUXfQjKg7KZP9qDDNFC7Vn0tG3eqztRKfQM4JAQPbp3Ad9K0W?filepath=/1759910211465885_Logo__4_.png&digestValue=eyJsYW5ndWFnZSI6ImVuIn0=
03e49170-0933-434c-86a1-5ee9e01d7301,https://creatorapp.zohopublic.eu/globalschoolsforum/gsf-by-isaasi/report/All_Logos/214672000000488183/logo/download-file/PqOmg2d5D8bqw2r17u70bOOmG46BhA46zTUxjGfvgSQGPaUTxNDmUXfQjKg7KZP9qDDNFC7Vn0tG3eqztRKfQM4JAQPbp3Ad9K0W?filepath=/1759910312751835_LEAP_Logo.png&digestValue=eyJsYW5ndWFnZSI6ImVuIn0=