uuid,Issue date
09ae3662-39b3-4b83-bbf1-b9cded58e0d1,05.06.25
359ec121-ac75-4132-ad86-3aac48fe17cc,05.03.26
35a1941b-07f8-4049-9392-ad67950d570e,05.06.25
3715e678-4a92-4858-b3cb-10ee67b3ba37,05.06.25
500a6f3f-33d5-40dc-8fbb-0169a5f0ba9d,07.03.25
529bed00-e201-40e8-b752-a77f48a6b3fc,05.06.25
52e6c808-7fdd-473a-8b64-5a65a085ea13,05.06.25
6ce10be5-f384-4b0e-9bf5-394050207910,12.09.25
71e6d0ed-4b50-4445-842d-eb8bd94c2ade,04.09.25
7294352e-31d8-41c6-9dcb-69a0d6e198e3,27.03.25
85e97f25-fb53-48ba-987a-fce8cd0d151e,30.01.26
8b26062c-842c-49b4-8aff-fa8e0cfd3f08,12.05.25
a4ec4030-e85a-4fcb-9283-d81647de61cb,26.03.26
a6369b53-7eee-4808-9481-950a9aac97a6,07.03.25
b637ee18-dcf4-4e07-8ed8-5f16f5b8e084,23.04.26
baf5605c-9cfc-48b6-b4b6-ea7d02da13fd,04.09.25
d0cb6042-fff1-4a8b-a063-5843f68bd1a9,01.10.25
d7c754aa-9bc7-4cf9-b72b-88dd93166e60,30.01.26
e1563cdc-b460-45e8-8568-d6069765be7a,24.03.25
f16505e7-3516-453c-af34-f3b9818b1f5a,05.03.26
f309063f-ad4b-48ba-b56c-718fc4d67270,23.04.26
f7257523-7658-4e08-b893-f06c8a13fbf1,04.09.25
faba21f2-ceb5-4b8c-97c2-323b9b31c1af,27.03.25
fe9a3b95-d1a2-4274-9b66-b2eb9aae47c7,24.03.25
6ddd7c1b-8b73-4cd7-8b50-3993804402f8,30.01.26
8ffdf8ff-6963-4996-be04-c9a4b6a73f47,30.01.26
04782b1a-172c-4fe2-af01-00a477ddaf52,28.03.25
086324a3-24e2-4d59-872d-3e9ebf3144fe,28.03.25
43024388-aad4-4225-ba09-6432dd5bf4eb,28.03.25
90a7a97b-48f4-401d-9372-3c3a9898015e,28.03.25
9129a836-dd8b-4d95-a65e-ffc165b9e92d,28.03.25
a549a4bd-cbd5-491f-824c-4db2904e18e1,28.03.25
bce57e90-5bbd-492c-8f92-f3edfa87f645,28.03.25
f7074eb8-9971-4c90-8e05-3021c86b2204,28.03.25
fafe360c-eded-4851-8e97-a8d401b80189,28.03.25
34e33595-60b0-432d-b2dc-a61ea826e730,27.03.25
1d87ec45-0689-4bc5-b4b0-d308a2e3fca6,26.06.25
26dc65aa-d3c0-491e-9b05-584c75bf17a2,26.06.25
274b2e11-39f6-49f4-bf57-c3dabd8a640b,26.06.25
2ae69f1a-ebb1-4a62-9ba6-52e24b5f6371,26.06.25
3652a717-d648-4c9b-a05f-7f4d30a5c7a7,26.06.25
3ceeae4c-f4d5-4b54-b681-a9173e18f211,26.06.25
424e02a3-0f64-4bf7-a8cc-a9f3db7f6ac3,26.06.25
42e0c901-6926-454d-b166-53fecafc38da,26.06.25
73fef42c-2349-4ed9-9f0a-918ededace6f,26.06.25
7667faa3-3097-47a1-9632-c58044e0a6d9,26.06.25
918ec1df-57bd-4953-8cd2-ad88cfd5ea3c,26.06.25
a8434142-59cc-4e25-8de8-6d9c11a1799c,26.06.25
ae621e51-3935-4917-85d5-aeb11999eb82,26.06.25
b2698d8a-0c81-431a-8b8e-bd37afbe28d2,26.06.25
b8e1735f-8706-49d6-983f-2fc5ce582499,26.06.25
c802d8d5-26a2-428d-bc6e-905f2ce8e587,26.06.25
d9cdba3a-dd0d-4476-9196-66451441d461,26.06.25
dc0713c8-7668-4ae8-aad7-1b206f35f599,26.06.25
063040d5-d190-4e67-8c89-bc359c3fe12a,26.03.26
084e68c8-b276-4fcf-a37f-6ab5c1a3206a,26.03.26
102a3c5d-63c3-4e3a-bc4e-dda6b3061cce,26.03.26
1485740c-ef22-4011-8230-386012af1039,26.03.26
23db386d-7285-4a94-9bbc-dd7b4fc734bc,26.03.26
581f1201-4076-4e80-9d94-ada23c6dcefd,26.03.26
74555040-32f6-40c3-92e7-3d3e99d0e2d8,26.03.26
75a2b002-bf47-48eb-9f31-43e2d2d03209,26.03.26
826b7e8e-c101-4f8b-8da8-269e5718f133,26.03.26
97c87050-31dc-4f88-8715-eb299e07779f,26.03.26
9fa89b94-5753-45e8-98b4-40ba80d1ad21,26.03.26
a6998919-55fd-4710-b0c7-4b1fb5a25021,26.03.26
b6bba2c5-97e9-4732-b65e-7836075b1e6e,26.03.26
b736b6c1-742d-4d5f-9bf5-2b633175bc65,26.03.26
b7aecc24-2562-4b56-85fe-87aceda4c882,26.03.26
b7c9ac38-ea84-4b4c-9111-6bb0868983f8,26.03.26
c22ca1f3-374f-4947-bb5c-dec7eeffc925,26.03.26
c4f9d9ed-c40c-41d2-9a18-6aa58deb4174,26.03.26
cd106e2e-54cf-44b5-a7ba-f44d871bdf7b,26.03.26
cf7eb854-7912-4c2c-872a-dde655412878,26.03.26
d0959d0e-97b7-430d-8f5b-48b140f970ea,26.03.26
d3aae5a5-dff3-498c-99d2-0bb390b75974,26.03.26
f235eb9a-075b-47c0-98ad-173d2025e120,26.03.26
f2d47ca2-fe2b-4906-9a02-e47e4ab0505d,26.03.26
ff4234f1-4fa6-467b-887c-0d9f5f139070,26.03.26
1c9647ec-3adf-4cad-9186-a81f2c54d6ae,24.03.25
31ace38b-58dc-4a6b-9ac8-f63f12861717,24.03.25
43f34af3-9cd2-489f-a5a5-285e20c62a9e,24.03.25
48ee53b2-7385-4141-a3c1-29d676bb42bd,24.03.25
54989584-f769-462b-9acc-794e706a8149,24.03.25
66d91099-b6f4-4371-8f27-2a562559a13b,24.03.25
6a9d1422-ee4e-4c84-9636-dc817b7d04db,24.03.25
75a04599-1a8b-4ffa-ba1f-9afcf3e8cf6a,24.03.25
7e8bbff5-8589-4fa7-ac73-dc2af7b11462,24.03.25
ae636eac-7bec-4686-8c2c-88d4520a6a46,24.03.25
b847a94a-3d56-4502-a56f-8a8443069c04,24.03.25
da8cad68-413c-423c-b3a7-dd0d2dad7ea0,24.03.25
3909a543-8217-4211-87fd-2a4495f0a716,23.04.26
53644e88-9d5b-49fc-8d34-f5a55d0c8a63,23.04.26
67feebf9-ee1a-4a77-97f4-6f26a768aa43,23.04.26
6f7292d9-0b88-4027-bd87-a728f259f501,23.04.26
81785b71-9384-4b10-b517-c522f6fd9bb8,23.04.26
95db579f-da73-4ba3-bc46-a6a0c06c1050,23.04.26
9ce25ee6-4b89-4491-85e8-18b69357b879,23.04.26
a2a40849-36d0-4bb7-810e-caa643b6f806,23.04.26
b0567dc1-56ea-457c-b6ab-796de715995b,23.04.26
b8650ae5-a886-4369-943f-32dde39edddc,23.04.26
c0a376a5-8877-4273-ba37-87528ee8825e,23.04.26
c7f218dd-b0c3-46bd-aee5-baafe7d7fd53,23.04.26
d4189b79-56af-49ce-bfec-fc910cfa2909,23.04.26
dea40d7b-85dc-4c90-a36e-534b5dd18826,23.04.26
ec12dc80-a410-4bf0-a7a4-b1f59984c877,23.04.26
ff04a4c0-5575-469c-91c6-f4423db394ee,23.04.26
00ffa0f5-484a-4702-b624-b54842341b88,14.05.26
05b26d28-007f-4bd3-b796-e3731b10ab37,14.05.26
162d297a-8dfb-42df-957b-cf896db125e9,14.05.26
1642e32a-9620-4050-ae49-53515ee81780,14.05.26
26152834-76d5-4629-bc65-11720d0cb475,14.05.26
293dc6ce-75d4-4292-bc35-241e77eda801,14.05.26
2b074ded-f3fc-4795-a7a6-6379fee02071,14.05.26
47ebe7d2-6c97-4ac5-9338-b542a1123bad,14.05.26
56202101-f94b-43d4-9736-523a885710e8,14.05.26
648dcf77-f1f0-466d-9999-b6c40a0dd9bf,14.05.26
6596ef2d-dbd4-494b-ae13-56d2a7dba78e,14.05.26
8635503b-cb97-40a4-87c2-db756a9793a9,14.05.26
872e53a0-a48d-4641-8d49-d90d075491d3,14.05.26
8ad628ad-567b-43df-af8b-5231f4f4c337,14.05.26
983aa947-5974-444a-ae3a-29ff341c2fbe,14.05.26
b90eba4f-6f31-4529-8751-2007c59886b4,14.05.26
c0d3ae6c-7ba5-4b67-9edc-5253517095aa,14.05.26
c305f3bc-43f8-4491-92ba-30e0d36b8e37,14.05.26
db1417c2-aa13-4152-a203-3949f9bad23b,14.05.26
fd708289-1ae6-4f58-a14c-3e56b31cccd8,14.05.26
de0ca6fa-998c-4ab2-8350-41bef15e98d5,12.09.25
0b3cccac-4870-4122-9087-cd20612c373b,12.05.25
0e2e9d23-7b12-4643-8d9e-de2db52a5917,12.05.25
105c103d-f590-4643-b230-c11268e0c16b,12.05.25
194aca66-10bf-47ad-9c15-43d78ebce49a,12.05.25
20ea003d-179f-445d-b7f3-3688e8bdde3f,12.05.25
24e03199-f324-44d7-ab9b-10b65105ad1d,12.05.25
279c4c2e-e7ea-415d-9710-915b88de781a,12.05.25
2ff79c94-8129-41af-a247-103ed153a027,12.05.25
41e3940f-8a7f-48e8-a03a-422a7189a61f,12.05.25
44ebd0c8-1670-4973-979f-36ebc6bd37f1,12.05.25
5d13cd70-cffd-4dfc-b8e9-3819059cc221,12.05.25
676606ee-cc15-4a2e-8864-f36973aac8ac,12.05.25
68dc790b-69fd-4feb-ba4d-214f9c26af8c,12.05.25
6ec790df-a051-4df8-85d3-41fc6cd359a6,12.05.25
75f3497b-0efb-42f4-a0cc-92191ebdc502,12.05.25
90af3731-03a1-4614-aa1a-fdefb540d80e,12.05.25
93205e09-74c7-4f7b-9cf3-6dd22f1cb186,12.05.25
acf93aa2-faa3-4f6c-b883-626bebd5cccd,12.05.25
b713466c-a608-454e-b093-61d0278924b2,12.05.25
b9d2a42b-3318-4e63-bb8e-02173a140f64,12.05.25
bf1d1a86-e539-4473-a2b8-4cba80d66d0a,12.05.25
c5c71fd9-0d04-4845-a4fa-27616a3bbf96,12.05.25
c8d4f5ef-b979-4455-92d0-fa013364fd44,12.05.25
e6057e50-d67d-4ff5-9086-69fc464d5969,12.05.25
ebf009b2-33cf-4e21-baa3-5bc1d69d2fe0,12.05.25
78ddc4f5-c43d-45fb-a809-bad199d172df,10.07.25
a18bc747-b5e8-4fe1-b6dc-049c6ada156d,10.07.25
8dd4aa50-c9d7-465d-aca6-635f4252dc77,07.05.26
92f13499-5890-4d68-8103-2d075436636b,07.03.25
0d3e2d9c-0ccf-4632-90e4-3c2906c3c886,06.05.26
b54ac2f0-31d2-4e01-8734-d5531d18f6a8,06.05.26
01948347-947a-43fa-b3f7-4bb2130e99f1,05.06.25
05685dbf-ea94-4fd6-92e7-2526dc4ea518,05.06.25
093eaec0-3416-48f5-9e83-a827ad87ccb5,05.06.25
17b1a0d8-2a73-4570-b60a-574bf859acbd,05.06.25
19792009-ce50-4dc5-b795-a7118126d298,05.06.25
1b1c75bf-ed9e-4146-91ce-8d49b72fa3cc,05.06.25
1ff3f796-969c-4483-b81d-556cfa3df54f,05.06.25
37b0a534-e620-4c59-a72f-668040d87b33,05.06.25
44a11369-d795-47e3-9141-f63801c4266c,05.06.25
46058abd-17fd-4fdf-8c46-dce1108c2a53,05.06.25
4960ddab-6c65-49a5-a34f-c25707026bed,05.06.25
4fadba4a-4206-49fd-a143-2448209bf7fb,05.06.25
6e9c1b65-ccf0-4297-a043-328b01f5f002,05.06.25
74a68937-32a5-4b16-a51c-f0259a66f882,05.06.25
82d85db0-e605-4945-85b5-236b7b7d9fc9,05.06.25
87c36392-4366-476c-84ad-34edea111cbc,05.06.25
8f702ece-244f-4ce8-b097-f9b25777e321,05.06.25
97db1fea-f3e2-4540-afe3-5da0cd3012a8,05.06.25
a3c117f3-14df-4fde-bf7d-22e0d425d974,05.06.25
a80db7a7-df03-4f26-a253-e10a8af56298,05.06.25
a9af9d54-1d97-4cab-a0be-dd26bd64c5d8,05.06.25
ae7f7335-713b-4049-a511-3413aa824bf8,05.06.25
b81b697e-e1dd-46ed-a750-719c3baa0613,05.06.25
b896a1e1-b114-493d-8537-8ce11f9f1102,05.06.25
bba7dc02-a348-4bd9-8cbc-fead39a43712,05.06.25
c2aef0b9-7378-431e-88cf-4dee8990088f,05.06.25
c73b15a3-6e7b-4f2f-959d-c818ba14aa56,05.06.25
cd03021e-22d5-4def-9df4-a3f9036d5cc4,05.06.25
ce672953-bac9-4f2b-a4a8-c305d9809c1c,05.06.25
e3e38ded-68bf-4efc-af81-1e74b5f6eeb7,05.06.25
e5ebd0b3-b7c3-4be6-8c05-ad8bd7173f83,05.06.25
ebd1760d-7af8-4faf-b488-cb6cb473f603,05.06.25
f259fbc2-5a80-4de7-8181-72d8fa1898e6,05.06.25
f34220cd-67f4-4192-9a87-05578fb0d83c,05.06.25
fa08d909-067d-4d4a-8135-962dd94778ef,05.06.25
ff9176a6-c50f-4f78-8c6c-100b276de19d,05.06.25
cdac04fa-eabd-4c9b-b44f-f9deecc67f8c,05.03.26
dea522aa-3a3c-4a3a-a0e0-820b7812076a,05.03.26
19d80922-ca7d-4ea2-8c4b-06429461c025,04.12.25
b5076217-f986-492b-8722-2b1a257e9626,04.12.25
7e251b3b-ed49-4a7a-bdbd-994463d20543,04.09.25
91b22c75-8382-43a9-9fa7-90160884e245,04.09.25
b4486a45-e31d-4398-a37c-2e2b78e798e3,04.09.25
28721e21-bac9-432f-bca5-0aa3c2710115,04.04.25
f00c99f3-0f61-458e-b30b-2236ea551ad6,04.04.25
00ba153a-3bb6-44a5-847e-dce969d79f82,01.10.25
022459ce-bff3-4c06-aca3-032fd38355ca,01.10.25
0df57502-4e7f-4532-92a2-93ed82c09da7,01.10.25
12cf0a83-9275-493a-b253-8d5950c00dd5,01.10.25
1df7b2e0-685c-4ddd-87d7-a7d325f552f8,01.10.25
29ecd042-4cae-4346-a4fb-13f2725883fe,01.10.25
34a33064-6a1b-4388-970c-527ed49ed6ea,01.10.25
4d1b4a8d-cd5a-4471-b6dd-4468e9c7bd2d,01.10.25
7001aeed-588b-4f72-8fa6-b91b8bd3a07f,01.10.25
7b3fbff3-8c75-440c-a845-ba73ca0a1018,01.10.25
7e4d314a-1aa1-412f-a965-5c1f81779c7b,01.10.25
92cfbe62-ad16-4656-be2f-f83883e0921c,01.10.25
b780794e-5dc7-408d-94f4-37f5c72102ca,01.10.25
ba33080e-680a-4f12-a0d8-9a789b7d6346,01.10.25
bb63952e-cb8e-4cbc-8d16-cd5b9400f5e0,01.10.25
d27666e9-a596-4a9d-9b8c-5b819bd87d0c,01.10.25
d93f8c60-a5a0-4c58-ab60-d2c72df49057,01.10.25
dcc07094-6f51-4531-b600-aa1fd30b7dbc,01.10.25
dd883b2e-ddbf-4995-8bc2-d9e77dd9427f,01.10.25
e31efa74-0a15-4cdd-90e0-77b24a10895a,01.10.25
e5723ffc-695a-48c1-96a4-5efd8852c349,01.10.25
eef68974-27a3-48f4-a1d7-92ec1ae0d98c,01.10.25
efc22108-cba2-444e-a013-3300ab4a2c68,01.10.25